physpreset,book
physpreset,p7_bottle_glass_liquor_03
xanim,ai_zombie_base_ad_attack_v1
xanim,ai_zombie_base_ad_attack_v2
xanim,ai_zombie_base_ad_attack_v3
xanim,ai_zombie_base_ad_attack_v4
xanim,ai_zombie_base_au_attack_v1
xanim,ai_zombie_base_au_attack_v2
xanim,ai_zombie_base_au_attack_v3
xanim,ai_zombie_base_au_attack_v4
xanim,ai_zombie_base_boardtear_aligned_l_1_grab
xanim,ai_zombie_base_boardtear_aligned_l_1_hold
xanim,ai_zombie_base_boardtear_aligned_l_1_pull
xanim,ai_zombie_base_boardtear_aligned_l_2_grab
xanim,ai_zombie_base_boardtear_aligned_l_2_hold
xanim,ai_zombie_base_boardtear_aligned_l_2_pull
xanim,ai_zombie_base_boardtear_aligned_l_3_grab
xanim,ai_zombie_base_boardtear_aligned_l_3_hold
xanim,ai_zombie_base_boardtear_aligned_l_3_pull
xanim,ai_zombie_base_boardtear_aligned_l_4_grab
xanim,ai_zombie_base_boardtear_aligned_l_4_hold
xanim,ai_zombie_base_boardtear_aligned_l_4_pull
xanim,ai_zombie_base_boardtear_aligned_l_5_grab
xanim,ai_zombie_base_boardtear_aligned_l_5_hold
xanim,ai_zombie_base_boardtear_aligned_l_5_pull
xanim,ai_zombie_base_boardtear_aligned_l_6_grab
xanim,ai_zombie_base_boardtear_aligned_l_6_hold
xanim,ai_zombie_base_boardtear_aligned_l_6_pull
xanim,ai_zombie_base_boardtear_aligned_m_1_grab
xanim,ai_zombie_base_boardtear_aligned_m_1_hold
xanim,ai_zombie_base_boardtear_aligned_m_1_pull
xanim,ai_zombie_base_boardtear_aligned_m_2_grab
xanim,ai_zombie_base_boardtear_aligned_m_2_hold
xanim,ai_zombie_base_boardtear_aligned_m_2_pull
xanim,ai_zombie_base_boardtear_aligned_m_3_grab
xanim,ai_zombie_base_boardtear_aligned_m_3_hold
xanim,ai_zombie_base_boardtear_aligned_m_3_pull
xanim,ai_zombie_base_boardtear_aligned_m_4_grab
xanim,ai_zombie_base_boardtear_aligned_m_4_hold
xanim,ai_zombie_base_boardtear_aligned_m_4_pull
xanim,ai_zombie_base_boardtear_aligned_m_5_grab
xanim,ai_zombie_base_boardtear_aligned_m_5_hold
xanim,ai_zombie_base_boardtear_aligned_m_5_pull
xanim,ai_zombie_base_boardtear_aligned_m_6_grab
xanim,ai_zombie_base_boardtear_aligned_m_6_hold
xanim,ai_zombie_base_boardtear_aligned_m_6_pull
xanim,ai_zombie_base_boardtear_aligned_r_1_grab
xanim,ai_zombie_base_boardtear_aligned_r_1_hold
xanim,ai_zombie_base_boardtear_aligned_r_1_pull
xanim,ai_zombie_base_boardtear_aligned_r_2_grab
xanim,ai_zombie_base_boardtear_aligned_r_2_hold
xanim,ai_zombie_base_boardtear_aligned_r_2_pull
xanim,ai_zombie_base_boardtear_aligned_r_3_grab
xanim,ai_zombie_base_boardtear_aligned_r_3_hold
xanim,ai_zombie_base_boardtear_aligned_r_3_pull
xanim,ai_zombie_base_boardtear_aligned_r_4_grab
xanim,ai_zombie_base_boardtear_aligned_r_4_hold
xanim,ai_zombie_base_boardtear_aligned_r_4_pull
xanim,ai_zombie_base_boardtear_aligned_r_5_grab
xanim,ai_zombie_base_boardtear_aligned_r_5_hold
xanim,ai_zombie_base_boardtear_aligned_r_5_pull
xanim,ai_zombie_base_boardtear_aligned_r_6_grab
xanim,ai_zombie_base_boardtear_aligned_r_6_hold
xanim,ai_zombie_base_boardtear_aligned_r_6_pull
xanim,ai_zombie_base_crawl_attack_v1
xanim,ai_zombie_base_crawl_attack_v2
xanim,ai_zombie_base_crawl_boardtear_aligned_l_1_grab
xanim,ai_zombie_base_crawl_boardtear_aligned_l_1_hold
xanim,ai_zombie_base_crawl_boardtear_aligned_l_1_pull
xanim,ai_zombie_base_crawl_boardtear_aligned_l_2_grab
xanim,ai_zombie_base_crawl_boardtear_aligned_l_2_hold
xanim,ai_zombie_base_crawl_boardtear_aligned_l_2_pull
xanim,ai_zombie_base_crawl_boardtear_aligned_l_3_grab
xanim,ai_zombie_base_crawl_boardtear_aligned_l_3_hold
xanim,ai_zombie_base_crawl_boardtear_aligned_l_3_pull
xanim,ai_zombie_base_crawl_boardtear_aligned_l_4_grab
xanim,ai_zombie_base_crawl_boardtear_aligned_l_4_hold
xanim,ai_zombie_base_crawl_boardtear_aligned_l_4_pull
xanim,ai_zombie_base_crawl_boardtear_aligned_l_5_grab
xanim,ai_zombie_base_crawl_boardtear_aligned_l_5_hold
xanim,ai_zombie_base_crawl_boardtear_aligned_l_5_pull
xanim,ai_zombie_base_crawl_boardtear_aligned_l_6_grab
xanim,ai_zombie_base_crawl_boardtear_aligned_l_6_hold
xanim,ai_zombie_base_crawl_boardtear_aligned_l_6_pull
xanim,ai_zombie_base_crawl_boardtear_aligned_m_1_grab
xanim,ai_zombie_base_crawl_boardtear_aligned_m_1_hold
xanim,ai_zombie_base_crawl_boardtear_aligned_m_1_pull
xanim,ai_zombie_base_crawl_boardtear_aligned_m_2_grab
xanim,ai_zombie_base_crawl_boardtear_aligned_m_2_hold
xanim,ai_zombie_base_crawl_boardtear_aligned_m_2_pull
xanim,ai_zombie_base_crawl_boardtear_aligned_m_3_grab
xanim,ai_zombie_base_crawl_boardtear_aligned_m_3_hold
xanim,ai_zombie_base_crawl_boardtear_aligned_m_3_pull
xanim,ai_zombie_base_crawl_boardtear_aligned_m_4_grab
xanim,ai_zombie_base_crawl_boardtear_aligned_m_4_hold
xanim,ai_zombie_base_crawl_boardtear_aligned_m_4_pull
xanim,ai_zombie_base_crawl_boardtear_aligned_m_5_grab
xanim,ai_zombie_base_crawl_boardtear_aligned_m_5_hold
xanim,ai_zombie_base_crawl_boardtear_aligned_m_5_pull
xanim,ai_zombie_base_crawl_boardtear_aligned_m_6_grab
xanim,ai_zombie_base_crawl_boardtear_aligned_m_6_hold
xanim,ai_zombie_base_crawl_boardtear_aligned_m_6_pull
xanim,ai_zombie_base_crawl_boardtear_aligned_r_1_grab
xanim,ai_zombie_base_crawl_boardtear_aligned_r_1_hold
xanim,ai_zombie_base_crawl_boardtear_aligned_r_1_pull
xanim,ai_zombie_base_crawl_boardtear_aligned_r_2_grab
xanim,ai_zombie_base_crawl_boardtear_aligned_r_2_hold
xanim,ai_zombie_base_crawl_boardtear_aligned_r_2_pull
xanim,ai_zombie_base_crawl_boardtear_aligned_r_3_grab
xanim,ai_zombie_base_crawl_boardtear_aligned_r_3_hold
xanim,ai_zombie_base_crawl_boardtear_aligned_r_3_pull
xanim,ai_zombie_base_crawl_boardtear_aligned_r_4_grab
xanim,ai_zombie_base_crawl_boardtear_aligned_r_4_hold
xanim,ai_zombie_base_crawl_boardtear_aligned_r_4_pull
xanim,ai_zombie_base_crawl_boardtear_aligned_r_5_grab
xanim,ai_zombie_base_crawl_boardtear_aligned_r_5_hold
xanim,ai_zombie_base_crawl_boardtear_aligned_r_5_pull
xanim,ai_zombie_base_crawl_boardtear_aligned_r_6_grab
xanim,ai_zombie_base_crawl_boardtear_aligned_r_6_hold
xanim,ai_zombie_base_crawl_boardtear_aligned_r_6_pull
xanim,ai_zombie_base_crawl_death_v1
xanim,ai_zombie_base_crawl_death_v2
xanim,ai_zombie_base_crawl_dth_tesla_a
xanim,ai_zombie_base_crawl_dth_tesla_b
xanim,ai_zombie_base_crawl_idle_v1
xanim,ai_zombie_base_crawl_run_win_trav_l_v1
xanim,ai_zombie_base_crawl_run_win_trav_r_v1
xanim,ai_zombie_base_crawl_sprint_v1
xanim,ai_zombie_base_crawl_sprint_v2
xanim,ai_zombie_base_crawl_sprint_v3
xanim,ai_zombie_base_crawl_sprint_win_trav_l_v1
xanim,ai_zombie_base_crawl_sprint_win_trav_r_v1
xanim,ai_zombie_base_crawl_v1
xanim,ai_zombie_base_crawl_v2
xanim,ai_zombie_base_crawl_v3
xanim,ai_zombie_base_crawl_v4
xanim,ai_zombie_base_crawl_v5
xanim,ai_zombie_base_crawl_win_trav_l_v1
xanim,ai_zombie_base_crawl_win_trav_m_v1
xanim,ai_zombie_base_crawl_win_trav_m_v2
xanim,ai_zombie_base_crawl_win_trav_r_v1
xanim,ai_zombie_base_death_v1
xanim,ai_zombie_base_death_v2
xanim,ai_zombie_base_death_v3
xanim,ai_zombie_base_dth_tesla_a
xanim,ai_zombie_base_dth_tesla_b
xanim,ai_zombie_base_dth_tesla_c
xanim,ai_zombie_base_dth_tesla_d
xanim,ai_zombie_base_fast_sprint_01
xanim,ai_zombie_base_fast_sprint_01_pain_chest_f
xanim,ai_zombie_base_fast_sprint_01_pain_chest_f_alt
xanim,ai_zombie_base_fast_sprint_02
xanim,ai_zombie_base_fast_sprint_02_pain_chest_f
xanim,ai_zombie_base_fast_sprint_02_pain_chest_f_alt
xanim,ai_zombie_base_fwd_ad_attack_v1
xanim,ai_zombie_base_fwd_ad_attack_v2
xanim,ai_zombie_base_idle_ad_v1
xanim,ai_zombie_base_idle_au_v1
xanim,ai_zombie_base_run_ad_attack_v1
xanim,ai_zombie_base_run_ad_attack_v2
xanim,ai_zombie_base_run_ad_attack_v3
xanim,ai_zombie_base_run_ad_attack_v4
xanim,ai_zombie_base_run_ad_sidestep_left_long_a
xanim,ai_zombie_base_run_ad_sidestep_left_long_b
xanim,ai_zombie_base_run_ad_sidestep_left_short_a
xanim,ai_zombie_base_run_ad_sidestep_right_long
xanim,ai_zombie_base_run_ad_sidestep_right_long_a
xanim,ai_zombie_base_run_ad_sidestep_right_short
xanim,ai_zombie_base_run_ad_v1
xanim,ai_zombie_base_run_ad_v11
xanim,ai_zombie_base_run_ad_v11_pain_chest_f
xanim,ai_zombie_base_run_ad_v11_pain_chest_f_alt
xanim,ai_zombie_base_run_ad_v12
xanim,ai_zombie_base_run_ad_v12_pain_chest_f
xanim,ai_zombie_base_run_ad_v12_pain_chest_f_alt
xanim,ai_zombie_base_run_ad_v14
xanim,ai_zombie_base_run_ad_v14_pain_chest_f
xanim,ai_zombie_base_run_ad_v14_pain_chest_f_alt
xanim,ai_zombie_base_run_ad_v1_pain_chest_f
xanim,ai_zombie_base_run_ad_v1_pain_chest_f_alt
xanim,ai_zombie_base_run_ad_v2
xanim,ai_zombie_base_run_ad_v20
xanim,ai_zombie_base_run_ad_v20_pain_chest_f
xanim,ai_zombie_base_run_ad_v20_pain_chest_f_alt
xanim,ai_zombie_base_run_ad_v21
xanim,ai_zombie_base_run_ad_v21_pain_chest_f
xanim,ai_zombie_base_run_ad_v21_pain_chest_f_alt
xanim,ai_zombie_base_run_ad_v22
xanim,ai_zombie_base_run_ad_v22_pain_chest_f
xanim,ai_zombie_base_run_ad_v22_pain_chest_f_alt
xanim,ai_zombie_base_run_ad_v23
xanim,ai_zombie_base_run_ad_v23_pain_chest_f
xanim,ai_zombie_base_run_ad_v23_pain_chest_f_alt
xanim,ai_zombie_base_run_ad_v24
xanim,ai_zombie_base_run_ad_v24_pain_chest_f
xanim,ai_zombie_base_run_ad_v24_pain_chest_f_alt
xanim,ai_zombie_base_run_ad_v2_pain_chest_f
xanim,ai_zombie_base_run_ad_v2_pain_chest_f_alt
xanim,ai_zombie_base_run_ad_v4
xanim,ai_zombie_base_run_ad_v4_pain_chest_f
xanim,ai_zombie_base_run_ad_v4_pain_chest_f_alt
xanim,ai_zombie_base_run_ad_v7
xanim,ai_zombie_base_run_ad_v7_pain_chest_f
xanim,ai_zombie_base_run_ad_v7_pain_chest_f_alt
xanim,ai_zombie_base_run_ad_v8
xanim,ai_zombie_base_run_ad_v8_pain_chest_f
xanim,ai_zombie_base_run_ad_v8_pain_chest_f_alt
xanim,ai_zombie_base_run_ad_win_trav_l_v1
xanim,ai_zombie_base_run_ad_win_trav_m_v1
xanim,ai_zombie_base_run_ad_win_trav_r_v1
xanim,ai_zombie_base_run_au_attack_v1
xanim,ai_zombie_base_run_au_attack_v2
xanim,ai_zombie_base_run_au_attack_v3
xanim,ai_zombie_base_run_au_attack_v4
xanim,ai_zombie_base_run_au_sidestep_left_long_a
xanim,ai_zombie_base_run_au_sidestep_left_long_b
xanim,ai_zombie_base_run_au_sidestep_left_long_c
xanim,ai_zombie_base_run_au_sidestep_left_short
xanim,ai_zombie_base_run_au_sidestep_left_short_a
xanim,ai_zombie_base_run_au_sidestep_left_short_b
xanim,ai_zombie_base_run_au_sidestep_right_long_a
xanim,ai_zombie_base_run_au_sidestep_right_long_b
xanim,ai_zombie_base_run_au_sidestep_right_long_c
xanim,ai_zombie_base_run_au_sidestep_right_short_a
xanim,ai_zombie_base_run_au_sidestep_right_short_b
xanim,ai_zombie_base_run_au_sidestep_right_short_c
xanim,ai_zombie_base_run_au_sidestep_right_short_d
xanim,ai_zombie_base_run_au_v1
xanim,ai_zombie_base_run_au_v11
xanim,ai_zombie_base_run_au_v11_pain_chest_f
xanim,ai_zombie_base_run_au_v11_pain_chest_f_alt
xanim,ai_zombie_base_run_au_v13
xanim,ai_zombie_base_run_au_v13_pain_chest_f
xanim,ai_zombie_base_run_au_v1_pain_chest_f
xanim,ai_zombie_base_run_au_v1_pain_chest_f_alt
xanim,ai_zombie_base_run_au_v2
xanim,ai_zombie_base_run_au_v20
xanim,ai_zombie_base_run_au_v20_pain_chest_f
xanim,ai_zombie_base_run_au_v20_pain_chest_f_alt
xanim,ai_zombie_base_run_au_v21
xanim,ai_zombie_base_run_au_v21_pain_chest_f
xanim,ai_zombie_base_run_au_v21_pain_chest_f_alt
xanim,ai_zombie_base_run_au_v22
xanim,ai_zombie_base_run_au_v22_pain_chest_f
xanim,ai_zombie_base_run_au_v22_pain_chest_f_alt
xanim,ai_zombie_base_run_au_v23
xanim,ai_zombie_base_run_au_v23_pain_chest_f
xanim,ai_zombie_base_run_au_v23_pain_chest_f_alt
xanim,ai_zombie_base_run_au_v24
xanim,ai_zombie_base_run_au_v24_pain_chest_f
xanim,ai_zombie_base_run_au_v24_pain_chest_f_alt
xanim,ai_zombie_base_run_au_v2_pain_chest_f
xanim,ai_zombie_base_run_au_v2_pain_chest_f_alt
xanim,ai_zombie_base_run_au_v4
xanim,ai_zombie_base_run_au_v4_pain_chest_f
xanim,ai_zombie_base_run_au_v4_pain_chest_f_alt
xanim,ai_zombie_base_run_au_v5
xanim,ai_zombie_base_run_au_v5_pain_chest_f
xanim,ai_zombie_base_run_au_v5_pain_chest_f_alt
xanim,ai_zombie_base_run_au_v9
xanim,ai_zombie_base_run_au_v9_pain_chest_f
xanim,ai_zombie_base_run_au_v9_pain_chest_f_alt
xanim,ai_zombie_base_run_au_win_trav_l_v1
xanim,ai_zombie_base_run_au_win_trav_m_v1
xanim,ai_zombie_base_run_au_win_trav_r_v1
xanim,ai_zombie_base_run_jump_down_36
xanim,ai_zombie_base_run_jump_down_48
xanim,ai_zombie_base_run_jump_down_72
xanim,ai_zombie_base_run_jump_down_96
xanim,ai_zombie_base_run_jump_up_36
xanim,ai_zombie_base_run_jump_up_48
xanim,ai_zombie_base_run_jump_up_72
xanim,ai_zombie_base_run_jump_up_96
xanim,ai_zombie_base_run_mantle_over_36
xanim,ai_zombie_base_run_mantle_over_48
xanim,ai_zombie_base_run_mantle_over_72
xanim,ai_zombie_base_run_mantle_over_96
xanim,ai_zombie_base_run_turn_135_l_v2
xanim,ai_zombie_base_run_turn_135_r_v2
xanim,ai_zombie_base_run_turn_180_l_v2
xanim,ai_zombie_base_run_turn_180_r_v2
xanim,ai_zombie_base_run_turn_45_l_v2
xanim,ai_zombie_base_run_turn_45_r_v2
xanim,ai_zombie_base_run_turn_90_l_v3
xanim,ai_zombie_base_run_turn_90_r_v2
xanim,ai_zombie_base_sprint_ad_sidestep_left_long_a
xanim,ai_zombie_base_sprint_ad_sidestep_left_long_b
xanim,ai_zombie_base_sprint_ad_sidestep_left_short_a
xanim,ai_zombie_base_sprint_ad_sidestep_right_long
xanim,ai_zombie_base_sprint_ad_sidestep_right_long_a
xanim,ai_zombie_base_sprint_ad_sidestep_right_long_b
xanim,ai_zombie_base_sprint_ad_sidestep_right_short_a
xanim,ai_zombie_base_sprint_ad_v1
xanim,ai_zombie_base_sprint_ad_v1_pain_chest_f
xanim,ai_zombie_base_sprint_ad_v1_pain_chest_f_alt
xanim,ai_zombie_base_sprint_ad_v2
xanim,ai_zombie_base_sprint_ad_v21
xanim,ai_zombie_base_sprint_ad_v21_pain_chest_f
xanim,ai_zombie_base_sprint_ad_v21_pain_chest_f_alt
xanim,ai_zombie_base_sprint_ad_v22
xanim,ai_zombie_base_sprint_ad_v22_pain_chest_f
xanim,ai_zombie_base_sprint_ad_v22_pain_chest_f_alt
xanim,ai_zombie_base_sprint_ad_v23
xanim,ai_zombie_base_sprint_ad_v23_pain_chest_f
xanim,ai_zombie_base_sprint_ad_v23_pain_chest_f_alt
xanim,ai_zombie_base_sprint_ad_v24
xanim,ai_zombie_base_sprint_ad_v24_pain_chest_f
xanim,ai_zombie_base_sprint_ad_v24_pain_chest_f_alt
xanim,ai_zombie_base_sprint_ad_v2_pain_chest_f
xanim,ai_zombie_base_sprint_ad_v2_pain_chest_f_alt
xanim,ai_zombie_base_sprint_ad_v5
xanim,ai_zombie_base_sprint_ad_v5_pain_chest_f
xanim,ai_zombie_base_sprint_ad_v5_pain_chest_f_alt
xanim,ai_zombie_base_sprint_ad_win_trav_l_v1
xanim,ai_zombie_base_sprint_ad_win_trav_m_v1
xanim,ai_zombie_base_sprint_ad_win_trav_m_v2
xanim,ai_zombie_base_sprint_ad_win_trav_r_v1
xanim,ai_zombie_base_sprint_au_sidestep_left_long_a
xanim,ai_zombie_base_sprint_au_sidestep_left_long_b
xanim,ai_zombie_base_sprint_au_sidestep_left_short_a
xanim,ai_zombie_base_sprint_au_sidestep_left_short_b
xanim,ai_zombie_base_sprint_au_sidestep_right_long_a
xanim,ai_zombie_base_sprint_au_sidestep_right_long_b
xanim,ai_zombie_base_sprint_au_sidestep_right_short_a
xanim,ai_zombie_base_sprint_au_sidestep_right_short_b
xanim,ai_zombie_base_sprint_au_v1
xanim,ai_zombie_base_sprint_au_v1_pain_chest_f
xanim,ai_zombie_base_sprint_au_v1_pain_chest_f_alt
xanim,ai_zombie_base_sprint_au_v2
xanim,ai_zombie_base_sprint_au_v20
xanim,ai_zombie_base_sprint_au_v20_pain_chest_f
xanim,ai_zombie_base_sprint_au_v20_pain_chest_f_alt
xanim,ai_zombie_base_sprint_au_v21
xanim,ai_zombie_base_sprint_au_v21_pain_chest_f
xanim,ai_zombie_base_sprint_au_v21_pain_chest_f_alt
xanim,ai_zombie_base_sprint_au_v22
xanim,ai_zombie_base_sprint_au_v22_pain_chest_f
xanim,ai_zombie_base_sprint_au_v22_pain_chest_f_alt
xanim,ai_zombie_base_sprint_au_v25
xanim,ai_zombie_base_sprint_au_v25_pain_chest_f
xanim,ai_zombie_base_sprint_au_v25_pain_chest_f_alt
xanim,ai_zombie_base_sprint_au_v2_pain_chest_f
xanim,ai_zombie_base_sprint_au_v2_pain_chest_f_alt
xanim,ai_zombie_base_sprint_au_win_trav_l_v1
xanim,ai_zombie_base_sprint_au_win_trav_m_v1
xanim,ai_zombie_base_sprint_au_win_trav_m_v2
xanim,ai_zombie_base_sprint_au_win_trav_r_v1
xanim,ai_zombie_base_sprint_turn_135_l_v2
xanim,ai_zombie_base_sprint_turn_135_r_v2
xanim,ai_zombie_base_sprint_turn_180_l_v2
xanim,ai_zombie_base_sprint_turn_180_r_v3
xanim,ai_zombie_base_sprint_turn_45_l_v2
xanim,ai_zombie_base_sprint_turn_45_r_v2
xanim,ai_zombie_base_sprint_turn_90_l_v2
xanim,ai_zombie_base_sprint_turn_90_r_v2
xanim,ai_zombie_base_supersprint_ad_v1
xanim,ai_zombie_base_supersprint_ad_v2
xanim,ai_zombie_base_supersprint_au_v1
xanim,ai_zombie_base_supersprint_au_v2
xanim,ai_zombie_base_walk_ad_attack_v1
xanim,ai_zombie_base_walk_ad_attack_v2
xanim,ai_zombie_base_walk_ad_attack_v3
xanim,ai_zombie_base_walk_ad_attack_v4
xanim,ai_zombie_base_walk_ad_sidestep_left_long_b
xanim,ai_zombie_base_walk_ad_sidestep_left_short
xanim,ai_zombie_base_walk_ad_sidestep_left_short_b
xanim,ai_zombie_base_walk_ad_sidestep_right_a
xanim,ai_zombie_base_walk_ad_sidestep_right_long_a
xanim,ai_zombie_base_walk_ad_sidestep_right_long_b
xanim,ai_zombie_base_walk_ad_sidestep_right_short
xanim,ai_zombie_base_walk_ad_sidestep_right_short_a
xanim,ai_zombie_base_walk_ad_v1
xanim,ai_zombie_base_walk_ad_v19
xanim,ai_zombie_base_walk_ad_v19_pain_chest_f
xanim,ai_zombie_base_walk_ad_v19_pain_chest_f_alt
xanim,ai_zombie_base_walk_ad_v1_pain_chest_f
xanim,ai_zombie_base_walk_ad_v1_pain_chest_f_alt
xanim,ai_zombie_base_walk_ad_v2
xanim,ai_zombie_base_walk_ad_v20
xanim,ai_zombie_base_walk_ad_v20_pain_chest_f
xanim,ai_zombie_base_walk_ad_v20_pain_chest_f_alt
xanim,ai_zombie_base_walk_ad_v21
xanim,ai_zombie_base_walk_ad_v21_pain_chest_f
xanim,ai_zombie_base_walk_ad_v21_pain_chest_f_alt
xanim,ai_zombie_base_walk_ad_v22
xanim,ai_zombie_base_walk_ad_v22_pain_chest_f
xanim,ai_zombie_base_walk_ad_v22_pain_chest_f_alt
xanim,ai_zombie_base_walk_ad_v23
xanim,ai_zombie_base_walk_ad_v23_pain_chest_f
xanim,ai_zombie_base_walk_ad_v23_pain_chest_f_alt
xanim,ai_zombie_base_walk_ad_v24
xanim,ai_zombie_base_walk_ad_v24_pain_chest_f
xanim,ai_zombie_base_walk_ad_v24_pain_chest_f_alt
xanim,ai_zombie_base_walk_ad_v25
xanim,ai_zombie_base_walk_ad_v25_pain_chest_f
xanim,ai_zombie_base_walk_ad_v25_pain_chest_f_alt
xanim,ai_zombie_base_walk_ad_v2_pain_chest_f
xanim,ai_zombie_base_walk_ad_v2_pain_chest_f_alt
xanim,ai_zombie_base_walk_ad_v3
xanim,ai_zombie_base_walk_ad_v3_pain_chest_f
xanim,ai_zombie_base_walk_ad_v3_pain_chest_f_alt
xanim,ai_zombie_base_walk_ad_v4
xanim,ai_zombie_base_walk_ad_v4_pain_chest_f
xanim,ai_zombie_base_walk_ad_v4_pain_chest_f_alt
xanim,ai_zombie_base_walk_ad_v5
xanim,ai_zombie_base_walk_ad_v5_pain_chest_f
xanim,ai_zombie_base_walk_ad_v5_pain_chest_f_alt
xanim,ai_zombie_base_walk_ad_v6
xanim,ai_zombie_base_walk_ad_v6_pain_chest_f
xanim,ai_zombie_base_walk_ad_v6_pain_chest_f_alt
xanim,ai_zombie_base_walk_ad_v7
xanim,ai_zombie_base_walk_ad_v7_pain_chest_f
xanim,ai_zombie_base_walk_ad_v7_pain_chest_f_alt
xanim,ai_zombie_base_walk_ad_win_trav_l_v1
xanim,ai_zombie_base_walk_ad_win_trav_m_v1
xanim,ai_zombie_base_walk_ad_win_trav_m_v2
xanim,ai_zombie_base_walk_ad_win_trav_m_v3
xanim,ai_zombie_base_walk_ad_win_trav_r_v1
xanim,ai_zombie_base_walk_au_attack_v1
xanim,ai_zombie_base_walk_au_attack_v2
xanim,ai_zombie_base_walk_au_attack_v3
xanim,ai_zombie_base_walk_au_attack_v4
xanim,ai_zombie_base_walk_au_pain_head_v1
xanim,ai_zombie_base_walk_au_pain_legs_v1
xanim,ai_zombie_base_walk_au_pain_torso_v1
xanim,ai_zombie_base_walk_au_sidestep_left_long
xanim,ai_zombie_base_walk_au_sidestep_left_long_d
xanim,ai_zombie_base_walk_au_sidestep_left_short
xanim,ai_zombie_base_walk_au_sidestep_right_b
xanim,ai_zombie_base_walk_au_sidestep_right_short
xanim,ai_zombie_base_walk_au_v1
xanim,ai_zombie_base_walk_au_v10
xanim,ai_zombie_base_walk_au_v10_pain_chest_f
xanim,ai_zombie_base_walk_au_v10_pain_chest_f_alt
xanim,ai_zombie_base_walk_au_v11
xanim,ai_zombie_base_walk_au_v11_pain_chest_f
xanim,ai_zombie_base_walk_au_v11_pain_chest_f_alt
xanim,ai_zombie_base_walk_au_v12
xanim,ai_zombie_base_walk_au_v12_pain_chest_f
xanim,ai_zombie_base_walk_au_v12_pain_chest_f_alt
xanim,ai_zombie_base_walk_au_v13
xanim,ai_zombie_base_walk_au_v13_pain_chest_f
xanim,ai_zombie_base_walk_au_v13_pain_chest_f_alt
xanim,ai_zombie_base_walk_au_v15
xanim,ai_zombie_base_walk_au_v15_pain_chest_f
xanim,ai_zombie_base_walk_au_v15_pain_chest_f_alt
xanim,ai_zombie_base_walk_au_v1_pain_chest_f
xanim,ai_zombie_base_walk_au_v1_pain_chest_f_alt
xanim,ai_zombie_base_walk_au_v2
xanim,ai_zombie_base_walk_au_v20
xanim,ai_zombie_base_walk_au_v20_pain_chest_f
xanim,ai_zombie_base_walk_au_v20_pain_chest_f_alt
xanim,ai_zombie_base_walk_au_v21
xanim,ai_zombie_base_walk_au_v21_pain_chest_f
xanim,ai_zombie_base_walk_au_v21_pain_chest_f_alt
xanim,ai_zombie_base_walk_au_v23
xanim,ai_zombie_base_walk_au_v23_pain_chest_f
xanim,ai_zombie_base_walk_au_v23_pain_chest_f_alt
xanim,ai_zombie_base_walk_au_v2_pain_chest_f
xanim,ai_zombie_base_walk_au_v2_pain_chest_f_alt
xanim,ai_zombie_base_walk_au_v3
xanim,ai_zombie_base_walk_au_v3_pain_chest_f
xanim,ai_zombie_base_walk_au_v3_pain_chest_f_alt
xanim,ai_zombie_base_walk_au_v4
xanim,ai_zombie_base_walk_au_v4_pain_chest_f
xanim,ai_zombie_base_walk_au_v4_pain_chest_f_alt
xanim,ai_zombie_base_walk_au_v5
xanim,ai_zombie_base_walk_au_v5_pain_chest_f
xanim,ai_zombie_base_walk_au_v5_pain_chest_f_alt
xanim,ai_zombie_base_walk_au_v6
xanim,ai_zombie_base_walk_au_v6_pain_chest_f
xanim,ai_zombie_base_walk_au_v6_pain_chest_f_alt
xanim,ai_zombie_base_walk_au_v7
xanim,ai_zombie_base_walk_au_v7_pain_chest_f
xanim,ai_zombie_base_walk_au_v7_pain_chest_f_alt
xanim,ai_zombie_base_walk_au_v8
xanim,ai_zombie_base_walk_au_v8_pain_chest_f
xanim,ai_zombie_base_walk_au_v8_pain_chest_f_alt
xanim,ai_zombie_base_walk_au_win_trav_l_v1
xanim,ai_zombie_base_walk_au_win_trav_m_v1
xanim,ai_zombie_base_walk_au_win_trav_m_v2
xanim,ai_zombie_base_walk_au_win_trav_m_v3
xanim,ai_zombie_base_walk_au_win_trav_r_v1
xanim,ai_zombie_base_walk_turn_135_l_v3
xanim,ai_zombie_base_walk_turn_135_r_v2
xanim,ai_zombie_base_walk_turn_180_l_v3
xanim,ai_zombie_base_walk_turn_180_r_v3
xanim,ai_zombie_base_walk_turn_45_l_v2
xanim,ai_zombie_base_walk_turn_45_r_v2
xanim,ai_zombie_base_walk_turn_90_l_v2
xanim,ai_zombie_base_walk_turn_90_r_v2
xanim,ai_zombie_base_win_attack_arm_l_out
xanim,ai_zombie_base_win_attack_arm_r_out
xanim,ai_zombie_crawl_dr_jump_down_72
xanim,ai_zombie_crawl_dr_jump_down_96
xanim,ai_zombie_dr_crawl_jump_down_127
xanim,ai_zombie_dr_crawl_jump_down_184
xanim,ai_zombie_dr_crawl_jump_down_190
xanim,ai_zombie_dr_crawl_jump_up_2_climb
xanim,ai_zombie_dr_jump_down_127
xanim,ai_zombie_dr_jump_down_184
xanim,ai_zombie_dr_jump_down_190
xanim,ai_zombie_dr_jump_down_72
xanim,ai_zombie_dr_jump_down_96
xanim,ai_zombie_dr_jump_up_2_climb
xanim,ai_zombie_zod_crawl_stunned_electrobolt_a
xanim,ai_zombie_zod_crawl_stunned_electrobolt_b
xanim,ai_zombie_zod_crawl_stunned_electrobolt_c
xanim,ai_zombie_zod_crawl_stunned_electrobolt_d
xanim,ai_zombie_zod_crawl_stunned_electrobolt_e
xanim,ai_zombie_zod_stunned_electrobolt_a
xanim,ai_zombie_zod_stunned_electrobolt_b
xanim,ai_zombie_zod_stunned_electrobolt_c
xanim,ai_zombie_zod_stunned_electrobolt_d
xanim,ai_zombie_zod_stunned_electrobolt_e
xanim,bo3_ai_zombie_taunts_4
xanim,rtrg_ai_zm_dlc1_zombie_run_lowg_v1
xanim,rtrg_ai_zm_dlc1_zombie_run_lowg_v2
xanim,rtrg_ai_zm_dlc1_zombie_run_lowg_v3
xanim,rtrg_ai_zm_dlc1_zombie_run_lowg_v4
xanim,rtrg_ai_zm_dlc1_zombie_sprint_lowg_v1
xanim,rtrg_ai_zm_dlc1_zombie_sprint_lowg_v2
xanim,rtrg_ai_zm_dlc1_zombie_sprint_lowg_v3
xanim,rtrg_ai_zm_dlc1_zombie_sprint_lowg_v4
xanim,rtrg_ai_zm_dlc1_zombie_walk_lowg_v1
xanim,rtrg_ai_zm_dlc1_zombie_walk_lowg_v2
xanim,rtrg_ai_zm_dlc1_zombie_walk_lowg_v3
xanim,rtrg_ai_zm_dlc1_zombie_walk_lowg_v4
xmodel,c_zom_der_zombie_body1_g_behead
xmodel,c_zom_der_zombie_body1_g_blegsoff
xmodel,c_zom_der_zombie_body1_g_llegoff
xmodel,c_zom_der_zombie_body1_g_lowclean
xmodel,c_zom_der_zombie_body1_g_rlegoff
xmodel,c_zom_der_zombie_body2
xmodel,c_zom_der_zombie_body2_g_behead
xmodel,c_zom_der_zombie_body2_g_blegsoff
xmodel,c_zom_der_zombie_body2_g_larmoff
xmodel,c_zom_der_zombie_body2_g_llegoff
xmodel,c_zom_der_zombie_body2_g_lowclean
xmodel,c_zom_der_zombie_body2_g_rarmoff
xmodel,c_zom_der_zombie_body2_g_rlegoff
xmodel,c_zom_der_zombie_body2_g_upclean
xmodel,c_zom_der_zombie_head1
xmodel,c_zom_der_zombie_head2
xmodel,c_zom_der_zombie_head3
xmodel,c_zom_der_zombie_helmet1
xmodel,c_zom_zod_zombie_fem_body1_g_larmspawn
xmodel,c_zom_zod_zombie_fem_body1_g_llegspawn
xmodel,c_zom_zod_zombie_fem_body1_g_rarmspawn
xmodel,c_zom_zod_zombie_fem_body1_g_rlegspawn
xmodel,p7_ac_unit_metal_med_long
xmodel,p7_bartop_metal_sink
xmodel,p7_bathtub_clawfoot_01
xmodel,p7_bed_frame_wood_queen_02
xmodel,p7_bedframe_metal_queen_01
xmodel,p7_book_vintage_open_01_burn
xmodel,p7_bookcase_wood_3_shelves
xmodel,p7_bookcase_wood_3_shelves_brown
xmodel,p7_bottle_glass_liquor_03
xmodel,p7_cai_foliage_flower_penstemon_dry_single
xmodel,p7_cai_light_sconce_exterior_01
xmodel,p7_cai_vista_mountain_long_01
xmodel,p7_camp_fire_pit_kettle_large
xmodel,p7_can_metal_01
xmodel,p7_can_metal_01_small
xmodel,p7_chair_dining_french_worn
xmodel,p7_chair_folding_wood_worn
xmodel,p7_chair_restraint_01
xmodel,p7_clock_metal_wall_01
xmodel,p7_crate_ammo_metal
xmodel,p7_crate_wood_01_dark
xmodel,p7_crate_wood_01_dark_wet
xmodel,p7_crate_wood_01_short
xmodel,p7_crate_wood_01_short_dark_wet
xmodel,p7_crate_wood_01_short_wet
xmodel,p7_crate_wood_02_long_snow_no_decals
xmodel,p7_debris_clothing_piles_01
xmodel,p7_debris_junkyard_scrap_pile_02
xmodel,p7_desk_metal_old_01_body_rusty
xmodel,p7_eth_foliage_grass_small_vibrant
xmodel,p7_file_cab_metal_02_rusty
xmodel,p7_foliage_tree_acacia_lrg_01
xmodel,p7_foliage_tree_mangrove_black_dead
xmodel,p7_foliage_tree_pine_01_vista
xmodel,p7_foliage_tree_pine_02_vista
xmodel,p7_foliage_tree_pine_03_vista
xmodel,p7_foliage_tree_pine_04_vista
xmodel,p7_foliage_tree_pine_06_vista
xmodel,p7_foliage_tree_redwood_lrg_03_sml
xmodel,p7_foliage_tree_redwood_lrg_mid_sml
xmodel,p7_foliage_tree_redwood_lrg_top_sml
xmodel,p7_foliage_tree_redwood_sml_03_lrg
xmodel,p7_foliage_tree_redwood_sml_mid
xmodel,p7_foliage_tree_redwood_sml_top
xmodel,p7_fxanim_cp_ramses_quadtank_statue_static1_mod
xmodel,p7_inf_toilet_vintage_bowl
xmodel,p7_light_fixture_led_utility
xmodel,p7_light_hanging_half_globe
xmodel,p7_light_hanging_vintage_02_set
xmodel,p7_light_wall_modern_02
xmodel,p7_medical_cart_refrigerator
xmodel,p7_medical_wheelchair_01_hospital
xmodel,p7_sandbag_stack_32_left
xmodel,p7_sandbag_stack_44_middle
xmodel,p7_shelf_industrial_vintage_96
xmodel,p7_sin_rowhouse_b_win_shutter_lt_v2
xmodel,p7_sink_ceramic_old_01
xmodel,p7_street_bench_long_dirty
xmodel,p7_table_wood_rectangle
xmodel,p7_trashcan_street_metal_closed_dmg
xmodel,p7_trashcan_street_metal_lid_01
xmodel,p7_wall_radiator_vintage
xmodel,p7_zm_der2_pipe_metal_hp_4_valve_01_grey_dk
xmodel,p7_zm_der_pswitch_body
xmodel,p7_zm_der_pswitch_handle
xmodel,p7_zur_bakery_deco_cutting_board
xmodel,skybox_cp_mi_sing_biodomes
xmodel,skybox_cp_sing_vengeance
xmodel,skybox_default_black
xmodel,skybox_default_day
xmodelmesh,c_zom_der_head_1_lod07552e3d7
xmodelmesh,c_zom_der_head_1_lod17b771400
xmodelmesh,c_zom_der_head_1_lod22a74f240
xmodelmesh,c_zom_der_head_1_lod3e650584c
xmodelmesh,c_zom_der_head_1_lod4c1179c01
xmodelmesh,c_zom_der_head_1_lod5943b21d9
xmodelmesh,c_zom_der_head_1_lod6229e2b02
xmodelmesh,c_zom_der_head_2_lod0c8b48a35
xmodelmesh,c_zom_der_head_2_lod1177e7cdd
xmodelmesh,c_zom_der_head_2_lod2900ea178
xmodelmesh,c_zom_der_head_2_lod367983df6
xmodelmesh,c_zom_der_head_2_lod410b5a201
xmodelmesh,c_zom_der_head_2_lod51fd00a8a
xmodelmesh,c_zom_der_head_2_lod66291cdde
xmodelmesh,c_zom_der_head_3_lod054897ad0
xmodelmesh,c_zom_der_head_3_lod14fa358f7
xmodelmesh,c_zom_der_head_3_lod22700a248
xmodelmesh,c_zom_der_head_3_lod3a9afee46
xmodelmesh,c_zom_der_head_3_lod4e605e8d0
xmodelmesh,c_zom_der_head_3_lod53d40255c
xmodelmesh,c_zom_der_head_3_lod6b8e32972
xmodelmesh,c_zom_der_helmet_1_lod0c32b1d6c
xmodelmesh,c_zom_der_helmet_1_lod1cc9d111
xmodelmesh,c_zom_der_helmet_1_lod275993693
xmodelmesh,c_zom_der_helmet_1_lod3cd13d004
xmodelmesh,c_zom_der_helmet_1_lod440e19ebe
xmodelmesh,c_zom_der_helmet_1_lod55a672d53
xmodelmesh,c_zom_der_helmet_1_lod6b584e3ce
xmodelmesh,c_zom_der_zombie_body1_g_behead_lod0d7f0846c
xmodelmesh,c_zom_der_zombie_body1_g_behead_lod173bede7d
xmodelmesh,c_zom_der_zombie_body1_g_behead_lod2e0f4e454
xmodelmesh,c_zom_der_zombie_body1_g_behead_lod373e83067
xmodelmesh,c_zom_der_zombie_body1_g_behead_lod4e68ab97e
xmodelmesh,c_zom_der_zombie_body1_g_behead_lod586d08846
xmodelmesh,c_zom_der_zombie_body1_g_behead_lod6cfec6cba
xmodelmesh,c_zom_der_zombie_body1_g_blegsoff_lod028e897ab
xmodelmesh,c_zom_der_zombie_body1_g_blegsoff_lod19524f698
xmodelmesh,c_zom_der_zombie_body1_g_blegsoff_lod26f0a12a7
xmodelmesh,c_zom_der_zombie_body1_g_blegsoff_lod3776ad7c0
xmodelmesh,c_zom_der_zombie_body1_g_blegsoff_lod4e6f7b2a0
xmodelmesh,c_zom_der_zombie_body1_g_blegsoff_lod52a8483e9
xmodelmesh,c_zom_der_zombie_body1_g_blegsoff_lod6d37207be
xmodelmesh,c_zom_der_zombie_body1_g_llegoff_lod09befef1e
xmodelmesh,c_zom_der_zombie_body1_g_llegoff_lod1692bb2a1
xmodelmesh,c_zom_der_zombie_body1_g_llegoff_lod2f7127018
xmodelmesh,c_zom_der_zombie_body1_g_llegoff_lod32993a276
xmodelmesh,c_zom_der_zombie_body1_g_llegoff_lod472b7e0e
xmodelmesh,c_zom_der_zombie_body1_g_llegoff_lod514b66699
xmodelmesh,c_zom_der_zombie_body1_g_llegoff_lod67f9aa231
xmodelmesh,c_zom_der_zombie_body1_g_lowclean_lod05d3964f8
xmodelmesh,c_zom_der_zombie_body1_g_lowclean_lod1d5459dbe
xmodelmesh,c_zom_der_zombie_body1_g_lowclean_lod2118693d3
xmodelmesh,c_zom_der_zombie_body1_g_lowclean_lod330d513fe
xmodelmesh,c_zom_der_zombie_body1_g_lowclean_lod41da35f97
xmodelmesh,c_zom_der_zombie_body1_g_lowclean_lod517213356
xmodelmesh,c_zom_der_zombie_body1_g_lowclean_lod6fa3102be
xmodelmesh,c_zom_der_zombie_body1_g_rlegoff_lod0db873496
xmodelmesh,c_zom_der_zombie_body1_g_rlegoff_lod1c39344cc
xmodelmesh,c_zom_der_zombie_body1_g_rlegoff_lod27cd40052
xmodelmesh,c_zom_der_zombie_body1_g_rlegoff_lod38bc72a63
xmodelmesh,c_zom_der_zombie_body1_g_rlegoff_lod4b95a1e19
xmodelmesh,c_zom_der_zombie_body1_g_rlegoff_lod5cb3b0646
xmodelmesh,c_zom_der_zombie_body1_g_rlegoff_lod659e69f26
xmodelmesh,c_zom_der_zombie_body2_g_behead_lod010ea455a
xmodelmesh,c_zom_der_zombie_body2_g_behead_lod1f439b647
xmodelmesh,c_zom_der_zombie_body2_g_behead_lod229208994
xmodelmesh,c_zom_der_zombie_body2_g_behead_lod35d09dd7e
xmodelmesh,c_zom_der_zombie_body2_g_behead_lod4adfd81c9
xmodelmesh,c_zom_der_zombie_body2_g_behead_lod592058fd9
xmodelmesh,c_zom_der_zombie_body2_g_behead_lod633e7b02c
xmodelmesh,c_zom_der_zombie_body2_g_blegsoff_lod01ffc0dd6
xmodelmesh,c_zom_der_zombie_body2_g_blegsoff_lod1365920cf
xmodelmesh,c_zom_der_zombie_body2_g_blegsoff_lod27f4952d3
xmodelmesh,c_zom_der_zombie_body2_g_blegsoff_lod3ddb198f9
xmodelmesh,c_zom_der_zombie_body2_g_blegsoff_lod4b5d88c29
xmodelmesh,c_zom_der_zombie_body2_g_blegsoff_lod5c35191e1
xmodelmesh,c_zom_der_zombie_body2_g_blegsoff_lod6fec7049e
xmodelmesh,c_zom_der_zombie_body2_g_larmoff_lod0d46fba30
xmodelmesh,c_zom_der_zombie_body2_g_larmoff_lod13c8d67c7
xmodelmesh,c_zom_der_zombie_body2_g_larmoff_lod21d9f1d4b
xmodelmesh,c_zom_der_zombie_body2_g_larmoff_lod3d8212ec8
xmodelmesh,c_zom_der_zombie_body2_g_larmoff_lod4ca247a33
xmodelmesh,c_zom_der_zombie_body2_g_larmoff_lod5db695c0c
xmodelmesh,c_zom_der_zombie_body2_g_larmoff_lod62ba30807
xmodelmesh,c_zom_der_zombie_body2_g_llegoff_lod081901a33
xmodelmesh,c_zom_der_zombie_body2_g_llegoff_lod16b31acae
xmodelmesh,c_zom_der_zombie_body2_g_llegoff_lod26f41bbce
xmodelmesh,c_zom_der_zombie_body2_g_llegoff_lod3b27e2b15
xmodelmesh,c_zom_der_zombie_body2_g_llegoff_lod4501501a8
xmodelmesh,c_zom_der_zombie_body2_g_llegoff_lod51fe99774
xmodelmesh,c_zom_der_zombie_body2_g_llegoff_lod6a21441c3
xmodelmesh,c_zom_der_zombie_body2_g_lowclean_lod0cd620c1c
xmodelmesh,c_zom_der_zombie_body2_g_lowclean_lod1c0634905
xmodelmesh,c_zom_der_zombie_body2_g_lowclean_lod2fda2a6ea
xmodelmesh,c_zom_der_zombie_body2_g_lowclean_lod364af3fa9
xmodelmesh,c_zom_der_zombie_body2_g_lowclean_lod42f32ddfb
xmodelmesh,c_zom_der_zombie_body2_g_lowclean_lod5bcac4582
xmodelmesh,c_zom_der_zombie_body2_g_lowclean_lod69154bfa3
xmodelmesh,c_zom_der_zombie_body2_g_rarmoff_lod0ae687fe5
xmodelmesh,c_zom_der_zombie_body2_g_rarmoff_lod1f024c510
xmodelmesh,c_zom_der_zombie_body2_g_rarmoff_lod2dcbb4d50
xmodelmesh,c_zom_der_zombie_body2_g_rarmoff_lod36702fcec
xmodelmesh,c_zom_der_zombie_body2_g_rarmoff_lod4e6aed839
xmodelmesh,c_zom_der_zombie_body2_g_rarmoff_lod5c9791d5a
xmodelmesh,c_zom_der_zombie_body2_g_rarmoff_lod69af9f1c9
xmodelmesh,c_zom_der_zombie_body2_g_rlegoff_lod0ff39e779
xmodelmesh,c_zom_der_zombie_body2_g_rlegoff_lod19214c0d0
xmodelmesh,c_zom_der_zombie_body2_g_rlegoff_lod27b186e2f
xmodelmesh,c_zom_der_zombie_body2_g_rlegoff_lod3e6d99ea9
xmodelmesh,c_zom_der_zombie_body2_g_rlegoff_lod4f6abfafb
xmodelmesh,c_zom_der_zombie_body2_g_rlegoff_lod52ab33a06
xmodelmesh,c_zom_der_zombie_body2_g_rlegoff_lod6760fa259
xmodelmesh,c_zom_der_zombie_body2_g_upclean_lod0481334f6
xmodelmesh,c_zom_der_zombie_body2_g_upclean_lod14f4dd164
xmodelmesh,c_zom_der_zombie_body2_g_upclean_lod293d3d0c6
xmodelmesh,c_zom_der_zombie_body2_g_upclean_lod326a53a22
xmodelmesh,c_zom_der_zombie_body2_g_upclean_lod4e3ae1925
xmodelmesh,c_zom_der_zombie_body2_g_upclean_lod529f358be
xmodelmesh,c_zom_der_zombie_body2_g_upclean_lod62fc55a40
xmodelmesh,c_zom_der_zombie_body2_lod0649fdd92
xmodelmesh,c_zom_der_zombie_body2_lod149373e60
xmodelmesh,c_zom_der_zombie_body2_lod2d087cf51
xmodelmesh,c_zom_der_zombie_body2_lod351680dd2
xmodelmesh,c_zom_der_zombie_body2_lod42f45ba3f
xmodelmesh,c_zom_der_zombie_body2_lod57a787b77
xmodelmesh,c_zom_der_zombie_body2_lod69430e7c6
xmodelmesh,c_zom_zod_zombie_fem_body1_g_larmspawn_lod0504c0b52
xmodelmesh,c_zom_zod_zombie_fem_body1_g_larmspawn_lod0539c617e
xmodelmesh,c_zom_zod_zombie_fem_body1_g_larmspawn_lod0567f2c88
xmodelmesh,c_zom_zod_zombie_fem_body1_g_larmspawn_lod06611811f
xmodelmesh,c_zom_zod_zombie_fem_body1_g_larmspawn_lod071ee3647
xmodelmesh,c_zom_zod_zombie_fem_body1_g_larmspawn_lod0b5e99667
xmodelmesh,c_zom_zod_zombie_fem_body1_g_larmspawn_lod0e0592c13
xmodelmesh,c_zom_zod_zombie_fem_body1_g_larmspawn_lod0f35667dd
xmodelmesh,c_zom_zod_zombie_fem_body1_g_llegspawn_lod02a259e13
xmodelmesh,c_zom_zod_zombie_fem_body1_g_llegspawn_lod034c88b59
xmodelmesh,c_zom_zod_zombie_fem_body1_g_llegspawn_lod041c78fa2
xmodelmesh,c_zom_zod_zombie_fem_body1_g_llegspawn_lod044d1d262
xmodelmesh,c_zom_zod_zombie_fem_body1_g_llegspawn_lod056fb478
xmodelmesh,c_zom_zod_zombie_fem_body1_g_llegspawn_lod0cb3aa1bd
xmodelmesh,c_zom_zod_zombie_fem_body1_g_llegspawn_lod0d8f17acf
xmodelmesh,c_zom_zod_zombie_fem_body1_g_llegspawn_lod0ed640c28
xmodelmesh,c_zom_zod_zombie_fem_body1_g_rarmspawn_lod015c23f93
xmodelmesh,c_zom_zod_zombie_fem_body1_g_rarmspawn_lod02f5eed13
xmodelmesh,c_zom_zod_zombie_fem_body1_g_rarmspawn_lod05223ef7a
xmodelmesh,c_zom_zod_zombie_fem_body1_g_rarmspawn_lod075527b40
xmodelmesh,c_zom_zod_zombie_fem_body1_g_rarmspawn_lod08155b704
xmodelmesh,c_zom_zod_zombie_fem_body1_g_rarmspawn_lod08fd8a2fc
xmodelmesh,c_zom_zod_zombie_fem_body1_g_rarmspawn_lod0be021e3f
xmodelmesh,c_zom_zod_zombie_fem_body1_g_rarmspawn_lod0cc3184d5
xmodelmesh,c_zom_zod_zombie_fem_body1_g_rlegspawn_lod01414fc82
xmodelmesh,c_zom_zod_zombie_fem_body1_g_rlegspawn_lod019d1b9e0
xmodelmesh,c_zom_zod_zombie_fem_body1_g_rlegspawn_lod03da2116b
xmodelmesh,c_zom_zod_zombie_fem_body1_g_rlegspawn_lod053f29eef
xmodelmesh,c_zom_zod_zombie_fem_body1_g_rlegspawn_lod0c5acd6f
xmodelmesh,c_zom_zod_zombie_fem_body1_g_rlegspawn_lod0c7aec304
xmodelmesh,c_zom_zod_zombie_fem_body1_g_rlegspawn_lod0d0f95c7e
xmodelmesh,c_zom_zod_zombie_fem_body1_g_rlegspawn_lod0e81c06d8
xmodelmesh,p7_bartop_metal_sink_lod01f9f2570
xmodelmesh,p7_bartop_metal_sink_lod04d5c12a2
xmodelmesh,p7_bartop_metal_sink_lod04e95a813
xmodelmesh,p7_bartop_metal_sink_lod0569c662e
xmodelmesh,p7_bartop_metal_sink_lod05df90c1f
xmodelmesh,p7_bartop_metal_sink_lod0d707e743
xmodelmesh,p7_bartop_metal_sink_lod0f0cdf2bb
xmodelmesh,p7_bartop_metal_sink_lod0ff2dd41f
xmodelmesh,p7_bathtub_clawfoot_01_col439311f3
xmodelmesh,p7_bathtub_clawfoot_01_lod0407aae87
xmodelmesh,p7_bathtub_clawfoot_01_lod0414b3445
xmodelmesh,p7_bathtub_clawfoot_01_lod04a9a048e
xmodelmesh,p7_bathtub_clawfoot_01_lod05e202a4f
xmodelmesh,p7_bathtub_clawfoot_01_lod0920cdd3f
xmodelmesh,p7_bathtub_clawfoot_01_lod0c3a9cf7a
xmodelmesh,p7_bathtub_clawfoot_01_lod0dcd79945
xmodelmesh,p7_bathtub_clawfoot_01_lod0ee5d54b1
xmodelmesh,p7_bed_frame_wood_queen_02_col62daedc7
xmodelmesh,p7_bed_frame_wood_queen_02_lod06c5e962c
xmodelmesh,p7_bed_frame_wood_queen_02_lod1d7aa41d
xmodelmesh,p7_bed_frame_wood_queen_02_lod213b01c1c
xmodelmesh,p7_bed_frame_wood_queen_02_lod3829c0e40
xmodelmesh,p7_bed_frame_wood_queen_02_lod4990b768a
xmodelmesh,p7_bed_frame_wood_queen_02_lod52b808672
xmodelmesh,p7_bed_frame_wood_queen_02_lod6f903c908
xmodelmesh,p7_bed_frame_wood_queen_02_lod7f6901cd
xmodelmesh,p7_bedframe_metal_queen_01_lod03d274c3f
xmodelmesh,p7_bedframe_metal_queen_01_lod0439e7feb
xmodelmesh,p7_bedframe_metal_queen_01_lod09692538e
xmodelmesh,p7_bedframe_metal_queen_01_lod0a1455344
xmodelmesh,p7_bedframe_metal_queen_01_lod0aaec1285
xmodelmesh,p7_bedframe_metal_queen_01_lod0ac4e75d
xmodelmesh,p7_bedframe_metal_queen_01_lod0e0dbf576
xmodelmesh,p7_bedframe_metal_queen_01_lod0fdd3ac14
xmodelmesh,p7_book_vintage_open_01_colc8114b9f
xmodelmesh,p7_book_vintage_open_01_lod03ae27ab4
xmodelmesh,p7_book_vintage_open_01_lod194cf97cd
xmodelmesh,p7_book_vintage_open_01_lod267794ab9
xmodelmesh,p7_book_vintage_open_01_lod36de1a2bd
xmodelmesh,p7_book_vintage_open_01_lod429b87984
xmodelmesh,p7_book_vintage_open_01_lod4765fce94
xmodelmesh,p7_bookcase_wood_3_shelves_lod01d919465
xmodelmesh,p7_bookcase_wood_3_shelves_lod06eb73d05
xmodelmesh,p7_bookcase_wood_3_shelves_lod06fcb3f3c
xmodelmesh,p7_bookcase_wood_3_shelves_lod0de28b18f
xmodelmesh,p7_bottle_glass_liquor_03_col44692322
xmodelmesh,p7_bottle_glass_liquor_03_lod16615ebbf
xmodelmesh,p7_bottle_glass_liquor_03_lod177531a76
xmodelmesh,p7_bottle_glass_liquor_03_lod1d11f6940
xmodelmesh,p7_bottle_glass_liquor_03_lod1e2d8eae5
xmodelmesh,p7_bottle_glass_liquor_03_lod1f0cad89
xmodelmesh,p7_cai_foliage_flower_penstemon_dry_single_lod04d0b8b18
xmodelmesh,p7_cai_foliage_flower_penstemon_dry_single_lod1b2e3655a
xmodelmesh,p7_cai_foliage_flower_penstemon_dry_single_lod211893152
xmodelmesh,p7_cai_foliage_flower_penstemon_dry_single_lod393503563
xmodelmesh,p7_cai_foliage_flower_penstemon_dry_single_lod47ae7564e
xmodelmesh,p7_cai_foliage_flower_penstemon_dry_single_lod49a230b3e
xmodelmesh,p7_cai_foliage_flower_penstemon_dry_single_lod4ba465b76
xmodelmesh,p7_cai_foliage_flower_penstemon_dry_single_lod4f5769a7e
xmodelmesh,p7_cai_light_sconce_exterior_01_col9a446874
xmodelmesh,p7_cai_light_sconce_exterior_01_lod05604949b
xmodelmesh,p7_cai_light_sconce_exterior_01_lod06bd6d1a5
xmodelmesh,p7_cai_light_sconce_exterior_01_lod0849e7753
xmodelmesh,p7_cai_light_sconce_exterior_01_lod08f67a7b4
xmodelmesh,p7_cai_light_sconce_exterior_01_lod09ced167
xmodelmesh,p7_cai_light_sconce_exterior_01_lod0b4d3a9d3
xmodelmesh,p7_cai_light_sconce_exterior_01_lod0bbf27572
xmodelmesh,p7_cai_light_sconce_exterior_01_lod0c97552ac
xmodelmesh,p7_cai_vista_mountain_long_01_lod019b8a2b2
xmodelmesh,p7_cai_vista_mountain_long_01_lod0e06f255f
xmodelmesh,p7_camp_fire_pit_kettle_large_lod02bff68a8
xmodelmesh,p7_camp_fire_pit_kettle_large_lod078a6c40c
xmodelmesh,p7_camp_fire_pit_kettle_large_lod0d39c39db
xmodelmesh,p7_camp_fire_pit_kettle_large_lod0d729e837
xmodelmesh,p7_can_metal_01_lod04fcd0b76
xmodelmesh,p7_can_metal_01_lod19727c309
xmodelmesh,p7_can_metal_01_lod2aef0f207
xmodelmesh,p7_can_metal_01_lod36b6ea7ab
xmodelmesh,p7_can_metal_01_lod4bd2f0b08
xmodelmesh,p7_can_metal_01_lod541e95581
xmodelmesh,p7_can_metal_01_small_lod0d62ef8e6
xmodelmesh,p7_can_metal_01_small_lod159d281e6
xmodelmesh,p7_can_metal_01_small_lod227ff5eb3
xmodelmesh,p7_can_metal_01_small_lod3ae5b5b2b
xmodelmesh,p7_can_metal_01_small_lod474c4afd5
xmodelmesh,p7_can_metal_01_small_lod5d34c3006
xmodelmesh,p7_chair_dining_french_col73b156c8
xmodelmesh,p7_chair_dining_french_lod06260df35
xmodelmesh,p7_chair_dining_french_lod1117c308
xmodelmesh,p7_chair_dining_french_lod29477ced4
xmodelmesh,p7_chair_dining_french_lod3968d9201
xmodelmesh,p7_chair_dining_french_lod46f12e1d8
xmodelmesh,p7_chair_dining_french_lod560e46cf9
xmodelmesh,p7_chair_dining_french_lod6b29a4880
xmodelmesh,p7_chair_dining_french_lod6e8e700d5
xmodelmesh,p7_chair_folding_wood_worn_lod0c263f410
xmodelmesh,p7_chair_folding_wood_worn_lod12ebe114e
xmodelmesh,p7_chair_folding_wood_worn_lod2a3b856ca
xmodelmesh,p7_chair_folding_wood_worn_lod3ad949595
xmodelmesh,p7_chair_folding_wood_worn_lod4c68e13b6
xmodelmesh,p7_chair_folding_wood_worn_lod5d00ec63d
xmodelmesh,p7_chair_restraint_01_lod0347e8953
xmodelmesh,p7_chair_restraint_01_lod1e721d60
xmodelmesh,p7_chair_restraint_01_lod278f5d2f4
xmodelmesh,p7_chair_restraint_01_lod39b5bc2c
xmodelmesh,p7_chair_restraint_01_lod474d55ba0
xmodelmesh,p7_chair_restraint_01_lod52c68af37
xmodelmesh,p7_clock_metal_wall_01_colb8cdb87e
xmodelmesh,p7_clock_metal_wall_01_lod066f4655
xmodelmesh,p7_clock_metal_wall_01_lod076112c80
xmodelmesh,p7_clock_metal_wall_01_lod079c5584d
xmodelmesh,p7_clock_metal_wall_01_lod08f14d946
xmodelmesh,p7_clock_metal_wall_01_lod09acac0ed
xmodelmesh,p7_clock_metal_wall_01_lod0b502cbde
xmodelmesh,p7_crate_ammo_metal_colb7a04813
xmodelmesh,p7_crate_ammo_metal_lod02989008c
xmodelmesh,p7_crate_ammo_metal_lod1c9fc15bc
xmodelmesh,p7_crate_ammo_metal_lod225614960
xmodelmesh,p7_crate_ammo_metal_lod358819166
xmodelmesh,p7_crate_ammo_metal_lod472d2c115
xmodelmesh,p7_crate_wood_01_colada0c9d4
xmodelmesh,p7_crate_wood_01_lod041ba3a92
xmodelmesh,p7_crate_wood_01_lod1de67d559
xmodelmesh,p7_crate_wood_01_lod219d048eb
xmodelmesh,p7_crate_wood_01_lod2540d0105
xmodelmesh,p7_crate_wood_01_lod263d6e227
xmodelmesh,p7_crate_wood_01_lod29791f391
xmodelmesh,p7_crate_wood_01_lod298186870
xmodelmesh,p7_crate_wood_01_lod29a1133d8
xmodelmesh,p7_crate_wood_01_short_col7835c76c
xmodelmesh,p7_crate_wood_01_short_lod08ce20541
xmodelmesh,p7_crate_wood_01_short_lod15a54ef22
xmodelmesh,p7_crate_wood_01_short_lod252495851
xmodelmesh,p7_crate_wood_01_short_lod26499724f
xmodelmesh,p7_crate_wood_01_short_lod29dcaf9c0
xmodelmesh,p7_crate_wood_01_short_lod2fabbee50
xmodelmesh,p7_crate_wood_02_long_lod03ed0e66
xmodelmesh,p7_crate_wood_02_long_lod16a5bb419
xmodelmesh,p7_crate_wood_02_long_lod24cfa239f
xmodelmesh,p7_crate_wood_02_long_lod3a7a75c14
xmodelmesh,p7_crate_wood_02_long_lod4424c2d3d
xmodelmesh,p7_debris_clothing_piles_01_col8c976b92
xmodelmesh,p7_debris_clothing_piles_01_lod03d32cf20
xmodelmesh,p7_debris_clothing_piles_01_lod04c1db8ba
xmodelmesh,p7_debris_clothing_piles_01_lod05b7b2450
xmodelmesh,p7_debris_clothing_piles_01_lod065861023
xmodelmesh,p7_debris_clothing_piles_01_lod08cde35a5
xmodelmesh,p7_debris_clothing_piles_01_lod09366d11d
xmodelmesh,p7_debris_clothing_piles_01_lod0cf18e045
xmodelmesh,p7_debris_clothing_piles_01_lod0eb31bf40
xmodelmesh,p7_debris_junkyard_scrap_pile_02_lod0f4088202
xmodelmesh,p7_debris_junkyard_scrap_pile_02_lod160e29ded
xmodelmesh,p7_debris_junkyard_scrap_pile_02_lod162ef2f25
xmodelmesh,p7_debris_junkyard_scrap_pile_02_lod1a86ed393
xmodelmesh,p7_debris_junkyard_scrap_pile_02_lod1d7065491
xmodelmesh,p7_desk_metal_old_01_body_col10ffdd45
xmodelmesh,p7_desk_metal_old_01_body_lod05d6ef722
xmodelmesh,p7_desk_metal_old_01_body_lod1aa021552
xmodelmesh,p7_desk_metal_old_01_body_lod27b3c766f
xmodelmesh,p7_desk_metal_old_01_body_lod3f7329d1a
xmodelmesh,p7_desk_metal_old_01_body_lod4be132c8c
xmodelmesh,p7_desk_metal_old_01_body_lod578010f34
xmodelmesh,p7_desk_metal_old_01_body_lod5f1c1db3f
xmodelmesh,p7_desk_metal_old_01_body_lod5f24f7acf
xmodelmesh,p7_eth_foliage_grass_small_clumps_lod0219316bc
xmodelmesh,p7_eth_foliage_grass_small_clumps_lod06cd465dc
xmodelmesh,p7_eth_foliage_grass_small_clumps_lod074247db5
xmodelmesh,p7_eth_foliage_grass_small_clumps_lod0b072196f
xmodelmesh,p7_eth_foliage_grass_small_clumps_lod0ed886ad5
xmodelmesh,p7_file_cab_metal_02_col180c3eb2
xmodelmesh,p7_file_cab_metal_02_lod0f8aa5f09
xmodelmesh,p7_file_cab_metal_02_lod19cd85588
xmodelmesh,p7_file_cab_metal_02_lod238508243
xmodelmesh,p7_file_cab_metal_02_lod32307d8bc
xmodelmesh,p7_file_cab_metal_02_lod44d15d97d
xmodelmesh,p7_foliage_tree_acacia_lrg_01_col3479bb8a
xmodelmesh,p7_foliage_tree_acacia_lrg_01_lod03b105144
xmodelmesh,p7_foliage_tree_acacia_lrg_01_lod04c359784
xmodelmesh,p7_foliage_tree_acacia_lrg_01_lod07c386908
xmodelmesh,p7_foliage_tree_acacia_lrg_01_lod0930f14ea
xmodelmesh,p7_foliage_tree_acacia_lrg_01_lod0972d3ef9
xmodelmesh,p7_foliage_tree_acacia_lrg_01_lod0a527db3d
xmodelmesh,p7_foliage_tree_acacia_lrg_01_lod0e416a955
xmodelmesh,p7_foliage_tree_acacia_lrg_01_lod0e51fab53
xmodelmesh,p7_foliage_tree_mangrove_black_col18ec8b8e
xmodelmesh,p7_foliage_tree_mangrove_black_dead12971528
xmodelmesh,p7_foliage_tree_mangrove_black_dead1b22c3d2
xmodelmesh,p7_foliage_tree_mangrove_black_dead27bedbe1
xmodelmesh,p7_foliage_tree_mangrove_black_dead4986d776
xmodelmesh,p7_foliage_tree_mangrove_black_dead508e4b3e
xmodelmesh,p7_foliage_tree_mangrove_black_dead5454d88e
xmodelmesh,p7_foliage_tree_mangrove_black_deadae429f2
xmodelmesh,p7_foliage_tree_mangrove_black_deadf54ef8c5
xmodelmesh,p7_foliage_tree_pine_snow_02_lod060250dd
xmodelmesh,p7_foliage_tree_pine_snow_04_lod0142373a2
xmodelmesh,p7_foliage_tree_pine_snow_06_lod064383ef7
xmodelmesh,p7_foliage_tree_pine_snow_06_lod180e60855
xmodelmesh,p7_foliage_tree_pine_snow_06_lod26ef54d78
xmodelmesh,p7_foliage_tree_pine_vista_02__lod09218fc56
xmodelmesh,p7_foliage_tree_pine_vista_03_lod0c391aed4
xmodelmesh,p7_foliage_tree_redwood_lrg_base_03_lod05d478d3a
xmodelmesh,p7_foliage_tree_redwood_lrg_base_03_lod17181f345
xmodelmesh,p7_foliage_tree_redwood_lrg_base_03_lod24d417231
xmodelmesh,p7_foliage_tree_redwood_lrg_base_03_lod360892166
xmodelmesh,p7_foliage_tree_redwood_lrg_base_03_lod4dfe20386
xmodelmesh,p7_foliage_tree_redwood_lrg_base_03_lod59e0af94c
xmodelmesh,p7_foliage_tree_redwood_lrg_mid_col699dd383
xmodelmesh,p7_foliage_tree_redwood_lrg_mid_lod0ff465323
xmodelmesh,p7_foliage_tree_redwood_lrg_mid_lod124f34681
xmodelmesh,p7_foliage_tree_redwood_lrg_mid_lod288bba67a
xmodelmesh,p7_foliage_tree_redwood_lrg_mid_lod35f191eb8
xmodelmesh,p7_foliage_tree_redwood_lrg_mid_lod49c96c3cf
xmodelmesh,p7_foliage_tree_redwood_lrg_mid_lod554618010
xmodelmesh,p7_foliage_tree_redwood_lrg_top_lod0713cfd24
xmodelmesh,p7_foliage_tree_redwood_lrg_top_lod1e0b12965
xmodelmesh,p7_foliage_tree_redwood_lrg_top_lod2cfd0c97f
xmodelmesh,p7_foliage_tree_redwood_lrg_top_lod3ad6bc91b
xmodelmesh,p7_foliage_tree_redwood_lrg_top_lod430ff2a6
xmodelmesh,p7_foliage_tree_redwood_lrg_top_lod582540d
xmodelmesh,p7_foliage_tree_redwood_lrg_top_sparse_col5b071b80
xmodelmesh,p7_foliage_tree_redwood_sml_base_03_lod0bdd2e5a7
xmodelmesh,p7_foliage_tree_redwood_sml_base_03_lod1aea87a04
xmodelmesh,p7_foliage_tree_redwood_sml_base_03_lod26eed3f33
xmodelmesh,p7_foliage_tree_redwood_sml_base_03_lod3c5d713b7
xmodelmesh,p7_foliage_tree_redwood_sml_base_03_lod4734c3100
xmodelmesh,p7_foliage_tree_redwood_sml_base_03_lod5828fbcc3
xmodelmesh,p7_foliage_tree_redwood_sml_mid_col9e4d024c
xmodelmesh,p7_foliage_tree_redwood_sml_mid_lod03454b241
xmodelmesh,p7_foliage_tree_redwood_sml_mid_lod192f0fa0c
xmodelmesh,p7_foliage_tree_redwood_sml_mid_lod23a6b7a5f
xmodelmesh,p7_foliage_tree_redwood_sml_mid_lod39e683cde
xmodelmesh,p7_foliage_tree_redwood_sml_mid_lod4e5a3471f
xmodelmesh,p7_foliage_tree_redwood_sml_mid_lod531ff9d5b
xmodelmesh,p7_foliage_tree_redwood_sml_top_col352f7df9
xmodelmesh,p7_foliage_tree_redwood_sml_top_lod03cb020d3
xmodelmesh,p7_foliage_tree_redwood_sml_top_lod1b32c2458
xmodelmesh,p7_foliage_tree_redwood_sml_top_lod2467158ba
xmodelmesh,p7_foliage_tree_redwood_sml_top_lod36fbb62d9
xmodelmesh,p7_foliage_tree_redwood_sml_top_lod48f4a2f5a
xmodelmesh,p7_foliage_tree_redwood_sml_top_lod54ce88b96
xmodelmesh,p7_fxanim_cp_ramses_quadtank_statue_static1_cole25c1d39
xmodelmesh,p7_fxanim_cp_ramses_quadtank_statue_static1_lod037584de9
xmodelmesh,p7_fxanim_cp_ramses_quadtank_statue_static1_lod07fb692d8
xmodelmesh,p7_fxanim_cp_ramses_quadtank_statue_static1_lod2380b3f37
xmodelmesh,p7_fxanim_cp_ramses_quadtank_statue_static1_lod35d3ba154
xmodelmesh,p7_fxanim_cp_ramses_quadtank_statue_static1_lod3ab7e79b9
xmodelmesh,p7_inf_toilet_vintage_bowl_lod0244a399a
xmodelmesh,p7_inf_toilet_vintage_bowl_lod02b46ccad
xmodelmesh,p7_inf_toilet_vintage_bowl_lod05a6cfe
xmodelmesh,p7_inf_toilet_vintage_bowl_lod0731ab3f0
xmodelmesh,p7_inf_toilet_vintage_bowl_lod0ab3eee48
xmodelmesh,p7_inf_toilet_vintage_bowl_lod0aea08755
xmodelmesh,p7_inf_toilet_vintage_bowl_lod0b49554aa
xmodelmesh,p7_inf_toilet_vintage_bowl_lod0e0999172
xmodelmesh,p7_light_fixture_led_utility_cold9bb6a81
xmodelmesh,p7_light_fixture_led_utility_lod01ececb90
xmodelmesh,p7_light_fixture_led_utility_lod02cf3b70d
xmodelmesh,p7_light_fixture_led_utility_lod0525f8f19
xmodelmesh,p7_light_fixture_led_utility_lod064be3964
xmodelmesh,p7_light_fixture_led_utility_lod0691b9590
xmodelmesh,p7_light_fixture_led_utility_lod0d40f9949
xmodelmesh,p7_light_fixture_led_utility_lod0eeca8c96
xmodelmesh,p7_light_fixture_led_utility_lod0f0350f2d
xmodelmesh,p7_light_hanging_half_globe_col220b74b4
xmodelmesh,p7_light_hanging_half_globe_lod03d180c61
xmodelmesh,p7_light_hanging_half_globe_lod06169c7b8
xmodelmesh,p7_light_hanging_half_globe_lod064ec678a
xmodelmesh,p7_light_hanging_half_globe_lod07b51ea01
xmodelmesh,p7_light_hanging_half_globe_lod08a9fa902
xmodelmesh,p7_light_hanging_half_globe_lod0c02ed7d7
xmodelmesh,p7_light_hanging_half_globe_lod0d7443cf0
xmodelmesh,p7_light_hanging_half_globe_lod0e5c93f31
xmodelmesh,p7_light_hanging_vintage_02_set_col127db5d3
xmodelmesh,p7_light_hanging_vintage_02_set_lod0d898273c
xmodelmesh,p7_light_hanging_vintage_02_set_lod12d27ceae
xmodelmesh,p7_light_hanging_vintage_02_set_lod25cfa7696
xmodelmesh,p7_light_hanging_vintage_02_set_lod3806754a4
xmodelmesh,p7_light_hanging_vintage_02_set_lod475675e0
xmodelmesh,p7_light_hanging_vintage_02_set_lod5d6e79028
xmodelmesh,p7_light_wall_modern_02_lod04803c7fd
xmodelmesh,p7_light_wall_modern_02_lod054ed45ca
xmodelmesh,p7_light_wall_modern_02_lod059a60131
xmodelmesh,p7_light_wall_modern_02_lod06267cd86
xmodelmesh,p7_light_wall_modern_02_lod071a159f9
xmodelmesh,p7_light_wall_modern_02_lod089c417af
xmodelmesh,p7_light_wall_modern_02_lod0e1646f3b
xmodelmesh,p7_light_wall_modern_02_lod0eade6688
xmodelmesh,p7_medical_cart_refrigerator_colf8f7da4a
xmodelmesh,p7_medical_cart_refrigerator_lod02cce3c61
xmodelmesh,p7_medical_cart_refrigerator_lod08e9646a7
xmodelmesh,p7_medical_cart_refrigerator_lod0a04032ed
xmodelmesh,p7_medical_cart_refrigerator_lod0a0a156ca
xmodelmesh,p7_medical_cart_refrigerator_lod0bfb412f4
xmodelmesh,p7_medical_cart_refrigerator_lod0dabf67a5
xmodelmesh,p7_medical_cart_refrigerator_lod0dc8f472a
xmodelmesh,p7_medical_cart_refrigerator_lod0e613c6f
xmodelmesh,p7_medical_wheelchair_01_lod06572a7b
xmodelmesh,p7_medical_wheelchair_01_lod151a8414
xmodelmesh,p7_medical_wheelchair_01_lod2bea3eacf
xmodelmesh,p7_medical_wheelchair_01_lod3aee247d2
xmodelmesh,p7_medical_wheelchair_01_lod420f46202
xmodelmesh,p7_medical_wheelchair_01_lod5c00b9c58
xmodelmesh,p7_pipe_metal_hp_4_valve_01_col73fb0a3a
xmodelmesh,p7_pipe_metal_hp_4_valve_01_lod02473ba7f
xmodelmesh,p7_pipe_metal_hp_4_valve_01_lod0297314eb
xmodelmesh,p7_pipe_metal_hp_4_valve_01_lod0429e68
xmodelmesh,p7_pipe_metal_hp_4_valve_01_lod31f3787de
xmodelmesh,p7_pipe_metal_hp_4_valve_01_lod4771ae322
xmodelmesh,p7_pipe_metal_hp_4_valve_01_lod5ac3a50c7
xmodelmesh,p7_props_ac_unit_med_long_bc9f63bc55
xmodelmesh,p7_props_ac_unit_med_long_lod08ca7dd9f
xmodelmesh,p7_props_ac_unit_med_long_lod191650b25
xmodelmesh,p7_props_ac_unit_med_long_lod270617cae
xmodelmesh,p7_props_ac_unit_med_long_lod2a68ebe44
xmodelmesh,p7_props_ac_unit_med_long_lod2bf4509f6
xmodelmesh,p7_sandbag_stack_32_left_cold5632b39
xmodelmesh,p7_sandbag_stack_32_left_lod23ba05f3e
xmodelmesh,p7_sandbag_stack_32_left_lod25197ecd0
xmodelmesh,p7_sandbag_stack_32_left_lod28a5f4a
xmodelmesh,p7_sandbag_stack_32_left_lod29302d32a
xmodelmesh,p7_sandbag_stack_32_left_lod295aad8ff
xmodelmesh,p7_sandbag_stack_32_left_lod2c19f5db7
xmodelmesh,p7_sandbag_stack_32_left_lod2c61f5e92
xmodelmesh,p7_sandbag_stack_32_left_lod2fe85ddaa
xmodelmesh,p7_sandbag_stack_44_middle_col732c1d4c
xmodelmesh,p7_sandbag_stack_44_middle_lod412ca4f6e
xmodelmesh,p7_sandbag_stack_44_middle_lod42aa2ac05
xmodelmesh,p7_sandbag_stack_44_middle_lod42e484f85
xmodelmesh,p7_sandbag_stack_44_middle_lod432c69c53
xmodelmesh,p7_sandbag_stack_44_middle_lod441485a0b
xmodelmesh,p7_sandbag_stack_44_middle_lod443011589
xmodelmesh,p7_sandbag_stack_44_middle_lod473373072
xmodelmesh,p7_sandbag_stack_44_middle_lod4ed5a4b8f
xmodelmesh,p7_shelf_industrial_vintage_96_col1f3c45d4
xmodelmesh,p7_shelf_industrial_vintage_96_lod029151e75
xmodelmesh,p7_shelf_industrial_vintage_96_lod1740f3215
xmodelmesh,p7_shelf_industrial_vintage_96_lod2ccae19cb
xmodelmesh,p7_shelf_industrial_vintage_96_lod317546b40
xmodelmesh,p7_shelf_industrial_vintage_96_lod460065baa
xmodelmesh,p7_shelf_industrial_vintage_96_lod47c1660ac
xmodelmesh,p7_sin_rowhouse_b_win_shutter_lt_v2_col9afcbfb6
xmodelmesh,p7_sin_rowhouse_b_win_shutter_lt_v2_lod07494dc09
xmodelmesh,p7_sin_rowhouse_b_win_shutter_lt_v2_lod1a3997c1e
xmodelmesh,p7_sin_rowhouse_b_win_shutter_lt_v2_lod2e2231218
xmodelmesh,p7_sin_rowhouse_b_win_shutter_lt_v2_lod371f141be
xmodelmesh,p7_sink_ceramic_old_01_col52b34b8
xmodelmesh,p7_sink_ceramic_old_01_lod01c2defb2
xmodelmesh,p7_sink_ceramic_old_01_lod01f4e6e0
xmodelmesh,p7_sink_ceramic_old_01_lod03a208ce0
xmodelmesh,p7_sink_ceramic_old_01_lod04bf30258
xmodelmesh,p7_sink_ceramic_old_01_lod05cddd443
xmodelmesh,p7_sink_ceramic_old_01_lod05d7babfd
xmodelmesh,p7_street_bench_long_dirty_cold14d2a6f
xmodelmesh,p7_street_bench_long_lod0d75dde95
xmodelmesh,p7_street_bench_long_lod1c539fe6c
xmodelmesh,p7_street_bench_long_lod26d9b6f52
xmodelmesh,p7_street_bench_long_lod3ab54dfb
xmodelmesh,p7_street_bench_long_lod42cd59f02
xmodelmesh,p7_street_bench_long_lod49ee234ac
xmodelmesh,p7_street_bench_long_lod4cb611891
xmodelmesh,p7_table_wood_rectangle_col80520b54
xmodelmesh,p7_table_wood_rectangle_lod0be631130
xmodelmesh,p7_table_wood_rectangle_lod1df4610d7
xmodelmesh,p7_table_wood_rectangle_lod226cc266f
xmodelmesh,p7_table_wood_rectangle_lod33314bb70
xmodelmesh,p7_trashcan_street_metal_lid_01_colbfe31cc0
xmodelmesh,p7_trashcan_street_metal_lid_01_lod0f59dc1fd
xmodelmesh,p7_trashcan_street_metal_lid_01_lod18cd0d811
xmodelmesh,p7_trashcan_street_metal_lid_01_lod293e9170b
xmodelmesh,p7_trashcan_street_metal_lid_01_lod33138f39b
xmodelmesh,p7_trashcan_street_metal_lid_01_lod454ec7f7d
xmodelmesh,p7_trashcan_street_metal_open_dmg_col15967bc
xmodelmesh,p7_trashcan_street_metal_open_dmg_lod05cb9cea9
xmodelmesh,p7_trashcan_street_metal_open_dmg_lod140067489
xmodelmesh,p7_trashcan_street_metal_open_dmg_lod27475b0f3
xmodelmesh,p7_trashcan_street_metal_open_dmg_lod33f89ce7b
xmodelmesh,p7_trashcan_street_metal_open_dmg_lod4107266d9
xmodelmesh,p7_trashcan_street_metal_open_dmg_lod5531e9788
xmodelmesh,p7_wall_radiator_vintage_lod092b28410
xmodelmesh,p7_wall_radiator_vintage_lod146d68295
xmodelmesh,p7_wall_radiator_vintage_lod22ec96e5f
xmodelmesh,p7_wall_radiator_vintage_lod2de232e0c
xmodelmesh,p7_zm_der_pswitch_body_lod01d89a5ff
xmodelmesh,p7_zm_der_pswitch_body_lod0324925aa
xmodelmesh,p7_zm_der_pswitch_body_lod03574d976
xmodelmesh,p7_zm_der_pswitch_body_lod05296e5de
xmodelmesh,p7_zm_der_pswitch_body_lod05e5bfa9f
xmodelmesh,p7_zm_der_pswitch_body_lod07da53bd6
xmodelmesh,p7_zm_der_pswitch_body_lod08f16cbc
xmodelmesh,p7_zm_der_pswitch_body_lod0c02f5a4a
xmodelmesh,p7_zm_der_pswitch_handle_lod0250846ac
xmodelmesh,p7_zm_der_pswitch_handle_lod063410b3d
xmodelmesh,p7_zm_der_pswitch_handle_lod066495e4b
xmodelmesh,p7_zm_der_pswitch_handle_lod077a229ac
xmodelmesh,p7_zm_der_pswitch_handle_lod09e863e5e
xmodelmesh,p7_zm_der_pswitch_handle_lod0cee74aa4
xmodelmesh,p7_zm_der_pswitch_handle_lod0d4f6da1f
xmodelmesh,p7_zm_der_pswitch_handle_lod0d75f8d9e
xmodelmesh,p7_zur_bakery_deco_cutting_board_col88b8fef5
xmodelmesh,p7_zur_bakery_deco_cutting_board_lod0d89dd0ea
xmodelmesh,p7_zur_bakery_deco_cutting_board_lod1247940fe
xmodelmesh,p7_zur_bakery_deco_cutting_board_lod241f11b87
xmodelmesh,t6_skyboxfb7b39d6
material,ec/gfx_rain_01_pcloud_em_oo
material,ec/gfx_rain_02_pcloud_em_oo
material,ec/gfx_rain_03_pcloud_em_oo
material,ei/gfx_gel_drops_full_lite_spec|dup
material,ei/gfx_lightning_beam_em_i1000|dup
material,ei/gfx_spark_single_orange_em
material,ei/gfx_spark_single_orange_em|dup
material,luts_t7_default
material,mc/bullet_collision_bark
material,mc/bullet_collision_ceramic
material,mc/bullet_collision_concrete
material,mc/bullet_collision_glass
material,mc/bullet_collision_metalthin
material,mc/bullet_collision_paper
material,mc/bullet_collision_sand
material,mc/bullet_collision_wood
material,mc/mtl_c_zom_der_zombie_body1
material,mc/mtl_c_zom_der_zombie_body1_chest
material,mc/mtl_c_zom_der_zombie_body2
material,mc/mtl_c_zom_der_zombie_body2_skin
material,mc/mtl_c_zom_der_zombie_gear_g43pouch
material,mc/mtl_c_zom_der_zombie_gear_k98pouch
material,mc/mtl_c_zom_der_zombie_gear_knife
material,mc/mtl_c_zom_der_zombie_gear_mp40pouch
material,mc/mtl_c_zom_der_zombie_head1
material,mc/mtl_c_zom_der_zombie_head1u
material,mc/mtl_c_zom_der_zombie_head2
material,mc/mtl_c_zom_der_zombie_head3
material,mc/mtl_c_zom_der_zombie_helmet1
material,mc/mtl_c_zom_zod_zombie_fem_body_1_skin
material,mc/mtl_c_zom_zod_zombie_fem_boots
material,mc/mtl_cp_sing_vengeance
material,mc/mtl_mtl_p7_cai_foliage_flower_penstemon_flowers_dry
material,mc/mtl_mtl_p7_cai_foliage_flower_penstemon_leaves_dry
material,mc/mtl_p7_ac_unit_extra
material,mc/mtl_p7_ac_unit_med_long
material,mc/mtl_p7_bartop_metal_sink
material,mc/mtl_p7_bathtub_clawfoot_01
material,mc/mtl_p7_bathtub_clawfoot_01_leg
material,mc/mtl_p7_bathtub_clawfoot_01_pipes
material,mc/mtl_p7_bed_boxspring_queen_02_decal
material,mc/mtl_p7_bed_boxspring_queen_02_dirt
material,mc/mtl_p7_bed_frame_wood_queen_02_bld
material,mc/mtl_p7_bed_frame_wood_queen_02_cloth_01_bld
material,mc/mtl_p7_bed_frame_wood_queen_02_cloth_02_bld
material,mc/mtl_p7_bed_frame_wood_queen_02_cloth_03_bld
material,mc/mtl_p7_bed_frame_wood_queen_02_cloth_04_bld
material,mc/mtl_p7_book_vintage_cover_01_burn
material,mc/mtl_p7_book_vintage_page_01_burn
material,mc/mtl_p7_bookcase_wood_3_shelves
material,mc/mtl_p7_bookcase_wood_3_shelves_brown
material,mc/mtl_p7_bottle_glass_liquor_03
material,mc/mtl_p7_cai_light_sconce_exterior_01
material,mc/mtl_p7_cai_light_sconce_exterior_01_glass
material,mc/mtl_p7_cai_statue_rs_plaza_base
material,mc/mtl_p7_cai_statue_rs_plaza_body
material,mc/mtl_p7_cai_statue_rs_plaza_body_feathers
material,mc/mtl_p7_cai_statue_rs_plaza_obelisk
material,mc/mtl_p7_cai_statue_rs_plaza_obelisk_glyph
material,mc/mtl_p7_cai_statue_rs_plaza_obelisk_top
material,mc/mtl_p7_cai_statue_rs_plaza_obelisk_trim
material,mc/mtl_p7_cai_statue_rs_plaza_tail
material,mc/mtl_p7_cai_statue_rs_plaza_wing
material,mc/mtl_p7_cai_statue_rs_plaza_wing_feathers
material,mc/mtl_p7_cai_statue_rs_wing_blue_gold
material,mc/mtl_p7_cai_vista_mountain_long_01
material,mc/mtl_p7_camp_fire_pit_equipment
material,mc/mtl_p7_can_metal_01
material,mc/mtl_p7_chair_dining_french_worn_fabric
material,mc/mtl_p7_chair_dining_french_worn_wood
material,mc/mtl_p7_chair_folding_wood_worn_metal_blend
material,mc/mtl_p7_chair_folding_wood_worn_wood_blend
material,mc/mtl_p7_chair_restraint_01_01_leather
material,mc/mtl_p7_chair_restraint_01_01_metal
material,mc/mtl_p7_chair_restraint_01_01_rubber
material,mc/mtl_p7_chair_restraint_01_metal
material,mc/mtl_p7_chair_restraint_01_metal_01
material,mc/mtl_p7_chair_restraint_01_nail
material,mc/mtl_p7_clock_metal_wall_01
material,mc/mtl_p7_crate_ammo_metal_decal
material,mc/mtl_p7_crate_ammo_metal_painted_worn
material,mc/mtl_p7_crate_wood_01
material,mc/mtl_p7_crate_wood_01_dark
material,mc/mtl_p7_crate_wood_01_dark_wet
material,mc/mtl_p7_crate_wood_01_wet
material,mc/mtl_p7_crate_wood_02_long_metal_blend_snow
material,mc/mtl_p7_crate_wood_02_long_wood_blend_snow
material,mc/mtl_p7_crate_wood_02_nail
material,mc/mtl_p7_debris_clothing_piles_01
material,mc/mtl_p7_debris_junkyard_scrap
material,mc/mtl_p7_desk_metal_old_01_brushed_metal_rusty
material,mc/mtl_p7_desk_metal_old_01_rusty
material,mc/mtl_p7_desk_metal_old_01_tabletop_rusty
material,mc/mtl_p7_file_cab_metal_02_brushed_metal_rusty
material,mc/mtl_p7_file_cab_metal_02_drawer_rusty
material,mc/mtl_p7_file_cab_metal_02_rusty
material,mc/mtl_p7_foliage_grass_tall
material,mc/mtl_p7_foliage_tree_acacia_bark_decal
material,mc/mtl_p7_foliage_tree_acacia_leaves
material,mc/mtl_p7_foliage_tree_acacia_leaves_dead
material,mc/mtl_p7_foliage_tree_acacia_lrg_01_trunk
material,mc/mtl_p7_foliage_tree_mangrove_black_mud
material,mc/mtl_p7_foliage_tree_mangrove_black_trunk
material,mc/mtl_p7_foliage_tree_mangrove_branch_dead
material,mc/mtl_p7_foliage_tree_mangrove_knots
material,mc/mtl_p7_foliage_tree_pine_01
material,mc/mtl_p7_foliage_tree_pine_trunk_01
material,mc/mtl_p7_foliage_tree_redwood_trunk_lrg
material,mc/mtl_p7_foliage_tree_redwood_trunk_lrg_branches
material,mc/mtl_p7_foliage_tree_redwood_trunk_lrg_mid
material,mc/mtl_p7_foliage_tree_redwood_trunk_lrg_seam
material,mc/mtl_p7_foliage_tree_redwood_trunk_lrg_stem
material,mc/mtl_p7_foliage_tree_redwood_trunk_small
material,mc/mtl_p7_foliage_tree_redwood_trunk_small_mid
material,mc/mtl_p7_fxanim_gp_concrete_pebbles_cracked_crack
material,mc/mtl_p7_inf_toilet_vintage
material,mc/mtl_p7_inf_toilet_vintage_metal
material,mc/mtl_p7_inf_toilet_vintage_wood
material,mc/mtl_p7_light_fixture_led_utility
material,mc/mtl_p7_light_hanging_half_globe_glass
material,mc/mtl_p7_light_hanging_half_globe_metal
material,mc/mtl_p7_light_hanging_vintage_02_glass
material,mc/mtl_p7_light_hanging_vintage_02_metal
material,mc/mtl_p7_light_led_box
material,mc/mtl_p7_light_wall_modern_02
material,mc/mtl_p7_medical_cart_refrigerator
material,mc/mtl_p7_medical_cart_refrigerator_glass
material,mc/mtl_p7_medical_wheelchair_01_hospital
material,mc/mtl_p7_medical_wheelchair_01_metal
material,mc/mtl_p7_medical_wheelchair_01_metal_dark
material,mc/mtl_p7_medical_wheelchair_01_oxygen
material,mc/mtl_p7_medical_wheelchair_01_wheel
material,mc/mtl_p7_medical_wheelchair_oxygen_holder
material,mc/mtl_p7_pipe_metal_hp_4_02_grey_dk
material,mc/mtl_p7_sandbag_01
material,mc/mtl_p7_sandbag_02
material,mc/mtl_p7_shelf_industrial_vintage_metal
material,mc/mtl_p7_shelf_industrial_vintage_wood
material,mc/mtl_p7_sin_rowhouse_b_win_shutter_v2
material,mc/mtl_p7_sin_rowhouse_shutter_hinge
material,mc/mtl_p7_sin_rowhouse_wndw_handle
material,mc/mtl_p7_sink_ceramic_old_01
material,mc/mtl_p7_sink_ceramic_old_01_faucet
material,mc/mtl_p7_sink_ceramic_old_01_pipes
material,mc/mtl_p7_street_bench_dirty
material,mc/mtl_p7_table_wood_rectangle
material,mc/mtl_p7_table_wood_rectangle_metal
material,mc/mtl_p7_trashcan_street_metal
material,mc/mtl_p7_trashcan_street_metal_decal_01
material,mc/mtl_p7_trashcan_street_metal_decal_02
material,mc/mtl_p7_trashcan_street_metal_decal_03
material,mc/mtl_p7_trashcan_street_metal_decal_04
material,mc/mtl_p7_trashcan_street_metal_decal_05
material,mc/mtl_p7_trashcan_street_metal_dmg
material,mc/mtl_p7_wall_radiator_vintage
material,mc/mtl_p7_zm_der_pswitch_body
material,mc/mtl_p7_zm_der_pswitch_body_brass
material,mc/mtl_p7_zm_der_pswitch_body_plastic
material,mc/mtl_p7_zm_der_pswitch_body_plastic_red
material,mc/mtl_p7_zm_der_pswitch_bulb
material,mc/mtl_p7_zm_der_pswitch_glass
material,mc/mtl_p7_zm_der_pswitch_handle
material,mc/mtl_p7_zm_der_pswitch_handle_blk
material,mc/mtl_p7_zm_der_pswitch_handle_red
material,mc/mtl_p7_zm_der_teleporter_control_gauge
material,mc/mtl_skybox_cp_mi_sing_biodomes
material,mc/mtl_skybox_default_black
material,mc/mtl_skybox_default_day
material,mc/t7_decal_damage_wood_hole_05
material,mc/t7_decal_damage_wood_hole_06
material,mc/t7_decal_grunge_splat_01
material,mc/t7_decal_grunge_splat_02
material,mc/t7_decal_grunge_splat_03
material,mc/t7_decal_grunge_splat_04
material,mc/t7_decal_metal_fasteners_black
material,mc/t7_glass_dirty_streaks
material,mc/t7_metal_chain
material,mc/t7_metal_chain_brass_dirty
material,mc/t7_metal_tarnished_dark
material,mc/t7_wood_worn_dark_light_smooth
material,mc/t7_wood_worn_dark_stained_smooth
material,vd/t7_decal_raindrops
material,wc/infinite_blackness
material,wc/mtl_p7_cai_hav_dropship_dmg_int_dirty_glass
material,wc/mtl_p7_fxp_debris_dirt_rocky_01_brown
material,wc/p7_vld_wood_roof_base
material,wc/shadowcaster
material,wc/t7_brick_worn_heavy_grout_dirty_wet
material,wc/t7_brick_worn_heavy_grout_red_damaged_grime
material,wc/t7_brick_worn_rounded_warm
material,wc/t7_cai_street_sidewalk_old_03
material,wc/t7_ceramic_floor_tile_mossaic_01
material,wc/t7_ceramic_terrazzo_floor_tile_01
material,wc/t7_ceramic_tile_mosaic_yellow
material,wc/t7_ceramic_tile_shower_green
material,wc/t7_concrete_floor_sealed_01
material,wc/t7_concrete_rough_layered_01
material,wc/t7_concrete_trim_beveled_03_wet
material,wc/t7_concrete_trim_moulding_01
material,wc/t7_concrete_wall_poured_thick_01_wet
material,wc/t7_decal_blood_drips_03
material,wc/t7_decal_blood_droplets_01_dry
material,wc/t7_decal_blood_pool_01
material,wc/t7_decal_blood_puddles_01
material,wc/t7_decal_blood_splatter_02
material,wc/t7_decal_damage_burn_directional_01
material,wc/t7_decal_damage_burn_impact_02
material,wc/t7_decal_damage_burn_impact_04
material,wc/t7_decal_damage_concrete_blast
material,wc/t7_decal_damage_concrete_corner_01
material,wc/t7_decal_damage_concrete_cracks_01
material,wc/t7_decal_damage_concrete_patch_02
material,wc/t7_decal_damage_crack_04
material,wc/t7_decal_damage_crack_line_02
material,wc/t7_decal_damage_ground_cracked_01
material,wc/t7_decal_damage_plaster_drywall_01
material,wc/t7_decal_fixture_door_wood_02
material,wc/t7_decal_foliage_ivy_tiled
material,wc/t7_decal_foliage_ivy_vine
material,wc/t7_decal_foliage_vines_lit_01
material,wc/t7_decal_grunge_burnt_stain_01
material,wc/t7_decal_grunge_burnt_stain_02_lit
material,wc/t7_decal_grunge_burnt_stain_03
material,wc/t7_decal_grunge_calcium_drip_02_blend_rust
material,wc/t7_decal_grunge_newspapers_01
material,wc/t7_decal_grunge_newspapers_03
material,wc/t7_decal_grunge_oil_stain_02
material,wc/t7_decal_grunge_oil_stain_03
material,wc/t7_decal_grunge_papers_01
material,wc/t7_decal_grunge_stain_adobe_bottom_01
material,wc/t7_decal_raindrops
material,wc/t7_decal_signage_poster_car_race_01
material,wc/t7_dirt_grassy_forest_ground
material,wc/t7_glass_dirty_chemical_stain
material,wc/t7_glass_reinforced_01_opaque_white_cracked
material,wc/t7_glass_window_warehouse
material,wc/t7_grass_lawn_medium_wild_green
material,wc/t7_grass_lawn_medium_wild_green_blend
material,wc/t7_metal_paint_rust_brown
material,wc/t7_metal_paint_rust_white
material,wc/t7_plaster_cracked_dark_brown_01
material,wc/t7_plaster_cracked_gray
material,wc/t7_plaster_cracked_light_01
material,wc/t7_plaster_cracked_light_01_orange
material,wc/t7_plaster_decorated_panel_patina
material,wc/t7_plaster_paint_peel
material,wc/t7_plaster_painted_over_01_red
material,wc/t7_plaster_peeling_01
material,wc/t7_plaster_rough_worn_01_drk
material,wc/t7_plaster_smooth_dirty_01_yellow
material,wc/t7_plaster_wall_01
material,wc/t7_plaster_wallpaper_pattern_06
material,wc/t7_plaster_wallpaper_pattern_10
material,wc/t7_rock_cobblestone_round_wet
material,wc/t7_rock_sand_crumbled_large_blend
material,wc/t7_rubble_concrete_lg_blend
material,wc/t7_rubble_concrete_md_blend
material,wc/t7_rubble_trash_pile_01
material,wc/t7_stone_jagged
material,wc/t7_stone_marble_dark_01
material,wc/t7_stone_marble_tile_4x4_painted_circles_diamonds
material,wc/t7_stone_sandstone_block_med_01_grey
material,wc/t7_water_zm_der_vats
material,wc/t7_wood_burned
material,wc/t7_wood_burned_ember
material,wc/t7_wood_hardwood_oak
material,wc/t7_wood_hardwood_oak_worn
material,wc/t7_wood_panel_worn_brown
material,wc/t7_wood_panel_worn_brown_dirty
material,wc/t7_wood_particle_trim_worn
material,wc/t7_wood_particle_worn
material,wc/t7_wood_plank_floor_02
material,wc/t7_wood_plywood_splintered
material,wc/t7_wood_roof_tiles_01
material,wc/t7_wood_trim_brown_01
material,wc/t7_wood_wall_panel_01
material,wc/t7_zm_zod_decal_signage_misery_poster
techset,ec/effect_cloud_lit_emissive_blend_nocull_outdoor#7503baf8
techset,mc/emissive_add#e6142445
techset,mc/fxanim_decal#e6142445
techset,mc/fxanim_lit#e6142445
techset,mc/fxanim_micro_tile_blend#e6142445
techset,mc/fxanim_vegetation#e6142445
techset,mc/fxanim_vegetation_plus#e6142445
techset,mc/glass_backlit#e6142445
techset,mc/lit_alphatest_nocull_advanced#e6142445
techset,mc/lit_backlit#e6142445
techset,mc/lit_backlit_advanced#e6142445
techset,mc/lit_decal_diffuse_reveal#e6142445
techset,mc/lit_fxanim_cracks#e6142445
techset,mc/lit_micro_tile_blend_advanced#e6142445
techset,mc/lit_micro_tile_blend_plus#e6142445
techset,mc/lit_micro_tile_grime_mix#e6142445
techset,mc/lit_micro_tiled#e6142445
techset,mc/lit_micro_tiled_macro_color#e6142445
techset,mc/lit_micro_tiled_macro_color_advanced#e6142445
techset,mc/lit_transparent_backlit#e6142445
techset,mc/sky_hdr#e6142445
techset,mc/sky_latlong_hdr#e6142445
techset,vd/lit_decal_raindrops#36ede2cf
techset,wc/glass#882572b8
techset,wc/lit#882572b8
techset,wc/lit_decal#882572b8
techset,wc/lit_decal_diffuse#882572b8
techset,wc/lit_decal_diffuse_reveal#882572b8
techset,wc/lit_decal_diffuse_spec_gloss#882572b8
techset,wc/lit_decal_diffuse_spec_gloss_reveal#882572b8
techset,wc/lit_decal_raindrops#882572b8
techset,wc/lit_decal_reveal#882572b8
techset,wc/lit_decal_reveal_plus#882572b8
techset,wc/lit_detail#882572b8
techset,wc/lit_detail_alphatest#882572b8
techset,wc/lit_detail_backlit#882572b8
techset,wc/lit_detail_plus#882572b8
techset,wc/lit_micro_tile_blend#882572b8
techset,wc/lit_micro_tile_blend_plus#882572b8
techset,wc/lit_micro_tile_grime_mix_plus#882572b8
techset,wc/lit_plus#882572b8
techset,wc/shadowcaster#882572b8
techset,wc/vegetation#882572b8
image,$black_thickness
image,$thickness
image,detail_noise
image,flow_map_noise_test
image,fxt_spark_single_orange
image,i_c_gen_reveal_2k_sq_r
image,i_c_zom_der_zombie_body1_ao
image,i_c_zom_der_zombie_body1_c
image,i_c_zom_der_zombie_body1_chest_ao
image,i_c_zom_der_zombie_body1_chest_c
image,i_c_zom_der_zombie_body1_chest_g
image,i_c_zom_der_zombie_body1_chest_n
image,i_c_zom_der_zombie_body1_g
image,i_c_zom_der_zombie_body1_n
image,i_c_zom_der_zombie_body2_ao
image,i_c_zom_der_zombie_body2_c
image,i_c_zom_der_zombie_body2_g
image,i_c_zom_der_zombie_body2_n
image,i_c_zom_der_zombie_body2_s
image,i_c_zom_der_zombie_body2_skin_ao
image,i_c_zom_der_zombie_body2_skin_c
image,i_c_zom_der_zombie_body2_skin_g
image,i_c_zom_der_zombie_body2_skin_n
image,i_c_zom_der_zombie_g43pouch_ao
image,i_c_zom_der_zombie_g43pouch_c
image,i_c_zom_der_zombie_g43pouch_g
image,i_c_zom_der_zombie_g43pouch_n
image,i_c_zom_der_zombie_g43pouch_s
image,i_c_zom_der_zombie_head1_ao
image,i_c_zom_der_zombie_head1_c
image,i_c_zom_der_zombie_head1_g
image,i_c_zom_der_zombie_head1_n
image,i_c_zom_der_zombie_head2_ao
image,i_c_zom_der_zombie_head2_c
image,i_c_zom_der_zombie_head2_g
image,i_c_zom_der_zombie_head2_n
image,i_c_zom_der_zombie_head3_ao
image,i_c_zom_der_zombie_head3_c
image,i_c_zom_der_zombie_head3_g
image,i_c_zom_der_zombie_head3_n
image,i_c_zom_der_zombie_helmet1_c
image,i_c_zom_der_zombie_helmet1_g
image,i_c_zom_der_zombie_helmet1_n
image,i_c_zom_der_zombie_helmet1_o
image,i_c_zom_der_zombie_k98pouch_ao
image,i_c_zom_der_zombie_k98pouch_c
image,i_c_zom_der_zombie_k98pouch_g
image,i_c_zom_der_zombie_k98pouch_n
image,i_c_zom_der_zombie_k98pouch_s
image,i_c_zom_der_zombie_knife_ao
image,i_c_zom_der_zombie_knife_c
image,i_c_zom_der_zombie_knife_g
image,i_c_zom_der_zombie_knife_n
image,i_c_zom_der_zombie_knife_s
image,i_c_zom_der_zombie_mp40pouch_ao
image,i_c_zom_der_zombie_mp40pouch_c
image,i_c_zom_der_zombie_mp40pouch_g
image,i_c_zom_der_zombie_mp40pouch_n
image,i_c_zom_der_zombie_mp40pouch_s
image,i_c_zom_zod_zombie_fem_body_1_skin_c
image,i_c_zom_zod_zombie_fem_body_1_skin_g
image,i_c_zom_zod_zombie_fem_body_1_skin_n
image,i_c_zom_zod_zombie_fem_boots_c
image,i_c_zom_zod_zombie_fem_boots_g
image,i_c_zom_zod_zombie_fem_boots_n
image,i_cp_sing_vengeance
image,i_gfx_rain_01_pcloud_em_oo
image,i_gfx_rain_01_pcloud_em_oo_r
image,i_gfx_rain_02_pcloud_em_oo
image,i_gfx_rain_02_pcloud_em_oo_r
image,i_gfx_rain_03_pcloud_em_oo
image,i_gfx_rain_03_pcloud_em_oo_r
image,i_mtl_p7_ac_unit_extra_c
image,i_mtl_p7_ac_unit_extra_g
image,i_mtl_p7_ac_unit_extra_n
image,i_mtl_p7_ac_unit_med_long_c
image,i_mtl_p7_ac_unit_med_long_g
image,i_mtl_p7_ac_unit_med_long_n
image,i_mtl_p7_ac_unit_med_long_o
image,i_mtl_p7_ac_unit_med_long_s
image,i_mtl_p7_bartop_metal_base_c
image,i_mtl_p7_bartop_metal_base_g
image,i_mtl_p7_bartop_metal_base_n
image,i_mtl_p7_bartop_metal_sink_c
image,i_mtl_p7_bartop_metal_sink_n
image,i_mtl_p7_bartop_metal_sink_o
image,i_mtl_p7_bathtub_clawfoot_01_leg_m
image,i_mtl_p7_bathtub_clawfoot_01_leg_n
image,i_mtl_p7_bathtub_clawfoot_01_leg_o
image,i_mtl_p7_bathtub_clawfoot_01_m
image,i_mtl_p7_bathtub_clawfoot_01_n
image,i_mtl_p7_bathtub_clawfoot_01_pipes_m
image,i_mtl_p7_bathtub_clawfoot_01_pipes_n
image,i_mtl_p7_bathtub_clawfoot_01_pipes_o
image,i_mtl_p7_bed_boxspring_queen_02_cloth_02_c
image,i_mtl_p7_bed_boxspring_queen_02_decal_a
image,i_mtl_p7_bed_boxspring_queen_02_decal_c
image,i_mtl_p7_bed_boxspring_queen_02_decal_n
image,i_mtl_p7_bed_frame_wood_queen_02_cloth_m
image,i_mtl_p7_bed_frame_wood_queen_02_cloth_n
image,i_mtl_p7_bed_frame_wood_queen_02_m
image,i_mtl_p7_bed_frame_wood_queen_02_n
image,i_mtl_p7_blast_wall_concrete_decal_02_c
image,i_mtl_p7_blast_wall_concrete_decal_c
image,i_mtl_p7_book_vintage_cover_01_burn_c
image,i_mtl_p7_book_vintage_cover_01_burn_n
image,i_mtl_p7_book_vintage_page_01_burn_c
image,i_mtl_p7_book_vintage_page_01_burn_n
image,i_mtl_p7_bookcase_wood_3_shelves_c
image,i_mtl_p7_bookcase_wood_3_shelves_n
image,i_mtl_p7_bottle_glass_liquor_03_c
image,i_mtl_p7_bottle_glass_liquor_03_g
image,i_mtl_p7_bottle_glass_liquor_03_n
image,i_mtl_p7_cai_foliage_flower_penstemon_flowers_dry_c
image,i_mtl_p7_cai_foliage_flower_penstemon_flowers_dry_n
image,i_mtl_p7_cai_foliage_flower_penstemon_flowers_dry_t
image,i_mtl_p7_cai_foliage_flower_penstemon_flowers_r
image,i_mtl_p7_cai_foliage_flower_penstemon_leaves_dry_c
image,i_mtl_p7_cai_foliage_flower_penstemon_leaves_dry_n
image,i_mtl_p7_cai_foliage_flower_penstemon_leaves_dry_t
image,i_mtl_p7_cai_light_sconce_exterior_01_m
image,i_mtl_p7_cai_light_sconce_exterior_01_n
image,i_mtl_p7_cai_light_sconce_exterior_01_o
image,i_mtl_p7_cai_statue_rs_plaza_base_m
image,i_mtl_p7_cai_statue_rs_plaza_base_n
image,i_mtl_p7_cai_statue_rs_plaza_base_o
image,i_mtl_p7_cai_statue_rs_plaza_body_m
image,i_mtl_p7_cai_statue_rs_plaza_body_m2
image,i_mtl_p7_cai_statue_rs_plaza_body_n
image,i_mtl_p7_cai_statue_rs_plaza_body_o
image,i_mtl_p7_cai_statue_rs_plaza_obelisk_glyph_m
image,i_mtl_p7_cai_statue_rs_plaza_obelisk_glyph_n
image,i_mtl_p7_cai_statue_rs_plaza_obelisk_glyph_o
image,i_mtl_p7_cai_statue_rs_plaza_obelisk_m
image,i_mtl_p7_cai_statue_rs_plaza_obelisk_n
image,i_mtl_p7_cai_statue_rs_plaza_obelisk_top_m
image,i_mtl_p7_cai_statue_rs_plaza_obelisk_top_n
image,i_mtl_p7_cai_statue_rs_plaza_obelisk_top_o
image,i_mtl_p7_cai_statue_rs_plaza_tail_m
image,i_mtl_p7_cai_statue_rs_plaza_tail_n
image,i_mtl_p7_cai_statue_rs_plaza_tail_o
image,i_mtl_p7_cai_statue_rs_plaza_wing_feathers_m
image,i_mtl_p7_cai_statue_rs_plaza_wing_m
image,i_mtl_p7_cai_statue_rs_plaza_wing_n
image,i_mtl_p7_cai_statue_rs_plaza_wing_o
image,i_mtl_p7_cai_street_vendor_02_dirty_c
image,i_mtl_p7_cai_vista_mountain_long_01_m
image,i_mtl_p7_cai_vista_mountain_long_01_n
image,i_mtl_p7_camp_fire_pit_equipment_c
image,i_mtl_p7_camp_fire_pit_equipment_n
image,i_mtl_p7_can_metal_01_c
image,i_mtl_p7_can_metal_01_n
image,i_mtl_p7_chair_dining_french_n
image,i_mtl_p7_chair_folding_wood_inside_c
image,i_mtl_p7_chair_folding_wood_inside_n
image,i_mtl_p7_chair_folding_wood_metal_n
image,i_mtl_p7_chair_folding_wood_metal_rust_c
image,i_mtl_p7_chair_folding_wood_metal_rust_n
image,i_mtl_p7_chair_folding_wood_wood_c
image,i_mtl_p7_chair_folding_wood_worn_m
image,i_mtl_p7_chair_folding_wood_worn_n
image,i_mtl_p7_chair_restraint_01_01_leather_m
image,i_mtl_p7_chair_restraint_01_01_leather_n
image,i_mtl_p7_chair_restraint_01_metal_m
image,i_mtl_p7_chair_restraint_01_metal_n
image,i_mtl_p7_church_pew_01_barewood_c
image,i_mtl_p7_church_pew_01_barewood_n
image,i_mtl_p7_clock_metal_wall_01_c
image,i_mtl_p7_clock_metal_wall_01_n
image,i_mtl_p7_crate_ammo_metal_decal_c
image,i_mtl_p7_crate_ammo_metal_m
image,i_mtl_p7_crate_ammo_metal_n
image,i_mtl_p7_crate_wood_01_c
image,i_mtl_p7_crate_wood_01_n
image,i_mtl_p7_crate_wood_02_long_n
image,i_mtl_p7_crate_wood_02_long_o
image,i_mtl_p7_crate_wood_02_nail_c
image,i_mtl_p7_crate_wood_02_nail_n
image,i_mtl_p7_debris_clothing_pile_01_c
image,i_mtl_p7_debris_clothing_pile_01_n
image,i_mtl_p7_debris_junkyard_scrap_c
image,i_mtl_p7_debris_junkyard_scrap_g
image,i_mtl_p7_debris_junkyard_scrap_n
image,i_mtl_p7_eth_vista_water_n
image,i_mtl_p7_file_cab_metal_02_brushed_metal_n
image,i_mtl_p7_file_cab_metal_02_brushed_metal_o
image,i_mtl_p7_file_cab_metal_02_drawer_n
image,i_mtl_p7_file_cab_metal_02_new_n
image,i_mtl_p7_foliage_grass_tall_c
image,i_mtl_p7_foliage_grass_tall_n
image,i_mtl_p7_foliage_tree_acacia_bark_decal_c
image,i_mtl_p7_foliage_tree_acacia_bark_decal_n
image,i_mtl_p7_foliage_tree_acacia_bark_n
image,i_mtl_p7_foliage_tree_acacia_bark_tilable_c
image,i_mtl_p7_foliage_tree_acacia_bark_tilable_n
image,i_mtl_p7_foliage_tree_acacia_leaves_c
image,i_mtl_p7_foliage_tree_acacia_leaves_dead_c
image,i_mtl_p7_foliage_tree_acacia_leaves_dead_n
image,i_mtl_p7_foliage_tree_acacia_leaves_n
image,i_mtl_p7_foliage_tree_acacia_leaves_t
image,i_mtl_p7_foliage_tree_mangrove_black_trunk_m
image,i_mtl_p7_foliage_tree_mangrove_black_trunk_n
image,i_mtl_p7_foliage_tree_mangrove_branch_dead_c
image,i_mtl_p7_foliage_tree_mangrove_branch_dead_n
image,i_mtl_p7_foliage_tree_mangrove_knots_c
image,i_mtl_p7_foliage_tree_mangrove_knots_n
image,i_mtl_p7_foliage_tree_mangrove_trunk_c
image,i_mtl_p7_foliage_tree_mangrove_trunk_mud_c
image,i_mtl_p7_foliage_tree_mangrove_trunk_mud_n
image,i_mtl_p7_foliage_tree_mangrove_trunk_n
image,i_mtl_p7_foliage_tree_pine_01_c
image,i_mtl_p7_foliage_tree_pine_trunk_01_c
image,i_mtl_p7_foliage_tree_pine_trunk_01_n
image,i_mtl_p7_foliage_tree_redwood_trunk_lrg_branches_c
image,i_mtl_p7_foliage_tree_redwood_trunk_lrg_branches_n
image,i_mtl_p7_foliage_tree_redwood_trunk_lrg_branches_t
image,i_mtl_p7_foliage_tree_redwood_trunk_lrg_c
image,i_mtl_p7_foliage_tree_redwood_trunk_lrg_c2
image,i_mtl_p7_foliage_tree_redwood_trunk_lrg_g
image,i_mtl_p7_foliage_tree_redwood_trunk_lrg_g2
image,i_mtl_p7_foliage_tree_redwood_trunk_lrg_m
image,i_mtl_p7_foliage_tree_redwood_trunk_lrg_mid_m
image,i_mtl_p7_foliage_tree_redwood_trunk_lrg_mid_n
image,i_mtl_p7_foliage_tree_redwood_trunk_lrg_n
image,i_mtl_p7_foliage_tree_redwood_trunk_lrg_n1
image,i_mtl_p7_foliage_tree_redwood_trunk_lrg_n2
image,i_mtl_p7_foliage_tree_redwood_trunk_small_m
image,i_mtl_p7_foliage_tree_redwood_trunk_small_n
image,i_mtl_p7_inf_toilet_vintage_m
image,i_mtl_p7_inf_toilet_vintage_metal_m
image,i_mtl_p7_inf_toilet_vintage_metal_n
image,i_mtl_p7_inf_toilet_vintage_metal_o
image,i_mtl_p7_inf_toilet_vintage_n
image,i_mtl_p7_inf_toilet_vintage_wood_m
image,i_mtl_p7_inf_toilet_vintage_wood_n
image,i_mtl_p7_light_fixture_led_utility_c
image,i_mtl_p7_light_fixture_led_utility_g
image,i_mtl_p7_light_fixture_led_utility_n
image,i_mtl_p7_light_fixture_led_utility_o
image,i_mtl_p7_light_fixture_led_utility_s
image,i_mtl_p7_light_hanging_egyptian_01_chain_g
image,i_mtl_p7_light_led_box_c
image,i_mtl_p7_light_led_box_m
image,i_mtl_p7_medical_cart_refrigerator_c
image,i_mtl_p7_medical_cart_refrigerator_glass_c
image,i_mtl_p7_medical_cart_refrigerator_n
image,i_mtl_p7_medical_oxygen_holder_c
image,i_mtl_p7_medical_oxygen_holder_n
image,i_mtl_p7_medical_wheelchair_01_metal_c
image,i_mtl_p7_medical_wheelchair_01_metal_s
image,i_mtl_p7_medical_wheelchair_01_n
image,i_mtl_p7_medical_wheelchair_01_oxygen_c
image,i_mtl_p7_medical_wheelchair_01_oxygen_n
image,i_mtl_p7_medical_wheelchair_01_wheel_c
image,i_mtl_p7_medical_wheelchair_01_wheel_g
image,i_mtl_p7_microtile_plaster_g
image,i_mtl_p7_microtile_plaster_n
image,i_mtl_p7_mobile_shops_railing_set_decal_01_c
image,i_mtl_p7_mobile_shops_railing_set_decal_01_n
image,i_mtl_p7_pipe_metal_hp_4_02_m
image,i_mtl_p7_pipe_metal_hp_4_02_n
image,i_mtl_p7_sandbag_01_c
image,i_mtl_p7_sandbag_01_n
image,i_mtl_p7_sandbag_02_c
image,i_mtl_p7_sgen_gen_lab_autopsy_table_dirty_decal_c
image,i_mtl_p7_shelf_industrial_vintage_metal_c
image,i_mtl_p7_shelf_industrial_vintage_metal_g
image,i_mtl_p7_shelf_industrial_vintage_metal_n
image,i_mtl_p7_shelf_industrial_vintage_metal_s
image,i_mtl_p7_shelf_industrial_vintage_wood_c
image,i_mtl_p7_shelf_industrial_vintage_wood_n
image,i_mtl_p7_sin_rowhouse_b_win_shutter_v2_n
image,i_mtl_p7_sin_rowhouse_b_win_shutter_v2_r
image,i_mtl_p7_sink_ceramic_old_01_faucet_m
image,i_mtl_p7_sink_ceramic_old_01_faucet_n
image,i_mtl_p7_sink_ceramic_old_01_faucet_o
image,i_mtl_p7_sink_ceramic_old_01_m
image,i_mtl_p7_sink_ceramic_old_01_n
image,i_mtl_p7_sink_ceramic_old_01_pipes_m
image,i_mtl_p7_sink_ceramic_old_01_pipes_n
image,i_mtl_p7_sink_ceramic_old_01_pipes_o
image,i_mtl_p7_street_bench_dirty_c
image,i_mtl_p7_street_bench_dirty_n
image,i_mtl_p7_table_wood_rectangle_c
image,i_mtl_p7_table_wood_rectangle_n
image,i_mtl_p7_table_wood_rectangle_s
image,i_mtl_p7_trashcan_street_metal_dmg_m
image,i_mtl_p7_trashcan_street_metal_dmg_n
image,i_mtl_p7_trashcan_street_metal_m
image,i_mtl_p7_trashcan_street_metal_n
image,i_mtl_p7_wall_radiator_vintage_c
image,i_mtl_p7_wall_radiator_vintage_n
image,i_mtl_p7_zm_der_teleporter_control_gauge_c
image,i_mtl_p7_zm_pswitch_bulb_c
image,i_mtl_p7_zm_pswitch_bulb_t
image,i_mtl_p7_zm_pswitch_glass_c
image,i_mtl_p7_zm_pswitch_handle_m
image,i_mtl_p7_zm_pswitch_handle_n
image,i_mtl_p7_zm_pswitch_handle_o
image,i_mtl_p7_zm_pswitch_m
image,i_mtl_p7_zm_pswitch_n
image,i_mtl_p7_zm_pswitch_o
image,i_p7_can_metal_01_g
image,i_p7_chair_dining_french_worn_wood_c
image,i_p7_desk_metal_old_01_body_n
image,i_p7_desk_metal_old_01_rusty_c
image,i_p7_desk_metal_old_01_tabletop_n
image,i_p7_desk_metal_old_01_tabletop_rusty_m
image,i_p7_file_cab_metal_02_brushed_metal_rusty_g
image,i_p7_file_cab_metal_02_drawer_rusty_c
image,i_p7_file_cab_metal_02_rusty_c
image,i_p7_light_hanging_half_globe_glass_c
image,i_p7_light_hanging_half_globe_glass_n
image,i_p7_light_hanging_half_globe_glass_t
image,i_p7_light_hanging_half_globe_metal_n
image,i_p7_light_hanging_half_globe_metal_o
image,i_p7_light_hanging_vintage_02_c
image,i_p7_light_hanging_vintage_02_n
image,i_p7_light_wall_modern_02_c
image,i_p7_light_wall_modern_02_g
image,i_p7_light_wall_modern_02_n
image,i_p7_light_wall_modern_02_s
image,i_p7_sin_rowhouse_shutter_hinge_c
image,i_p7_sin_rowhouse_shutter_hinge_g
image,i_p7_sin_rowhouse_shutter_hinge_n
image,i_p7_sin_rowhouse_shutter_hinge_o
image,i_p7_sin_rowhouse_shutter_hinge_s
image,i_p7_sin_rowhouse_wndw_handle_g
image,i_p7_sin_rowhouse_wndw_handle_n
image,i_p7_sin_rowhouse_wndw_handle_o
image,i_p7_vld_wood_roof_base_c
image,i_p7_vld_wood_roof_base_n
image,i_t7_brick_worn_red_heavy_grout_c
image,i_t7_brick_worn_red_heavy_grout_g
image,i_t7_brick_worn_red_heavy_grout_n
image,i_t7_brick_worn_red_heavy_grout_o
image,i_t7_brick_worn_rounded_c
image,i_t7_brick_worn_rounded_n
image,i_t7_cai_street_sidewalk_old_03_c
image,i_t7_cai_street_sidewalk_old_03_n
image,i_t7_ceramic_floor_tile_mossaic_01_c
image,i_t7_ceramic_floor_tile_mossaic_01_n
image,i_t7_ceramic_terrazzo_floor_tile_01_c
image,i_t7_ceramic_terrazzo_floor_tile_01_n
image,i_t7_ceramic_tile_mosaic_c
image,i_t7_ceramic_tile_mosaic_n
image,i_t7_ceramic_tile_shower_white_c
image,i_t7_ceramic_tile_shower_white_n
image,i_t7_concrete_bare_dark_01_c
image,i_t7_concrete_bare_light_01_c
image,i_t7_concrete_bare_wet_warm_n
image,i_t7_concrete_detail_n
image,i_t7_concrete_pebbles_cracked_c
image,i_t7_concrete_pebbles_cracked_n
image,i_t7_concrete_rough_layered_01_c
image,i_t7_concrete_rough_layered_01_n
image,i_t7_concrete_trim_beveled_03_c
image,i_t7_concrete_trim_beveled_03_n
image,i_t7_concrete_trim_moulding_01_m
image,i_t7_concrete_trim_moulding_01_n
image,i_t7_concrete_trim_moulding_01_o
image,i_t7_concrete_wall_poured_thick_01_c
image,i_t7_concrete_wall_poured_thick_01_n
image,i_t7_concrete_wall_weathered_01_c
image,i_t7_concrete_wall_weathered_01_n
image,i_t7_damage_decal_concrete_blast_c
image,i_t7_damage_decal_concrete_blast_n
image,i_t7_damage_decal_ground_cracked_01_c
image,i_t7_damage_decal_ground_cracked_01_n
image,i_t7_damage_decal_plaster_damage_02_c
image,i_t7_decal_blood_drips_03_c
image,i_t7_decal_blood_droplets_01_c
image,i_t7_decal_blood_droplets_01_dry_g
image,i_t7_decal_blood_pool_01_c
image,i_t7_decal_crack04_c
image,i_t7_decal_crack04_n
image,i_t7_decal_damage_burn_directional_01_c
image,i_t7_decal_damage_burn_directional_01_n
image,i_t7_decal_damage_burn_impact_02_c
image,i_t7_decal_damage_burn_impact_04_c
image,i_t7_decal_damage_burn_impact_04_n
image,i_t7_decal_damage_concrete_corner_01_c
image,i_t7_decal_damage_concrete_corner_01_n
image,i_t7_decal_damage_concrete_cracks_01_n
image,i_t7_decal_damage_concrete_cracks_01_r
image,i_t7_decal_damage_concrete_patch_02_c
image,i_t7_decal_damage_concrete_patch_02_n
image,i_t7_decal_damage_crack_line_02_c
image,i_t7_decal_damage_crack_line_02_n
image,i_t7_decal_damage_crack_line_02_r
image,i_t7_decal_damage_plaster_drywall_01_c
image,i_t7_decal_damage_plaster_drywall_01_n
image,i_t7_decal_damage_wood_hole_05_c
image,i_t7_decal_damage_wood_hole_05_n
image,i_t7_decal_damage_wood_hole_06_c
image,i_t7_decal_damage_wood_hole_06_n
image,i_t7_decal_fixture_door_wood_02_c
image,i_t7_decal_fixture_door_wood_02_g
image,i_t7_decal_fixture_door_wood_02_n
image,i_t7_decal_fixture_door_wood_02_o
image,i_t7_decal_foliage_ivy_tiled_c
image,i_t7_decal_foliage_ivy_tiled_n
image,i_t7_decal_foliage_ivy_vine_c
image,i_t7_decal_foliage_ivy_vine_n
image,i_t7_decal_foliage_ivy_vine_r
image,i_t7_decal_foliage_zur_vines_01_c
image,i_t7_decal_foliage_zur_vines_01_n
image,i_t7_decal_grunge_brick_stain_01_c
image,i_t7_decal_grunge_burnt_stain_01_c
image,i_t7_decal_grunge_burnt_stain_01_g
image,i_t7_decal_grunge_burnt_stain_01_r
image,i_t7_decal_grunge_burnt_stain_02_c
image,i_t7_decal_grunge_burnt_stain_02_g
image,i_t7_decal_grunge_burnt_stain_03_c
image,i_t7_decal_grunge_burnt_stain_03_n
image,i_t7_decal_grunge_burnt_stain_03_r
image,i_t7_decal_grunge_calcium_drip_02_blend_c
image,i_t7_decal_grunge_calcium_drip_02_blend_n
image,i_t7_decal_grunge_calcium_drip_02_blend_r
image,i_t7_decal_grunge_chemical_corrosion_r
image,i_t7_decal_grunge_concrete_drip_02_blend_m
image,i_t7_decal_grunge_dirty_tile_01_g
image,i_t7_decal_grunge_moss_grime_c
image,i_t7_decal_grunge_newspapers_01_c
image,i_t7_decal_grunge_newspapers_01_n
image,i_t7_decal_grunge_newspapers_03_c
image,i_t7_decal_grunge_newspapers_03_n
image,i_t7_decal_grunge_newspapers_03_r
image,i_t7_decal_grunge_oil_stain_02_c
image,i_t7_decal_grunge_oil_stain_03_c
image,i_t7_decal_grunge_papers_01_c
image,i_t7_decal_grunge_rust_04_c
image,i_t7_decal_grunge_splat_01_c
image,i_t7_decal_grunge_splat_01_n
image,i_t7_decal_grunge_splat_02_c
image,i_t7_decal_grunge_splat_02_n
image,i_t7_decal_grunge_splat_03_c
image,i_t7_decal_grunge_splat_03_n
image,i_t7_decal_grunge_splat_04_c
image,i_t7_decal_grunge_splat_04_n
image,i_t7_decal_grunge_stain_adobe_bottom_01_c
image,i_t7_decal_grunge_stain_adobe_bottom_01_n
image,i_t7_decal_metal_fasteners_c
image,i_t7_decal_metal_fasteners_g
image,i_t7_decal_metal_fasteners_n
image,i_t7_decal_metal_fasteners_o
image,i_t7_decal_signage_poster_car_race_01_c
image,i_t7_detail_concrete_01
image,i_t7_detail_concrete_02
image,i_t7_detail_drywall_01
image,i_t7_detail_linen_01
image,i_t7_detail_rock_01
image,i_t7_detail_silk_01
image,i_t7_detail_wood_01
image,i_t7_dirt_grassy_forest_ground_c
image,i_t7_dirt_grassy_forest_ground_n
image,i_t7_fxanim_cracked_shader_test_cracks_c
image,i_t7_fxanim_cracked_shader_test_cracks_n
image,i_t7_glass_cracked_tempered_n
image,i_t7_glass_dirty_chemical_stain_c
image,i_t7_glass_dirty_chemical_stain_g
image,i_t7_glass_dirty_grimes_01_cracked_bloody_g
image,i_t7_glass_dirty_grimes_01_cracked_bloody_n
image,i_t7_glass_dirty_streaks_02_g
image,i_t7_glass_dirty_streaks_c
image,i_t7_glass_reinforced_01_n
image,i_t7_glass_reinforced_01_opaque_white_c
image,i_t7_glass_smoked_c
image,i_t7_glass_smoked_g
image,i_t7_glass_window_warehouse_c
image,i_t7_glass_window_warehouse_n
image,i_t7_grass_lawn_medium_small_green_c
image,i_t7_grass_lawn_medium_small_green_g
image,i_t7_grass_lawn_medium_small_green_n
image,i_t7_grass_lawn_medium_wild_green_c
image,i_t7_grass_lawn_medium_wild_green_n
image,i_t7_grass_lawn_medium_wild_green_r
image,i_t7_metal_bare_tarnished_c
image,i_t7_metal_bare_tarnished_g
image,i_t7_metal_chain_c
image,i_t7_metal_chain_n
image,i_t7_metal_chain_o
image,i_t7_metal_grunge_light_01_g
image,i_t7_metal_grunge_med_01_g
image,i_t7_metal_paint_rust_brown_c
image,i_t7_metal_paint_rust_brown_g
image,i_t7_metal_paint_rust_brown_n
image,i_t7_metal_paint_worn_white_c
image,i_t7_metal_rust_01_c
image,i_t7_metal_rust_01_g
image,i_t7_metal_rust_01_n
image,i_t7_micro_cloth_cotton_01_c
image,i_t7_micro_cloth_cotton_01_n
image,i_t7_micro_cloth_cotton_01_worn_c
image,i_t7_micro_coir_01_n
image,i_t7_micro_concrete_bare_weathered_02_c
image,i_t7_micro_concrete_bare_weathered_02_g
image,i_t7_micro_concrete_bare_weathered_02_n
image,i_t7_micro_concrete_g
image,i_t7_micro_concrete_n
image,i_t7_micro_dusty_01_c
image,i_t7_micro_grunge_rust_02_g
image,i_t7_micro_metal_bare_01_g
image,i_t7_micro_metal_bare_scuffed_01_c
image,i_t7_micro_metal_bare_scuffed_01_n
image,i_t7_micro_metal_bare_worn_01_g
image,i_t7_micro_metal_bare_worn_01_n
image,i_t7_micro_metal_cast_iron_01_n
image,i_t7_micro_metal_grunge_lathed_01_c
image,i_t7_micro_metal_grunge_lathed_01_n
image,i_t7_micro_metal_grunge_lathed_01_s
image,i_t7_micro_metal_grunge_pockmarks_01_c
image,i_t7_micro_metal_grunge_pockmarks_01_g
image,i_t7_micro_metal_grunge_pockmarks_01_n
image,i_t7_micro_metal_grunge_pockmarks_01_s
image,i_t7_micro_metal_grunge_scratch_03_n
image,i_t7_micro_metal_grunge_scratch_fine_01_c
image,i_t7_micro_metal_grunge_scratch_fine_01_g
image,i_t7_micro_metal_grunge_scratch_fine_01_n
image,i_t7_micro_metal_grunge_scratch_fine_01_s
image,i_t7_micro_metal_painted_rough_01_c
image,i_t7_micro_metal_painted_rough_01_g
image,i_t7_micro_metal_painted_scuffed_01_c
image,i_t7_micro_metal_painted_scuffed_01_n
image,i_t7_micro_metal_rust_01_c
image,i_t7_micro_metal_rust_01_g
image,i_t7_micro_metal_rust_01_n
image,i_t7_micro_metal_rust_01_s
image,i_t7_micro_metal_rust_c
image,i_t7_micro_metal_rust_n
image,i_t7_micro_paint_01_c
image,i_t7_micro_plaster_01_c
image,i_t7_micro_plaster_01_n
image,i_t7_micro_plastic_rough_02_g
image,i_t7_micro_plastic_rough_heavy_01_c
image,i_t7_micro_plastic_rough_heavy_01_n
image,i_t7_micro_stone_travertine_c
image,i_t7_micro_wood_oak_unfinished_c
image,i_t7_micro_wood_oak_unfinished_n
image,i_t7_micro_wood_varied_damaged_teak_c
image,i_t7_micro_wood_varied_teak_c
image,i_t7_micro_wood_varied_teak_n
image,i_t7_mud_sludge_wet_01_c
image,i_t7_mud_sludge_wet_01_n
image,i_t7_mud_sludge_wet_01_reveal_g
image,i_t7_plaster_cracked_light_01_c
image,i_t7_plaster_cracked_light_01_n
image,i_t7_plaster_decorated_panel_c
image,i_t7_plaster_decorated_panel_n
image,i_t7_plaster_paint_peel_c
image,i_t7_plaster_paint_peel_n
image,i_t7_plaster_painted_over_01_c
image,i_t7_plaster_painted_over_01_n
image,i_t7_plaster_peeling_01_c
image,i_t7_plaster_peeling_01_n
image,i_t7_plaster_rough_light_01_n
image,i_t7_plaster_rough_worn_01_c
image,i_t7_plaster_smooth_dirty_01_c
image,i_t7_plaster_smooth_dirty_01_n
image,i_t7_plaster_wall_01_c
image,i_t7_plaster_wall_01_n
image,i_t7_plaster_wallpaper_pattern_02_n
image,i_t7_plaster_wallpaper_pattern_06_c
image,i_t7_plaster_wallpaper_pattern_10_c
image,i_t7_rock_cobblestone_round_c
image,i_t7_rock_cobblestone_round_g
image,i_t7_rock_cobblestone_round_n
image,i_t7_rock_cobblestone_round_o
image,i_t7_rock_sand_crumbled_large_c
image,i_t7_rock_sand_crumbled_large_n
image,i_t7_rock_sand_crumbled_large_o
image,i_t7_rock_sand_crumbled_large_r
image,i_t7_rubble_concrete_lg_blend_c
image,i_t7_rubble_concrete_lg_blend_n
image,i_t7_rubble_concrete_lg_blend_r
image,i_t7_rubble_concrete_md_blend_c
image,i_t7_rubble_concrete_md_blend_n
image,i_t7_rubble_concrete_md_blend_r
image,i_t7_rubble_trash_pile_01_c
image,i_t7_rubble_trash_pile_01_g
image,i_t7_rubble_trash_pile_01_n
image,i_t7_rubble_trash_pile_01_o
image,i_t7_snow_powder_01_breakup_r
image,i_t7_snow_powder_01_c
image,i_t7_snow_powder_01_n
image,i_t7_stone_marble_dark_n
image,i_t7_stone_marble_light_01_c
image,i_t7_stone_marble_tile_4x4_painted_circles_diamonds_c
image,i_t7_stone_marble_tile_4x4_painted_circles_diamonds_g
image,i_t7_stone_marble_tile_4x4_painted_circles_diamonds_n
image,i_t7_stone_sandstone_block_med_01_grey_c
image,i_t7_stone_sandstone_block_med_01_n
image,i_t7_stone_travertine_n
image,i_t7_water_cp_nw_vat_flow_2
image,i_t7_water_foam_r
image,i_t7_water_variant_opacity_100_c
image,i_t7_wood_burned_c
image,i_t7_wood_burned_n
image,i_t7_wood_burned_t
image,i_t7_wood_hardwood_oak_c
image,i_t7_wood_hardwood_oak_n
image,i_t7_wood_hardwood_oak_worn_c
image,i_t7_wood_hardwood_oak_worn_g
image,i_t7_wood_panel_worn_brown_c
image,i_t7_wood_panel_worn_brown_n
image,i_t7_wood_panel_worn_brown_r
image,i_t7_wood_particle_trim_worn_c
image,i_t7_wood_particle_trim_worn_n
image,i_t7_wood_particle_worn_c
image,i_t7_wood_particle_worn_n
image,i_t7_wood_plank_floor_02_c
image,i_t7_wood_plank_floor_02_g
image,i_t7_wood_plank_floor_02_n
image,i_t7_wood_plywood_splintered_c
image,i_t7_wood_plywood_splintered_n
image,i_t7_wood_roof_tiles_01_c
image,i_t7_wood_roof_tiles_01_n
image,i_t7_wood_trim_brown_01_c
image,i_t7_wood_trim_brown_01_n
image,i_t7_wood_wall_panel_01_c
image,i_t7_wood_wall_panel_01_n
image,i_t7_wood_worn_brown_c
image,i_t7_wood_worn_brown_n
image,i_t7_wood_worn_dark_brown_c
image,i_t7_wood_worn_dark_oak_c
image,i_t7_wood_worn_dark_oak_g
image,i_t7_wood_worn_dark_oak_n
image,i_t7_wood_worn_dark_oak_smooth_c
image,i_t7_wood_worn_dark_oak_smooth_n
image,i_t7_zm_zod_decal_signage_misery_poster_c
image,i_t7_zm_zod_decal_signage_misery_poster_r
image,img_luts_curve_blend
image,img_refraction_zfeather_small_ramp
image,rain_hit_n
image,shadow
image,skybox_cp_mi_sing_biodomes_ft
image,skybox_default_black
image,skybox_default_day_ft
image,t7_cp_hud_tacmode_type_amws
image,zm_rainz_BC3_SRGB_combo
image,zm_rainz_BC4_combo
image,zm_rainz_BC7_SRGB_combo
image,zm_rainz_BC7_combo
col_map,maps/zm/zm_rainz.d3dbsp
com_map,maps/zm/zm_rainz.d3dbsp
game_map,maps/zm/zm_rainz.d3dbsp
map_ents,maps/zm/zm_rainz.d3dbsp
gfx_map,maps/zm/zm_rainz.d3dbsp
weapon,zombie_ai_defaultmelee_zm
fx,blood/fx_blood_gib_arm_sever_burst
fx,blood/fx_blood_gib_leg_sever_burst
fx,blood/fx_blood_impact_exp_body_lg_zmb
fx,blood/fx_blood_sword_trail_emitter_zod_zmb
fx,blood/fx_blood_trail_zmb
fx,custom/env/fx_rain_heavy_impact
fx,custom/env/fx_rain_player_z_heavy
fx,custom/env/fx_rain_player_z_light
fx,custom/env/fx_rain_player_z_regular
fx,custom/env/fx_rain_wind_audio_z
fx,custom/env/fx_thunder_z
fx,dlc0/factory/fx_fire_furnace_factory
fx,fire/fx_fire_window_embers_100x100
fx,weather/fx_lightning_clouds_close_inf
klf,05d45ace-08e6-4a5c-bfac-9c9fa85ad0e8
scriptparsetree,scripts/zm/zm_rainz.csc
scriptparsetree,scripts/zm/zm_rainz.gsc
keyvaluepairs,zm_rainz
surfacesounddef,zombfootstep_crouch_run_zomb
surfacesounddef,zombfootstep_crouch_walk_zomb
surfacesounddef,zombfootstep_ladder_hand_zomb
surfacesounddef,zombfootstep_prone_zomb
surfacesounddef,zombfootstep_run_zomb
surfacesounddef,zombfootstep_sprint_zomb
surfacesounddef,zombfootstep_walk_zomb
footsteptable,zombfootstep
scriptbundle,c_54i_grunt_fx_table
scriptbundle,c_zom_der_zombie_gib_def
scriptbundle,c_zom_der_zombie_hat_gib_def
animselectortable,zm_factory_zombie.ai_ast
animmappingtable,zm_factory_zombie.ai_am
animstatemachine,zm_zombie.ai_asm
behaviortree,zm_zombie.ai_bt
lightdescription,lightning-39571143
texturecombo,zm_rainz
navmesh,maps/zm/zm_rainz_navmesh
