xanim,ai_zombie_cp_dth_suicide_1
xanim,ai_zombie_zod_insanity_elemental_idle
material,generic_zombie_bblend_vignette
techset,alpha_blend#da7372ff
image,i_generic_zombie_bblend_vignette_c
image,t7_menu_cp_silhouette_female
image,t7_menu_cp_silhouette_male
image,uie_hud_t7_emp_siegebotdirectional
image,uie_img_t7_hud_icon_knife_proto
image,uie_img_t7_menu_customclass_plus
image,uie_img_t7_menu_startmenu_option_lines_durango_cp
image,uie_img_t7_menu_startmenu_option_lines_orbis_cp
image,uie_t7_arena_star_petit_white
image,uie_t7_blackmarket_contracts_character_contactsnotactive_hover
image,uie_t7_hud_mp_notifications_2xp_tick
image,uie_t7_hud_mp_notifications_2xp_weapon
image,uie_t7_icon_blackmarket_doubleloot
image,uie_t7_icon_cryptokey_front
image,uie_t7_menu_cacselection_personalizebutton
image,uie_t7_menu_cacselection_removebutton
image,uie_t7_menu_frontend_pixel
image,uie_t7_mp_hud_siegebot_vhud_element_1a
image,uie_t7_mp_hud_siegebot_vhud_element_1b
image,uie_t7_mp_hud_siegebot_vhud_element_2a
image,uie_t7_mp_hud_siegebot_vhud_element_2b
image,uie_t7_mp_hud_siegebot_vhud_element_3a
image,uie_t7_mp_hud_siegebot_vhud_element_3b
image,uie_t7_mp_hud_siegebot_vhud_element_4a
image,uie_t7_mp_hud_siegebot_vhud_element_4b
image,uie_t7_mp_hud_siegebot_vhud_element_5a
image,uie_t7_mp_hud_siegebot_vhud_element_5b
image,uie_t7_mp_hud_vehicle_siegebot_centerdot
image,uie_t7_mp_hud_vehicle_siegebot_circlebacking
image,uie_t7_mp_hud_vehicle_siegebot_circleinner
image,uie_t7_mp_hud_vehicle_siegebot_circlelockedarrow2
image,uie_t7_mp_hud_vehicle_siegebot_circleouter
image,uie_t7_mp_hud_vehicle_siegebot_damageiconorange
image,uie_t7_mp_hud_vehicle_siegebot_damageiconred
image,uie_t7_mp_hud_vehicle_siegebot_damageiconyellow
image,uie_t7_mp_hud_vehicle_siegebot_hairlineside
image,uie_t7_mp_hud_vehicle_siegebot_hairlinetop
image,uie_t7_mp_hud_vehicle_siegebot_iconbottom
image,uie_t7_mp_hud_vehicle_siegebot_iconbottombacking
image,uie_t7_mp_hud_vehicle_siegebot_icontop
image,uie_t7_mp_hud_vehicle_siegebot_icontopbacking
image,uie_t7_mp_hud_vehicle_siegebot_lineright
image,uie_t7_mp_hud_vehicle_siegebot_linesidelarge
image,uie_t7_mp_hud_vehicle_siegebot_linetop
image,uie_t7_mp_hud_vehicle_siegebot_lockedicon
image,uie_t7_mp_hud_vehicle_siegebot_missile1
image,uie_t7_mp_hud_vehicle_siegebot_missileoutline
image,uie_t7_mp_hud_vehicle_siegebot_notificationlinewhite
image,uie_t7_mp_icon_header_combatimmersion
sound,cp_patch
rawfile,gamedata/configs/cp/field_ops_prologue.cfg
rawfile,ui/uieditor/menus/aar/cp/cpaar.lua
rawfile,ui/uieditor/menus/aar/cp/rewardsoverlaycp.lua
rawfile,ui/uieditor/menus/aar/cp/rewardsoverlaytrainingsim.lua
rawfile,ui/uieditor/menus/aar/mpaar.lua
rawfile,ui/uieditor/menus/aar/rewardsoverlay.lua
rawfile,ui/uieditor/menus/aar/zm/zmaar.lua
rawfile,ui/uieditor/menus/afteractionreportmenu.lua
rawfile,ui/uieditor/menus/cac/chooseclass_ingame.lua
rawfile,ui/uieditor/menus/cac/cybercoreselectionmenu.lua
rawfile,ui/uieditor/menus/cacwaitmenu.lua
rawfile,ui/uieditor/menus/cplevels/blackstation/anchordeployed.lua
rawfile,ui/uieditor/menus/cplevels/blackstation/missilelauncherequiphint.lua
rawfile,ui/uieditor/menus/cplevels/blackstation/missilelauncherfire.lua
rawfile,ui/uieditor/menus/cplevels/blackstation/missilelauncherhint.lua
rawfile,ui/uieditor/menus/cplevels/blackstation/misslelauncherequiphint.lua
rawfile,ui/uieditor/menus/cplevels/blackstation/surgewarning.lua
rawfile,ui/uieditor/menus/cplevels/blackstation/wavewarning.lua
rawfile,ui/uieditor/menus/cplevels/blackstation/weatherwarning.lua
rawfile,ui/uieditor/menus/cplevels/cpchyron.lua
rawfile,ui/uieditor/menus/cplevels/cphinttext.lua
rawfile,ui/uieditor/menus/cplevels/cpkillcam.lua
rawfile,ui/uieditor/menus/cplevels/cpmissionfailed.lua
rawfile,ui/uieditor/menus/cplevels/cpselectdifficulty.lua
rawfile,ui/uieditor/menus/cplevels/cpskipscenemenu.lua
rawfile,ui/uieditor/menus/cplevels/infection/sarahdni.lua
rawfile,ui/uieditor/menus/cplevels/infection/vtolarrival.lua
rawfile,ui/uieditor/menus/cplevels/newworld/cybercomtutorial.lua
rawfile,ui/uieditor/menus/cplevels/newworld/locationandtime.lua
rawfile,ui/uieditor/menus/cplevels/prologue/apcturrethud.lua
rawfile,ui/uieditor/menus/cplevels/sgen/drone_pip.lua
rawfile,ui/uieditor/menus/cplevels/sgen/xcam_pip_test2.lua
rawfile,ui/uieditor/menus/cplevels/trainingsim/trainingsimaar.lua
rawfile,ui/uieditor/menus/cplevels/zurich/dniwipe.lua
rawfile,ui/uieditor/menus/craft/gunsmith/gunsmithcreatevariantname.lua
rawfile,ui/uieditor/menus/craft/gunsmith/gunsmithsavechanges.lua
rawfile,ui/uieditor/menus/craft/paintshop/paintjobsavechanges.lua
rawfile,ui/uieditor/menus/demo/switchcamerawheel.lua
rawfile,ui/uieditor/menus/fullblack.lua
rawfile,ui/uieditor/menus/genericpopups/largepopup.lua
rawfile,ui/uieditor/menus/genericpopups/mediumpopup.lua
rawfile,ui/uieditor/menus/genericpopups/waitdialog.lua
rawfile,ui/uieditor/menus/hud/cp_patch_require.lua
rawfile,ui/uieditor/menus/hud/equipment/empgrenade/emprebootindicator.lua
rawfile,ui/uieditor/menus/hud/hudelementimage.lua
rawfile,ui/uieditor/menus/hud/hudelementtext.lua
rawfile,ui/uieditor/menus/hud/hudelementtimer.lua
rawfile,ui/uieditor/menus/hud/t7hud.lua
rawfile,ui/uieditor/menus/hud/t7hud_codfu.lua
rawfile,ui/uieditor/menus/hud/t7hud_cp.lua
rawfile,ui/uieditor/menus/hud/tempdialog.lua
rawfile,ui/uieditor/menus/ingame/fullscreenmovie.lua
rawfile,ui/uieditor/menus/ingame/pipmenu.lua
rawfile,ui/uieditor/menus/ingame/progression/abilitywheel.lua
rawfile,ui/uieditor/menus/initialblack.lua
rawfile,ui/uieditor/menus/raids/raidspurchasesmenu.lua
rawfile,ui/uieditor/menus/rewards.lua
rawfile,ui/uieditor/menus/scriptdebugbillboard.lua
rawfile,ui/uieditor/menus/scriptdebugmenu.lua
rawfile,ui/uieditor/menus/spinnerfullscreenblack.lua
rawfile,ui/uieditor/menus/squadcontrolreticulemenu.lua
rawfile,ui/uieditor/menus/squadmenu.lua
rawfile,ui/uieditor/menus/test/modaldialog_test.lua
rawfile,ui/uieditor/menus/vehiclehuds/scorestreaks/vhud_agr.lua
rawfile,ui/uieditor/menus/vehiclehuds/scorestreaks/vhud_quadtank.lua
rawfile,ui/uieditor/menus/vehiclehuds/scorestreaks/vhud_sentinel.lua
rawfile,ui/uieditor/menus/vehiclehuds/scorestreaks/vhud_siegebot.lua
rawfile,ui/uieditor/menus/vehiclehuds/scorestreaks/vhud_turret.lua
rawfile,ui/uieditor/menus/vehiclehuds/vehiclehud_dps.lua
rawfile,ui/uieditor/menus/vehiclehuds/vehiclehud_vtol.lua
rawfile,ui/uieditor/menus/vehiclehuds/vehiclehud_vtol_target.lua
rawfile,ui/uieditor/widgets/aar/cp/performancetab/performancetabwidgetcp.lua
rawfile,ui/uieditor/widgets/aar/cp/scoreboardtab/aarscoreboardrowwidgetcp.lua
rawfile,ui/uieditor/widgets/aar/cp/scoreboardtab/scoreboardtabwidgetcp.lua
rawfile,ui/uieditor/widgets/aar/cp/trainingsimaar/rating.lua
rawfile,ui/uieditor/widgets/aar/performancetab/bestwidget.lua
rawfile,ui/uieditor/widgets/aar/performancetab/bestwidgetcontainer.lua
rawfile,ui/uieditor/widgets/aar/performancetab/contractcryptokeybatch.lua
rawfile,ui/uieditor/widgets/aar/performancetab/grapharrow.lua
rawfile,ui/uieditor/widgets/aar/performancetab/kdrgraphwidget.lua
rawfile,ui/uieditor/widgets/aar/performancetab/midline.lua
rawfile,ui/uieditor/widgets/aar/performancetab/performancetabwidget.lua
rawfile,ui/uieditor/widgets/aar/performancetab/rankiconandnumberbig.lua
rawfile,ui/uieditor/widgets/aar/performancetab/rankiconandnumberwidget.lua
rawfile,ui/uieditor/widgets/aar/performancetab/scorewidget.lua
rawfile,ui/uieditor/widgets/aar/performancetab/spmgraphwidget.lua
rawfile,ui/uieditor/widgets/aar/performancetab/titlewidget.lua
rawfile,ui/uieditor/widgets/aar/performancetab/titlewidgetsmall.lua
rawfile,ui/uieditor/widgets/aar/performancetab/winlossratiowidget.lua
rawfile,ui/uieditor/widgets/aar/performancetab/xpbar.lua
rawfile,ui/uieditor/widgets/aar/performancetab/xpbarcontainer.lua
rawfile,ui/uieditor/widgets/aar/performancetab/xpbartitleright.lua
rawfile,ui/uieditor/widgets/aar/performancetab/yellowline.lua
rawfile,ui/uieditor/widgets/aar/rewardsscreen/individualrewarditem.lua
rawfile,ui/uieditor/widgets/aar/rewardsscreen/individualrewarditemimage.lua
rawfile,ui/uieditor/widgets/aar/rewardsscreen/rewardscarouselitem.lua
rawfile,ui/uieditor/widgets/aar/rewardsscreen/rewardscarouseliteminternal.lua
rawfile,ui/uieditor/widgets/aar/scoreboardtab/aarscoreboardheaderwidget.lua
rawfile,ui/uieditor/widgets/aar/xpbarframe.lua
rawfile,ui/uieditor/widgets/abilitywheel/abilitybuttonnew.lua
rawfile,ui/uieditor/widgets/abilitywheel/abilitywheel_abilitycontextual.lua
rawfile,ui/uieditor/widgets/abilitywheel/abilitywheel_abilitycontextual2.lua
rawfile,ui/uieditor/widgets/abilitywheel/abilitywheel_bracket.lua
rawfile,ui/uieditor/widgets/abilitywheel/abilitywheel_bracketblur.lua
rawfile,ui/uieditor/widgets/abilitywheel/abilitywheel_buttonbumperwidget.lua
rawfile,ui/uieditor/widgets/abilitywheel/abilitywheel_centeraberation.lua
rawfile,ui/uieditor/widgets/abilitywheel/abilitywheel_centercore.lua
rawfile,ui/uieditor/widgets/abilitywheel/abilitywheel_centerelements.lua
rawfile,ui/uieditor/widgets/abilitywheel/abilitywheel_centerhex.lua
rawfile,ui/uieditor/widgets/abilitywheel/abilitywheel_description.lua
rawfile,ui/uieditor/widgets/abilitywheel/abilitywheel_descriptionbottom.lua
rawfile,ui/uieditor/widgets/abilitywheel/abilitywheel_descriptioncontextual.lua
rawfile,ui/uieditor/widgets/abilitywheel/abilitywheel_descriptiontext.lua
rawfile,ui/uieditor/widgets/abilitywheel/abilitywheel_dni.lua
rawfile,ui/uieditor/widgets/abilitywheel/abilitywheel_dnicontainer.lua
rawfile,ui/uieditor/widgets/abilitywheel/abilitywheel_elementsside.lua
rawfile,ui/uieditor/widgets/abilitywheel/abilitywheel_icon.lua
rawfile,ui/uieditor/widgets/abilitywheel/abilitywheel_iconhex.lua
rawfile,ui/uieditor/widgets/abilitywheel/abilitywheel_iconsections2.lua
rawfile,ui/uieditor/widgets/abilitywheel/abilitywheel_multiply.lua
rawfile,ui/uieditor/widgets/abilitywheel/abilitywheel_panel.lua
rawfile,ui/uieditor/widgets/abilitywheel/abilitywheel_pixel.lua
rawfile,ui/uieditor/widgets/abilitywheel/abilitywheel_tabc.lua
rawfile,ui/uieditor/widgets/abilitywheel/abilitywheel_texture.lua
rawfile,ui/uieditor/widgets/abilitywheel/abilitywheel_topheader.lua
rawfile,ui/uieditor/widgets/abilitywheel/abilitywheel_vignette.lua
rawfile,ui/uieditor/widgets/abilitywheel/abilitywheel_vignetteinternal.lua
rawfile,ui/uieditor/widgets/abilitywheel/cycleoverbutton.lua
rawfile,ui/uieditor/widgets/ammowidget_statuspanelleftwidget.lua
rawfile,ui/uieditor/widgets/backgroundframes/cacbackgroundnohero.lua
rawfile,ui/uieditor/widgets/blackmarket/doubleloot.lua
rawfile,ui/uieditor/widgets/blackmarket/doubleloot_small.lua
rawfile,ui/uieditor/widgets/blackmarket/nextkeyprogress.lua
rawfile,ui/uieditor/widgets/cac/allocationbar.lua
rawfile,ui/uieditor/widgets/cac/allocationspentwidget.lua
rawfile,ui/uieditor/widgets/cac/cac_cybercoredescription.lua
rawfile,ui/uieditor/widgets/cac/cac_cybercoremaintile.lua
rawfile,ui/uieditor/widgets/cac/cac_elemssidelistcustomclass.lua
rawfile,ui/uieditor/widgets/cac/cac_focusbarcontainer.lua
rawfile,ui/uieditor/widgets/cac/cac_icontokenstatic.lua
rawfile,ui/uieditor/widgets/cac/cac_listbuttonlabelmedium.lua
rawfile,ui/uieditor/widgets/cac/cac_newtag.lua
rawfile,ui/uieditor/widgets/cac/cac_varienttitlepanel.lua
rawfile,ui/uieditor/widgets/cac/classallocation.lua
rawfile,ui/uieditor/widgets/cac/customclasslistscreen/panes/customclassplussymbol.lua
rawfile,ui/uieditor/widgets/cac/griditemupgradeiconwidget.lua
rawfile,ui/uieditor/widgets/cac/itemgridbuttom_internal.lua
rawfile,ui/uieditor/widgets/cac/itemgridbutton.lua
rawfile,ui/uieditor/widgets/cac/itemgridbuttonwide.lua
rawfile,ui/uieditor/widgets/cac/itemgridbuttonwide_internal.lua
rawfile,ui/uieditor/widgets/cac/list1buttonchooseclass.lua
rawfile,ui/uieditor/widgets/cac/menuchooseclass/categoryheader.lua
rawfile,ui/uieditor/widgets/cac/menuchooseclass/chooseclass_classsettabinternal.lua
rawfile,ui/uieditor/widgets/cac/menuchooseclass/chooseclass_classsettabpip_ingame.lua
rawfile,ui/uieditor/widgets/cac/menuchooseclass/chooseclass_classsettabwidget.lua
rawfile,ui/uieditor/widgets/cac/menuchooseclass/chooseclassingameclasslist.lua
rawfile,ui/uieditor/widgets/cac/menuchooseclass/chooseclasswidget.lua
rawfile,ui/uieditor/widgets/cac/menuchooseclass/chooseclasswidget_ingame.lua
rawfile,ui/uieditor/widgets/cac/menuchooseclass/itemwidgets/hinttextarrow.lua
rawfile,ui/uieditor/widgets/cac/menuchooseclass/itemwidgets/itemhinttext.lua
rawfile,ui/uieditor/widgets/cac/menuchooseclass/itemwidgets/itemweaponlevel.lua
rawfile,ui/uieditor/widgets/cac/menuchooseclass/itemwidgets/perkswidget.lua
rawfile,ui/uieditor/widgets/cac/menuchooseclass/itemwidgets/perkswidget_ingame.lua
rawfile,ui/uieditor/widgets/cac/menuchooseclass/itemwidgets/personalizebutton.lua
rawfile,ui/uieditor/widgets/cac/menuchooseclass/itemwidgets/removeitembutton.lua
rawfile,ui/uieditor/widgets/cac/menuchooseclass/itemwidgets/weaponitemmodelwidgetnew.lua
rawfile,ui/uieditor/widgets/cac/menuchooseclass/itemwidgets/weaponitemmodelwidgetnew_ingame.lua
rawfile,ui/uieditor/widgets/cac/menuchooseclass/itemwidgets/weaponitemmodelwidgetwildcard.lua
rawfile,ui/uieditor/widgets/cac/menuchooseclass/itemwidgets/weaponitemmodelwidgetwildcard_ingame.lua
rawfile,ui/uieditor/widgets/cac/menuchooseclass/lethalequipmentwidget.lua
rawfile,ui/uieditor/widgets/cac/menuchooseclass/lethalequipmentwidget_ingame.lua
rawfile,ui/uieditor/widgets/cac/menuchooseclass/primaryweaponattachmentswidget.lua
rawfile,ui/uieditor/widgets/cac/menuchooseclass/primaryweaponattachmentswidget_ingame.lua
rawfile,ui/uieditor/widgets/cac/menuchooseclass/primaryweaponwidget.lua
rawfile,ui/uieditor/widgets/cac/menuchooseclass/primaryweaponwidget_ingame.lua
rawfile,ui/uieditor/widgets/cac/menuchooseclass/secondaryweaponattachmentswidget.lua
rawfile,ui/uieditor/widgets/cac/menuchooseclass/secondaryweaponattachmentswidget_ingame.lua
rawfile,ui/uieditor/widgets/cac/menuchooseclass/secondaryweaponwidget.lua
rawfile,ui/uieditor/widgets/cac/menuchooseclass/secondaryweaponwidget_ingame.lua
rawfile,ui/uieditor/widgets/cac/menuchooseclass/specialtyperkswidget.lua
rawfile,ui/uieditor/widgets/cac/menuchooseclass/specialtyperkswidget_ingame.lua
rawfile,ui/uieditor/widgets/cac/menuchooseclass/tacticalequipmentwidget.lua
rawfile,ui/uieditor/widgets/cac/menuchooseclass/tacticalequipmentwidget_ingame.lua
rawfile,ui/uieditor/widgets/cac/menuchooseclass/tacticalrigwidget.lua
rawfile,ui/uieditor/widgets/cac/menuchooseclass/tacticalrigwidget_ingame.lua
rawfile,ui/uieditor/widgets/cac/menuchooseclass/wildcardwidgetnew.lua
rawfile,ui/uieditor/widgets/cac/menuchooseclass/wildcardwidgetnew_ingame.lua
rawfile,ui/uieditor/widgets/cac/menuselectscreen/cybercorelistitemwidget.lua
rawfile,ui/uieditor/widgets/cac/menuselectscreen/cybercoreloadoutwidget.lua
rawfile,ui/uieditor/widgets/cac/menuselectscreen/cybercoremulticorewidget.lua
rawfile,ui/uieditor/widgets/cac/menuselectscreen/cybercoreselectionabilitywidget.lua
rawfile,ui/uieditor/widgets/cac/menuselectscreen/cybercoreselectioninfowidget.lua
rawfile,ui/uieditor/widgets/cac/menuselectscreen/cybercoreselectionmulticorewidget.lua
rawfile,ui/uieditor/widgets/cac/restricteditemwarning.lua
rawfile,ui/uieditor/widgets/cac/unlocktokenswidget.lua
rawfile,ui/uieditor/widgets/charactercustomization/list1buttonnewstyle.lua
rawfile,ui/uieditor/widgets/chat/chatclientchatentry.lua
rawfile,ui/uieditor/widgets/chat/chatclientchatentrycontainernew.lua
rawfile,ui/uieditor/widgets/chat/chatclientinputtextbox.lua
rawfile,ui/uieditor/widgets/chat/ingame/ingamechatclient.lua
rawfile,ui/uieditor/widgets/chat/ingame/ingamechatclientcontainer.lua
rawfile,ui/uieditor/widgets/common/common_panelbox01.lua
rawfile,ui/uieditor/widgets/cplevels/aquifer/hackwaypoint.lua
rawfile,ui/uieditor/widgets/cplevels/aquifer/hackwaypointcontainer.lua
rawfile,ui/uieditor/widgets/cplevels/aquifer/hackwaypointinternal.lua
rawfile,ui/uieditor/widgets/cplevels/chyrontext/chyronelement.lua
rawfile,ui/uieditor/widgets/cplevels/chyrontext/chyronflashline.lua
rawfile,ui/uieditor/widgets/cplevels/chyrontext/chyronscrollingtext.lua
rawfile,ui/uieditor/widgets/cplevels/cpdifficultyimagepreview.lua
rawfile,ui/uieditor/widgets/cplevels/cpdifficultyingamechangewarning.lua
rawfile,ui/uieditor/widgets/cplevels/cpframe.lua
rawfile,ui/uieditor/widgets/cplevels/cpholdtoskipscenebutton.lua
rawfile,ui/uieditor/widgets/cplevels/cpholdtoskipscenetext.lua
rawfile,ui/uieditor/widgets/cplevels/cphostskippingscene.lua
rawfile,ui/uieditor/widgets/cplevels/ramsesstation/woundedsoldiers/woundedsoldier_bp.lua
rawfile,ui/uieditor/widgets/cplevels/ramsesstation/woundedsoldiers/woundedsoldier_bpm.lua
rawfile,ui/uieditor/widgets/cplevels/ramsesstation/woundedsoldiers/woundedsoldier_dangerlines.lua
rawfile,ui/uieditor/widgets/cplevels/ramsesstation/woundedsoldiers/woundedsoldier_ekg.lua
rawfile,ui/uieditor/widgets/cplevels/ramsesstation/woundedsoldiers/woundedsoldier_panel.lua
rawfile,ui/uieditor/widgets/cplevels/ramsesstation/woundedsoldiers/woundedsoldier_texttitle.lua
rawfile,ui/uieditor/widgets/cplevels/ramsesstation/woundedsoldiers/woundedsoldierwidget.lua
rawfile,ui/uieditor/widgets/cpsystems/commssystem/commsheader.lua
rawfile,ui/uieditor/widgets/cpsystems/commssystem/commssystemwidget.lua
rawfile,ui/uieditor/widgets/cpsystems/commssystem/eventmessage.lua
rawfile,ui/uieditor/widgets/cpsystems/commssystem/eventmessagetext.lua
rawfile,ui/uieditor/widgets/cpsystems/cpreachedmaxleveloverlayframe.lua
rawfile,ui/uieditor/widgets/cpsystems/enemytarget/enemytarget_arrow.lua
rawfile,ui/uieditor/widgets/cpsystems/enemytarget/enemytarget_arrowanim.lua
rawfile,ui/uieditor/widgets/cpsystems/enemytarget/enemytarget_hacking.lua
rawfile,ui/uieditor/widgets/cpsystems/enemytarget/enemytarget_target.lua
rawfile,ui/uieditor/widgets/cpsystems/enemytarget/enemytargetinternal.lua
rawfile,ui/uieditor/widgets/cpsystems/incomingexplosive/incomingexplosive_distance.lua
rawfile,ui/uieditor/widgets/cpsystems/incomingexplosive/incomingexplosive_distancetext.lua
rawfile,ui/uieditor/widgets/cpsystems/incomingexplosive/incomingexplosive_fillall.lua
rawfile,ui/uieditor/widgets/cpsystems/incomingexplosive/incomingexplosive_filltriangle.lua
rawfile,ui/uieditor/widgets/cpsystems/incomingexplosive/incomingexplosive_grenade.lua
rawfile,ui/uieditor/widgets/cpsystems/incomingexplosive/incomingexplosive_triangle.lua
rawfile,ui/uieditor/widgets/cpsystems/incomingexplosive/incomingexplosiveinternal.lua
rawfile,ui/uieditor/widgets/cpsystems/loadout/bluecorebacking.lua
rawfile,ui/uieditor/widgets/cpsystems/loadout/changecybercorelabel.lua
rawfile,ui/uieditor/widgets/cpsystems/loadout/cybercoretiles.lua
rawfile,ui/uieditor/widgets/cpsystems/loadout/loadoutcoretiles.lua
rawfile,ui/uieditor/widgets/cpsystems/loadout/multicoretitle.lua
rawfile,ui/uieditor/widgets/cpsystems/revive/bleedout/bleedout_cross.lua
rawfile,ui/uieditor/widgets/cpsystems/revive/bleedout/bleedout_dot.lua
rawfile,ui/uieditor/widgets/cpsystems/revive/bleedout/bleedout_mainring.lua
rawfile,ui/uieditor/widgets/cpsystems/revive/bleedout/bleedout_ring1.lua
rawfile,ui/uieditor/widgets/cpsystems/revive/bleedout/bleedout_ring2.lua
rawfile,ui/uieditor/widgets/cpsystems/revive/bleedout/bleedout_ring3_bottom.lua
rawfile,ui/uieditor/widgets/cpsystems/revive/bleedout/bleedout_ring3_left.lua
rawfile,ui/uieditor/widgets/cpsystems/revive/bleedout/bleedout_ring3_right.lua
rawfile,ui/uieditor/widgets/cpsystems/revive/bleedout/bleedout_ring3_top.lua
rawfile,ui/uieditor/widgets/cpsystems/revive/bleedout/bleedoutblur1.lua
rawfile,ui/uieditor/widgets/cpsystems/revive/bleedout/bleedoutblurcontainer.lua
rawfile,ui/uieditor/widgets/cpsystems/revive/bleedout/bleedoutclampedarrow.lua
rawfile,ui/uieditor/widgets/cpsystems/revive/bleedout/bleedouthealth.lua
rawfile,ui/uieditor/widgets/cpsystems/revive/bleedout/bleedoutwidget.lua
rawfile,ui/uieditor/widgets/cpsystems/rigs/notification_rigs.lua
rawfile,ui/uieditor/widgets/cpsystems/rigs/riginfo.lua
rawfile,ui/uieditor/widgets/cpsystems/spikelauncher/spikecounter/spikelauncherspikecounter.lua
rawfile,ui/uieditor/widgets/cpsystems/spikelauncher/spikecounter/spikeluancherspikecounter_internal.lua
rawfile,ui/uieditor/widgets/cpsystems/spikelauncher/spikecounter/spikeluancherspikecounter_meter1.lua
rawfile,ui/uieditor/widgets/cpsystems/spikelauncher/spikecounter/spikeluancherspikecounter_meter2.lua
rawfile,ui/uieditor/widgets/cpsystems/spikelauncher/spikecounter/spikeluancherspikecounter_meter3.lua
rawfile,ui/uieditor/widgets/cpsystems/spikelauncher/spikecounter/spikeluancherspikecounter_meterfill0.lua
rawfile,ui/uieditor/widgets/cpsystems/spikelauncher/spikecounter/spikeluancherspikecounter_meterfill1.lua
rawfile,ui/uieditor/widgets/cpsystems/spikelauncher/spikecounter/spikeluancherspikecounter_meterfill2.lua
rawfile,ui/uieditor/widgets/cpsystems/spikelauncher/spikecounter/spikeluancherspikecounter_meterfill3.lua
rawfile,ui/uieditor/widgets/cpsystems/spikelauncher/spikecounter/spikeluancherspikecounter_meterfill4.lua
rawfile,ui/uieditor/widgets/cpsystems/spikelauncher/spikecounter/spikeluancherspikecounter_meterfillblast.lua
rawfile,ui/uieditor/widgets/cpsystems/spikelauncher/spikecounter/spikeluancherspikecounter_titleready.lua
rawfile,ui/uieditor/widgets/cpsystems/spikelauncher/spikelauncher.lua
rawfile,ui/uieditor/widgets/cpsystems/spikelauncher/spikelauncherbackbox.lua
rawfile,ui/uieditor/widgets/cpsystems/spikelauncher/spikelaunchercircleanim.lua
rawfile,ui/uieditor/widgets/cpsystems/spikelauncher/spikelaunchercontainer.lua
rawfile,ui/uieditor/widgets/cpsystems/spikelauncher/spikelauncherdata.lua
rawfile,ui/uieditor/widgets/cpsystems/spikelauncher/spikelauncherdistance.lua
rawfile,ui/uieditor/widgets/cpsystems/spikelauncher/spikelauncherline.lua
rawfile,ui/uieditor/widgets/cpsystems/spikelauncher/spikelauncherlinetop.lua
rawfile,ui/uieditor/widgets/cpsystems/spikelauncher/spikelaunchermessage.lua
rawfile,ui/uieditor/widgets/cpsystems/spikelauncher/spikelaunchermessagearea.lua
rawfile,ui/uieditor/widgets/cpsystems/spikelauncher/spikelaunchermeters.lua
rawfile,ui/uieditor/widgets/cpsystems/spikelauncher/spikelaunchermetersbase.lua
rawfile,ui/uieditor/widgets/cpsystems/spikelauncher/spikelaunchermeterstop.lua
rawfile,ui/uieditor/widgets/cpsystems/spikelauncher/spikelaunchersides.lua
rawfile,ui/uieditor/widgets/cpsystems/tacticalmode/clampedshooterwidget.lua
rawfile,ui/uieditor/widgets/cpsystems/tacticalmode/clampedshooterwidget_internal.lua
rawfile,ui/uieditor/widgets/cpsystems/tacticalmode/clampedshooterwidgetarrow.lua
rawfile,ui/uieditor/widgets/cpsystems/tacticalmode/repulsorindicator.lua
rawfile,ui/uieditor/widgets/cpsystems/tacticalmode/tacticalmodealwaysontoggle.lua
rawfile,ui/uieditor/widgets/cpsystems/tacticalmode/tacticalmodealwaysontoggle_slider.lua
rawfile,ui/uieditor/widgets/cpsystems/tacticalmode/tacticalmodedistancewidget.lua
rawfile,ui/uieditor/widgets/cpsystems/tacticalmode/tacticalmodeenemyinfowidget.lua
rawfile,ui/uieditor/widgets/cpsystems/tacticalmode/tacticalmodeglow.lua
rawfile,ui/uieditor/widgets/cpsystems/tacticalmode/tacticalmodestatusindicatorwidget.lua
rawfile,ui/uieditor/widgets/cpsystems/tacticalmode/tacticalmodewidget.lua
rawfile,ui/uieditor/widgets/cpsystems/tacticalmode/tacticalmodewidget_internal.lua
rawfile,ui/uieditor/widgets/cpsystems/weakpoints/weakpoint_diagonals.lua
rawfile,ui/uieditor/widgets/cpsystems/weakpoints/weakpoint_newarrowsmall.lua
rawfile,ui/uieditor/widgets/cpsystems/weakpoints/weakpoint_newarrowsmallcontainer.lua
rawfile,ui/uieditor/widgets/cpsystems/weakpoints/weakpoint_newcorner.lua
rawfile,ui/uieditor/widgets/cpsystems/weakpoints/weakpoint_newcornercontainer.lua
rawfile,ui/uieditor/widgets/cpsystems/weakpoints/weakpoint_newdash.lua
rawfile,ui/uieditor/widgets/cpsystems/weakpoints/weakpoint_newdashcontainer.lua
rawfile,ui/uieditor/widgets/cpsystems/weakpoints/weakpoint_newdashel.lua
rawfile,ui/uieditor/widgets/cpsystems/weakpoints/weakpoint_newhex.lua
rawfile,ui/uieditor/widgets/cpsystems/weakpoints/weakpoint_newplus.lua
rawfile,ui/uieditor/widgets/cpsystems/weakpoints/weakpoint_newredarrow.lua
rawfile,ui/uieditor/widgets/cpsystems/weakpoints/weakpoint_newredarrowpoint.lua
rawfile,ui/uieditor/widgets/cpsystems/weakpoints/weakpoint_newredline.lua
rawfile,ui/uieditor/widgets/cpsystems/weakpoints/weakpoint_newredlinecontainer.lua
rawfile,ui/uieditor/widgets/cpsystems/weakpoints/weakpoint_newredlineh.lua
rawfile,ui/uieditor/widgets/cpsystems/weakpoints/weakpoint_newredlinev.lua
rawfile,ui/uieditor/widgets/cpsystems/weakpoints/weakpoint_newthickplus.lua
rawfile,ui/uieditor/widgets/cpsystems/weakpoints/weakpointindicator.lua
rawfile,ui/uieditor/widgets/craft/gunsmith/gunsmithcustomizegraphics.lua
rawfile,ui/uieditor/widgets/craft/paintshop/paintshopchooseiconname.lua
rawfile,ui/uieditor/widgets/dynamiccontainerwidget.lua
rawfile,ui/uieditor/widgets/endgameflow/killcamwidgetfctnline.lua
rawfile,ui/uieditor/widgets/endgameflow/killcamwidgetnumbers.lua
rawfile,ui/uieditor/widgets/endgameflow/top3playerscoreblurbox.lua
rawfile,ui/uieditor/widgets/entitylockon/rocketlauncherlockon.lua
rawfile,ui/uieditor/widgets/entitylockon/rocketlauncherlockon_internal.lua
rawfile,ui/uieditor/widgets/fileshare/filesharespinner.lua
rawfile,ui/uieditor/widgets/footer/fe_btnbg.lua
rawfile,ui/uieditor/widgets/footer/fe_footerbuttonpromptwithcontainer.lua
rawfile,ui/uieditor/widgets/footer/fe_footercontainer.lua
rawfile,ui/uieditor/widgets/footer/fe_inspectionviewbutton.lua
rawfile,ui/uieditor/widgets/footer/fe_rightcontainer.lua
rawfile,ui/uieditor/widgets/helperwidgets/textwithbg.lua
rawfile,ui/uieditor/widgets/hud/blackcell/horizontalcompassblackcell.lua
rawfile,ui/uieditor/widgets/hud/buttonprompt3d/namelabel.lua
rawfile,ui/uieditor/widgets/hud/buttonprompt3d/requirementlabel.lua
rawfile,ui/uieditor/widgets/hud/buttonprompt3dbind.lua
rawfile,ui/uieditor/widgets/hud/buttonprompt3dcpzm.lua
rawfile,ui/uieditor/widgets/hud/buttonprompt3dcpzm_usebuttonicon.lua
rawfile,ui/uieditor/widgets/hud/carepackage/capturecrate.lua
rawfile,ui/uieditor/widgets/hud/centerconsole/centerconsole.lua
rawfile,ui/uieditor/widgets/hud/centerconsole/centerconsoleentry.lua
rawfile,ui/uieditor/widgets/hud/centerconsole/centerconsoleentrycontainer.lua
rawfile,ui/uieditor/widgets/hud/centerconsole/centerconsoleicon.lua
rawfile,ui/uieditor/widgets/hud/centerconsole/centerconsoletext.lua
rawfile,ui/uieditor/widgets/hud/compassminimapmap.lua
rawfile,ui/uieditor/widgets/hud/console/console.lua
rawfile,ui/uieditor/widgets/hud/console/consoleentry.lua
rawfile,ui/uieditor/widgets/hud/console/consoleentrycontainer.lua
rawfile,ui/uieditor/widgets/hud/console/consoleicon.lua
rawfile,ui/uieditor/widgets/hud/console/consoletext.lua
rawfile,ui/uieditor/widgets/hud/core_ammowidget/ammowidget.lua
rawfile,ui/uieditor/widgets/hud/core_ammowidget/ammowidget_abilityaftstroke.lua
rawfile,ui/uieditor/widgets/hud/core_ammowidget/ammowidget_abilitycontainer.lua
rawfile,ui/uieditor/widgets/hud/core_ammowidget/ammowidget_abilityfill.lua
rawfile,ui/uieditor/widgets/hud/core_ammowidget/ammowidget_abilityforestroke.lua
rawfile,ui/uieditor/widgets/hud/core_ammowidget/ammowidget_abilityglow.lua
rawfile,ui/uieditor/widgets/hud/core_ammowidget/ammowidget_abilityicon.lua
rawfile,ui/uieditor/widgets/hud/core_ammowidget/ammowidget_abilityiconcontainer.lua
rawfile,ui/uieditor/widgets/hud/core_ammowidget/ammowidget_abilityring.lua
rawfile,ui/uieditor/widgets/hud/core_ammowidget/ammowidget_abilityringback.lua
rawfile,ui/uieditor/widgets/hud/core_ammowidget/ammowidget_abilityringbackdeplete.lua
rawfile,ui/uieditor/widgets/hud/core_ammowidget/ammowidget_ammometercolor.lua
rawfile,ui/uieditor/widgets/hud/core_ammowidget/ammowidget_arrowfull.lua
rawfile,ui/uieditor/widgets/hud/core_ammowidget/ammowidget_attachmentinfo.lua
rawfile,ui/uieditor/widgets/hud/core_ammowidget/ammowidget_backcircle.lua
rawfile,ui/uieditor/widgets/hud/core_ammowidget/ammowidget_backcircleoutter.lua
rawfile,ui/uieditor/widgets/hud/core_ammowidget/ammowidget_backline.lua
rawfile,ui/uieditor/widgets/hud/core_ammowidget/ammowidget_clipcontainernew.lua
rawfile,ui/uieditor/widgets/hud/core_ammowidget/ammowidget_clipcontainerpress.lua
rawfile,ui/uieditor/widgets/hud/core_ammowidget/ammowidget_clipcontainervalue.lua
rawfile,ui/uieditor/widgets/hud/core_ammowidget/ammowidget_clipelements.lua
rawfile,ui/uieditor/widgets/hud/core_ammowidget/ammowidget_clipinfo.lua
rawfile,ui/uieditor/widgets/hud/core_ammowidget/ammowidget_clipinfodummy.lua
rawfile,ui/uieditor/widgets/hud/core_ammowidget/ammowidget_clipmetercolor.lua
rawfile,ui/uieditor/widgets/hud/core_ammowidget/ammowidget_equipmentempty.lua
rawfile,ui/uieditor/widgets/hud/core_ammowidget/ammowidget_equipmentinfo.lua
rawfile,ui/uieditor/widgets/hud/core_ammowidget/ammowidget_equipmentlethalitem.lua
rawfile,ui/uieditor/widgets/hud/core_ammowidget/ammowidget_equipmenttacticalitem.lua
rawfile,ui/uieditor/widgets/hud/core_ammowidget/ammowidget_evmodeindicator.lua
rawfile,ui/uieditor/widgets/hud/core_ammowidget/ammowidget_fist.lua
rawfile,ui/uieditor/widgets/hud/core_ammowidget/ammowidget_heroabilityringback.lua
rawfile,ui/uieditor/widgets/hud/core_ammowidget/ammowidget_iventorybox.lua
rawfile,ui/uieditor/widgets/hud/core_ammowidget/ammowidget_knife.lua
rawfile,ui/uieditor/widgets/hud/core_ammowidget/ammowidget_panelclip.lua
rawfile,ui/uieditor/widgets/hud/core_ammowidget/ammowidget_panelcontainer.lua
rawfile,ui/uieditor/widgets/hud/core_ammowidget/ammowidget_panelequip.lua
rawfile,ui/uieditor/widgets/hud/core_ammowidget/ammowidget_paneloct.lua
rawfile,ui/uieditor/widgets/hud/core_ammowidget/ammowidget_semicircle.lua
rawfile,ui/uieditor/widgets/hud/core_ammowidget/ammowidget_separator.lua
rawfile,ui/uieditor/widgets/hud/core_ammowidget/ammowidget_statuspanelleftcontainer.lua
rawfile,ui/uieditor/widgets/hud/core_ammowidget/ammowidget_tacmodeindicator.lua
rawfile,ui/uieditor/widgets/hud/core_ammowidget/ammowidget_textattachmentinfo.lua
rawfile,ui/uieditor/widgets/hud/core_ammowidget/ammowidget_textattachmentinfofire.lua
rawfile,ui/uieditor/widgets/hud/core_ammowidget/ammowidget_totalammo.lua
rawfile,ui/uieditor/widgets/hud/core_ammowidget/ammowidget_uiglowwidget.lua
rawfile,ui/uieditor/widgets/hud/core_ammowidget/ammowidgetcontainer.lua
rawfile,ui/uieditor/widgets/hud/core_ammowidget/ammowidgetemp.lua
rawfile,ui/uieditor/widgets/hud/core_ammowidget/ammowidgetmp_dash.lua
rawfile,ui/uieditor/widgets/hud/core_mapwidget/mapwidget.lua
rawfile,ui/uieditor/widgets/hud/core_mapwidget/mapwidget_bartop.lua
rawfile,ui/uieditor/widgets/hud/core_mapwidget/mapwidget_element.lua
rawfile,ui/uieditor/widgets/hud/core_mapwidget/mapwidget_panelvignetteglow.lua
rawfile,ui/uieditor/widgets/hud/core_mapwidget/mapwidget_panelvignetteleft.lua
rawfile,ui/uieditor/widgets/hud/core_mapwidget/mapwidget_panelvignetteright.lua
rawfile,ui/uieditor/widgets/hud/core_mapwidget/mapwidgetcontainer.lua
rawfile,ui/uieditor/widgets/hud/cp_commswidget/commswidget.lua
rawfile,ui/uieditor/widgets/hud/cp_commswidget/commswidget_arrow.lua
rawfile,ui/uieditor/widgets/hud/cp_commswidget/commswidget_characterback.lua
rawfile,ui/uieditor/widgets/hud/cp_commswidget/commswidget_characterimages.lua
rawfile,ui/uieditor/widgets/hud/cp_commswidget/commswidget_characterspeech.lua
rawfile,ui/uieditor/widgets/hud/cp_commswidget/commswidget_charactertext.lua
rawfile,ui/uieditor/widgets/hud/cp_commswidget/commswidget_eventmessagering.lua
rawfile,ui/uieditor/widgets/hud/cp_commswidget/commswidget_eventmessageringcontainer.lua
rawfile,ui/uieditor/widgets/hud/cp_commswidget/commswidget_iconalert.lua
rawfile,ui/uieditor/widgets/hud/cp_commswidget/commswidget_iconmessage.lua
rawfile,ui/uieditor/widgets/hud/cp_commswidget/commswidget_panel.lua
rawfile,ui/uieditor/widgets/hud/cp_damagewidget/damagewidget.lua
rawfile,ui/uieditor/widgets/hud/cp_damagewidget/damagewidget_arrow.lua
rawfile,ui/uieditor/widgets/hud/cp_damagewidget/damagewidget_backcircleinner.lua
rawfile,ui/uieditor/widgets/hud/cp_damagewidget/damagewidget_backcircleoutter.lua
rawfile,ui/uieditor/widgets/hud/cp_damagewidget/damagewidget_bodyindicator.lua
rawfile,ui/uieditor/widgets/hud/cp_damagewidget/damagewidget_bodyindicatorq1.lua
rawfile,ui/uieditor/widgets/hud/cp_damagewidget/damagewidget_bodyindicatorq4.lua
rawfile,ui/uieditor/widgets/hud/cp_damagewidget/damagewidget_dot.lua
rawfile,ui/uieditor/widgets/hud/cp_damagewidget/damagewidget_envirohazardbottom.lua
rawfile,ui/uieditor/widgets/hud/cp_damagewidget/damagewidget_envirohazardcontainer.lua
rawfile,ui/uieditor/widgets/hud/cp_damagewidget/damagewidget_healthstate.lua
rawfile,ui/uieditor/widgets/hud/cp_damagewidget/damagewidget_healthstateregen.lua
rawfile,ui/uieditor/widgets/hud/cp_damagewidget/damagewidget_iconenvirohazard.lua
rawfile,ui/uieditor/widgets/hud/cp_damagewidget/damagewidget_iconenvirohazardmeterbottom.lua
rawfile,ui/uieditor/widgets/hud/cp_damagewidget/damagewidget_iconenvirohazardtype.lua
rawfile,ui/uieditor/widgets/hud/cp_damagewidget/damagewidget_panel.lua
rawfile,ui/uieditor/widgets/hud/cp_damagewidget/damagewidget_panelcontainer.lua
rawfile,ui/uieditor/widgets/hud/cp_damagewidget/damagewidget_panelnoblur.lua
rawfile,ui/uieditor/widgets/hud/cp_damagewidget/damagewidget_paneloct.lua
rawfile,ui/uieditor/widgets/hud/cp_damagewidget/damagewidget_pixel.lua
rawfile,ui/uieditor/widgets/hud/cp_damagewidget/damagewidget_repair.lua
rawfile,ui/uieditor/widgets/hud/cp_damagewidget/damagewidget_repairmeter.lua
rawfile,ui/uieditor/widgets/hud/cp_damagewidget/damagewidget_semicircle.lua
rawfile,ui/uieditor/widgets/hud/cp_damagewidget/damagewidgetcontainer.lua
rawfile,ui/uieditor/widgets/hud/cp_damagewidget/damagewidgetemp.lua
rawfile,ui/uieditor/widgets/hud/cp_damagewidget/damagewidgetmp_panelcontainer.lua
rawfile,ui/uieditor/widgets/hud/cp_dniwipe/dniwipe_centerangledblurlines.lua
rawfile,ui/uieditor/widgets/hud/cp_dniwipe/dniwipe_centerangledlines.lua
rawfile,ui/uieditor/widgets/hud/cp_dniwipe/dniwipe_circlespinwidget.lua
rawfile,ui/uieditor/widgets/hud/cp_dniwipe/dniwipe_dnitextwidget.lua
rawfile,ui/uieditor/widgets/hud/cp_dniwipe/dniwipe_dniwidget.lua
rawfile,ui/uieditor/widgets/hud/cp_dniwipe/dniwipe_dottedcirclewidget.lua
rawfile,ui/uieditor/widgets/hud/cp_dniwipe/dniwipe_linesside.lua
rawfile,ui/uieditor/widgets/hud/cp_dniwipe/dniwipe_outeririsblink.lua
rawfile,ui/uieditor/widgets/hud/cp_dniwipe/dniwipe_purgingtextwidget.lua
rawfile,ui/uieditor/widgets/hud/cp_dniwipe/dniwipe_toplineblink.lua
rawfile,ui/uieditor/widgets/hud/cp_partylist/partylist.lua
rawfile,ui/uieditor/widgets/hud/cp_partylist/partylist_clanbox.lua
rawfile,ui/uieditor/widgets/hud/cp_partylist/partylist_clancontainer.lua
rawfile,ui/uieditor/widgets/hud/cp_partylist/partylist_playerscore.lua
rawfile,ui/uieditor/widgets/hud/cp_partylist/partylist_playerscoreinternal.lua
rawfile,ui/uieditor/widgets/hud/cp_partylist/partylist_scorerankicon.lua
rawfile,ui/uieditor/widgets/hud/cp_partylist/partylistcontainer.lua
rawfile,ui/uieditor/widgets/hud/cp_partylist/partylistcontainerparent.lua
rawfile,ui/uieditor/widgets/hud/cp_prologue/cp_prologue_ammowidget_panelclip.lua
rawfile,ui/uieditor/widgets/hud/cp_prologue/cp_prologue_ammowidget_panelcontainer.lua
rawfile,ui/uieditor/widgets/hud/cp_prologue/cp_prologue_clipelements.lua
rawfile,ui/uieditor/widgets/hud/deadspectate/deadspectate.lua
rawfile,ui/uieditor/widgets/hud/deadspectate/deadspectate_internal.lua
rawfile,ui/uieditor/widgets/hud/deadspectate/deadspectate_spectatingbar.lua
rawfile,ui/uieditor/widgets/hud/deadspectate/deadspectate_spectatingbarpc.lua
rawfile,ui/uieditor/widgets/hud/deadspectate/deadspectate_spectatingmode.lua
rawfile,ui/uieditor/widgets/hud/deadspectate/deadspectate_spectatingmodebuttonprompt.lua
rawfile,ui/uieditor/widgets/hud/doa/generic_banner_wbar.lua
rawfile,ui/uieditor/widgets/hud/doa/redinsplayerline.lua
rawfile,ui/uieditor/widgets/hud/equipment/emp/emprebootelectromagneticwidget.lua
rawfile,ui/uieditor/widgets/hud/equipment/emp/emprebootindicatorwidget.lua
rawfile,ui/uieditor/widgets/hud/fx/vignette_corner.lua
rawfile,ui/uieditor/widgets/hud/fx/vignette_corner_right.lua
rawfile,ui/uieditor/widgets/hud/genericupdatebar.lua
rawfile,ui/uieditor/widgets/hud/genericupdatebarwithlink.lua
rawfile,ui/uieditor/widgets/hud/map/horizontalcompassgroupmpcontainer.lua
rawfile,ui/uieditor/widgets/hud/movieplayback/moviesubtitles.lua
rawfile,ui/uieditor/widgets/hud/outcome/timetobeatbox.lua
rawfile,ui/uieditor/widgets/hud/prematchcountdown/prematchcountdown.lua
rawfile,ui/uieditor/widgets/hud/prematchcountdown/prematchcountdown_2xpbadge.lua
rawfile,ui/uieditor/widgets/hud/prematchcountdown/prematchcountdown_2xpweaponbadge.lua
rawfile,ui/uieditor/widgets/hud/prematchcountdown/prematchcountdown_2xpweaponlabel.lua
rawfile,ui/uieditor/widgets/hud/prematchcountdown/prematchcountdown_beginsin.lua
rawfile,ui/uieditor/widgets/hud/prematchcountdown/prematchcountdown_numbers.lua
rawfile,ui/uieditor/widgets/hud/prematchcountdown/prematchcountdown_numbersinternal.lua
rawfile,ui/uieditor/widgets/hud/prematchcountdown/prematchcountdown_title.lua
rawfile,ui/uieditor/widgets/hud/proximityalarm/proximityalarm.lua
rawfile,ui/uieditor/widgets/hud/safeareacontainers/t7hud_safeareacontainer_back.lua
rawfile,ui/uieditor/widgets/hud/safeareacontainers/t7hud_safeareacontainer_front.lua
rawfile,ui/uieditor/widgets/hud/safeframe_playercard.lua
rawfile,ui/uieditor/widgets/hud/scoreinfo/scoreinfo_meterline.lua
rawfile,ui/uieditor/widgets/hud/scoreinfo/scoreinfo_timer.lua
rawfile,ui/uieditor/widgets/hud/scoreinfo/scoreinfo_timernumber.lua
rawfile,ui/uieditor/widgets/hud/scoreinfo/scoreinfo_timesemi.lua
rawfile,ui/uieditor/widgets/hud/trainingsim/cptrainingsimrankicon.lua
rawfile,ui/uieditor/widgets/hud/waypoint/genericwaypointcontainer.lua
rawfile,ui/uieditor/widgets/leaderboard/leaderboard_gamemodetabitem.lua
rawfile,ui/uieditor/widgets/loadinganimation/animationloading2.lua
rawfile,ui/uieditor/widgets/loadinganimation/loadingscreen_doublexplabel.lua
rawfile,ui/uieditor/widgets/lobby/common/fe_buttonpanelshader_exposedvalues.lua
rawfile,ui/uieditor/widgets/lobby/common/fe_buttonpanelshadercontainer_exposedvalues.lua
rawfile,ui/uieditor/widgets/lobby/common/fe_titlelinesingle.lua
rawfile,ui/uieditor/widgets/menuspecificwidgets/aarmedalslistwidget.lua
rawfile,ui/uieditor/widgets/menuspecificwidgets/aarplayersummaryemptywidget.lua
rawfile,ui/uieditor/widgets/menuspecificwidgets/aarplayersummarylistwidget.lua
rawfile,ui/uieditor/widgets/menuspecificwidgets/rewardslistwidget.lua
rawfile,ui/uieditor/widgets/menuspecificwidgets/scriptdebugmenulistwidget.lua
rawfile,ui/uieditor/widgets/menuspecificwidgets/startmenu/missionobjectivegroup.lua
rawfile,ui/uieditor/widgets/menuspecificwidgets/startmenu/missionobjectivegroupinternal.lua
rawfile,ui/uieditor/widgets/menuspecificwidgets/startmenu/missionobjectiveitem.lua
rawfile,ui/uieditor/widgets/menuspecificwidgets/startmenu/missionobjectiveiteminternal.lua
rawfile,ui/uieditor/widgets/menuspecificwidgets/startmenu/missionobjectivestep.lua
rawfile,ui/uieditor/widgets/menuspecificwidgets/startmenu/missionobjectivestepinternal.lua
rawfile,ui/uieditor/widgets/menuspecificwidgets/startmenu/missiontab.lua
rawfile,ui/uieditor/widgets/menuspecificwidgets/startmenu/optionstab.lua
rawfile,ui/uieditor/widgets/menuspecificwidgets/startmenu/selectionlistbutton.lua
rawfile,ui/uieditor/widgets/menuspecificwidgets/startmenu/startmenubuttonitem.lua
rawfile,ui/uieditor/widgets/missionfailed/missionfailed_failreasontext.lua
rawfile,ui/uieditor/widgets/missionrecordvault/missionrecordvault_accoladesaccuracy.lua
rawfile,ui/uieditor/widgets/missionrecordvault/missionrecordvault_accoladesairvehicledestroy.lua
rawfile,ui/uieditor/widgets/missionrecordvault/missionrecordvault_accoladesbullshark.lua
rawfile,ui/uieditor/widgets/missionrecordvault/missionrecordvault_accoladescybernetics.lua
rawfile,ui/uieditor/widgets/missionrecordvault/missionrecordvault_accoladesdefend.lua
rawfile,ui/uieditor/widgets/missionrecordvault/missionrecordvault_accoladesdifficulty.lua
rawfile,ui/uieditor/widgets/missionrecordvault/missionrecordvault_accoladesexplosion.lua
rawfile,ui/uieditor/widgets/missionrecordvault/missionrecordvault_accoladesfind.lua
rawfile,ui/uieditor/widgets/missionrecordvault/missionrecordvault_accoladesgrenade.lua
rawfile,ui/uieditor/widgets/missionrecordvault/missionrecordvault_accoladesgroundvehicledestroy.lua
rawfile,ui/uieditor/widgets/missionrecordvault/missionrecordvault_accoladesheavyweapon.lua
rawfile,ui/uieditor/widgets/missionrecordvault/missionrecordvault_accoladeskills.lua
rawfile,ui/uieditor/widgets/missionrecordvault/missionrecordvault_accoladesmelee.lua
rawfile,ui/uieditor/widgets/missionrecordvault/missionrecordvault_accoladesscore.lua
rawfile,ui/uieditor/widgets/missionrecordvault/missionrecordvault_accoladesstealth.lua
rawfile,ui/uieditor/widgets/missionrecordvault/missionrecordvault_accoladestraversal.lua
rawfile,ui/uieditor/widgets/missionrecordvault/missionrecordvault_accoladestrickshot.lua
rawfile,ui/uieditor/widgets/missionrecordvault/missionrecordvault_accoladesuntouched.lua
rawfile,ui/uieditor/widgets/missionrecordvault/missionrecordvault_accoladesweapon.lua
rawfile,ui/uieditor/widgets/missionrecordvault/missionrecordvault_challengerow.lua
rawfile,ui/uieditor/widgets/missionrecordvault/missionrecordvault_challenges.lua
rawfile,ui/uieditor/widgets/missionrecordvault/missionrecordvault_challengeselectedinfo.lua
rawfile,ui/uieditor/widgets/missionrecordvault/missionrecordvault_heading.lua
rawfile,ui/uieditor/widgets/missionrecordvault/missionrecordvault_performancecollectible.lua
rawfile,ui/uieditor/widgets/missionrecordvault/missionrecordvault_scorewidget.lua
rawfile,ui/uieditor/widgets/missionrecordvault/missionrecordvault_yourbest.lua
rawfile,ui/uieditor/widgets/mphudwidgets/armoroverlaycontainer.lua
rawfile,ui/uieditor/widgets/mphudwidgets/cursorhint.lua
rawfile,ui/uieditor/widgets/mphudwidgets/cursorhint_image.lua
rawfile,ui/uieditor/widgets/mphudwidgets/cursorhint_text.lua
rawfile,ui/uieditor/widgets/mphudwidgets/outofbounds/outofbounds_arrowswidget.lua
rawfile,ui/uieditor/widgets/mphudwidgets/outofbounds/outofbounds_dotblinkwidget.lua
rawfile,ui/uieditor/widgets/mphudwidgets/outofbounds/outofbounds_returnbox.lua
rawfile,ui/uieditor/widgets/mphudwidgets/outofbounds/outofbounds_scrollbarwidget.lua
rawfile,ui/uieditor/widgets/mphudwidgets/outofbounds/outofbounds_sidebar.lua
rawfile,ui/uieditor/widgets/mphudwidgets/outofbounds/outofbounds_timerframedots.lua
rawfile,ui/uieditor/widgets/mphudwidgets/outofbounds/outofbounds_timerwidget.lua
rawfile,ui/uieditor/widgets/mphudwidgets/outofbounds/outofbounds_vignettecontainer.lua
rawfile,ui/uieditor/widgets/mphudwidgets/outofbounds/outofbounds_warningboxwidget.lua
rawfile,ui/uieditor/widgets/mphudwidgets/shockcharge.lua
rawfile,ui/uieditor/widgets/mphudwidgets/stuck.lua
rawfile,ui/uieditor/widgets/mphudwidgets/thrustmeter/boot/thrustbootchevron.lua
rawfile,ui/uieditor/widgets/mphudwidgets/thrustmeter/boot/thrustbootmetercircle.lua
rawfile,ui/uieditor/widgets/mphudwidgets/thrustmeter/boot/thrustmeterbootcontainer.lua
rawfile,ui/uieditor/widgets/mphudwidgets/thrustmeter/boot/thrustmeterdotsboot.lua
rawfile,ui/uieditor/widgets/mphudwidgets/thrustmeter/thrustmeter.lua
rawfile,ui/uieditor/widgets/mphudwidgets/thrustmeter/thrustmeterarrows.lua
rawfile,ui/uieditor/widgets/mphudwidgets/thrustmeter/thrustmeterchevron.lua
rawfile,ui/uieditor/widgets/mphudwidgets/thrustmeter/thrustmeterchevronthin.lua
rawfile,ui/uieditor/widgets/mphudwidgets/thrustmeter/thrustmetercontainer.lua
rawfile,ui/uieditor/widgets/mphudwidgets/thrustmeter/thrustmeterdots.lua
rawfile,ui/uieditor/widgets/mphudwidgets/waypoint.lua
rawfile,ui/uieditor/widgets/mphudwidgets/waypoint_textbg.lua
rawfile,ui/uieditor/widgets/mphudwidgets/waypointarrowcontainer.lua
rawfile,ui/uieditor/widgets/mphudwidgets/waypointarrowwidget.lua
rawfile,ui/uieditor/widgets/mphudwidgets/waypointbase.lua
rawfile,ui/uieditor/widgets/mphudwidgets/waypointcenter.lua
rawfile,ui/uieditor/widgets/mphudwidgets/waypointdistanceindicatorcontainer.lua
rawfile,ui/uieditor/widgets/mphudwidgets/waypointwidgetcontainer.lua
rawfile,ui/uieditor/widgets/networkstats/networkstatsrowwidget.lua
rawfile,ui/uieditor/widgets/networkstats/networkstatsrowwidgetcontainer.lua
rawfile,ui/uieditor/widgets/notifications/medals/notification_medals.lua
rawfile,ui/uieditor/widgets/notifications/notification.lua
rawfile,ui/uieditor/widgets/notifications/notificationqueue.lua
rawfile,ui/uieditor/widgets/notifications/notificationqueuewidgets/bo2medal.lua
rawfile,ui/uieditor/widgets/notifications/notificationqueuewidgets/notificationrewardqueue.lua
rawfile,ui/uieditor/widgets/notifications/notificationqueuewidgets/notificationrewardqueuewidgets/iconrewardwidget.lua
rawfile,ui/uieditor/widgets/notifications/notificationqueuewidgets/notificationrewardqueuewidgets/notificationrewardborder.lua
rawfile,ui/uieditor/widgets/notifications/notificationqueuewidgets/notificationrewardqueuewidgets/notificationrewardwidget.lua
rawfile,ui/uieditor/widgets/notifications/notificationqueuewidgets/rankupnotification.lua
rawfile,ui/uieditor/widgets/notifications/notificationqueuewidgets/weaponlevelupnotification.lua
rawfile,ui/uieditor/widgets/notifications/outofbounds/outofbounds.lua
rawfile,ui/uieditor/widgets/notifications/perks/notification_perks.lua
rawfile,ui/uieditor/widgets/notifications/perks/notificationperkscontainer.lua
rawfile,ui/uieditor/widgets/notifications/perks/perkinfo.lua
rawfile,ui/uieditor/widgets/notifications/playercard/playercard.lua
rawfile,ui/uieditor/widgets/notifications/playercard/playercard_callout.lua
rawfile,ui/uieditor/widgets/notifications/playercard/playercard_label.lua
rawfile,ui/uieditor/widgets/notifications/playercard/playercard_obituarycallout.lua
rawfile,ui/uieditor/widgets/notifications/rankup/rankupnotification_footerbacking01.lua
rawfile,ui/uieditor/widgets/notifications/rankup/rankupnotification_footerbacking02.lua
rawfile,ui/uieditor/widgets/notifications/rankup/rankupnotification_footerlabel01.lua
rawfile,ui/uieditor/widgets/notifications/rankup/rankupnotification_footerlabel02.lua
rawfile,ui/uieditor/widgets/notifications/rankup/rankupnotification_title.lua
rawfile,ui/uieditor/widgets/notifications/rankup/rankupnotification_titlebacking9slice.lua
rawfile,ui/uieditor/widgets/notifications/rankup/rankupnotification_wingcontainer.lua
rawfile,ui/uieditor/widgets/notifications/weaponlevelup/weaponlevelupnotification_bottom.lua
rawfile,ui/uieditor/widgets/notifications/weaponlevelup/weaponlevelupnotification_footerbacking01.lua
rawfile,ui/uieditor/widgets/notifications/weaponlevelup/weaponlevelupnotification_footerbacking02.lua
rawfile,ui/uieditor/widgets/notifications/weaponlevelup/weaponlevelupnotification_footerlabel01.lua
rawfile,ui/uieditor/widgets/notifications/weaponlevelup/weaponlevelupnotification_footerlabel02.lua
rawfile,ui/uieditor/widgets/notifications/weaponlevelup/weaponlevelupnotification_linefade.lua
rawfile,ui/uieditor/widgets/notifications/weaponlevelup/weaponlevelupnotification_title.lua
rawfile,ui/uieditor/widgets/notifications/weaponlevelup/weaponlevelupnotification_titlebacking.lua
rawfile,ui/uieditor/widgets/notifications/weaponlevelup/weaponlevelupnotification_topbacking.lua
rawfile,ui/uieditor/widgets/onoffimage.lua
rawfile,ui/uieditor/widgets/paintshop/paintjobslotsback.lua
rawfile,ui/uieditor/widgets/raids/raidspurchaseitem.lua
rawfile,ui/uieditor/widgets/raids/raidspurchaseiteminternal.lua
rawfile,ui/uieditor/widgets/raids/raidspurchases.lua
rawfile,ui/uieditor/widgets/rankupnotificationtile.lua
rawfile,ui/uieditor/widgets/reticles/blackcell/blackcell.lua
rawfile,ui/uieditor/widgets/reticles/blackcell/blackcellinternal.lua
rawfile,ui/uieditor/widgets/reticles/blackcell/centerreticle.lua
rawfile,ui/uieditor/widgets/reticles/blackcell/target.lua
rawfile,ui/uieditor/widgets/reticles/blackcell/teammatelockon.lua
rawfile,ui/uieditor/widgets/reticles/blackcell/timer.lua
rawfile,ui/uieditor/widgets/reticles/chargeshot/chargershot_4corner_bracket.lua
rawfile,ui/uieditor/widgets/reticles/chargeshot/chargershot_4corner_line.lua
rawfile,ui/uieditor/widgets/reticles/chargeshot/chargershot_active_center.lua
rawfile,ui/uieditor/widgets/reticles/chargeshot/chargershot_activelock.lua
rawfile,ui/uieditor/widgets/reticles/chargeshot/chargershot_brackets.lua
rawfile,ui/uieditor/widgets/reticles/chargeshot/chargershot_moving_arrow.lua
rawfile,ui/uieditor/widgets/reticles/chargeshot/chargershot_reticle_side.lua
rawfile,ui/uieditor/widgets/reticles/chargeshot/chargershot_top_arrow.lua
rawfile,ui/uieditor/widgets/reticles/chargeshot/chargeshot_activeline.lua
rawfile,ui/uieditor/widgets/reticles/chargeshot/chargeshot_centerreticle.lua
rawfile,ui/uieditor/widgets/reticles/chargeshot/chargeshot_outerreticle.lua
rawfile,ui/uieditor/widgets/reticles/chargeshot/chargeshot_reticle.lua
rawfile,ui/uieditor/widgets/reticles/chargeshot/chargeshot_reticle_ui3d.lua
rawfile,ui/uieditor/widgets/reticles/chargeshot/chargeshot_smallcenter.lua
rawfile,ui/uieditor/widgets/reticles/magnifier/magnifierreticle_internal.lua
rawfile,ui/uieditor/widgets/reticles/magnifier/magnifierreticle_ui3d.lua
rawfile,ui/uieditor/widgets/reticles/mp/bowlauncherreticle.lua
rawfile,ui/uieditor/widgets/reticles/mp/bowlauncherreticle_dot.lua
rawfile,ui/uieditor/widgets/reticles/mp/bowlauncherreticle_internal.lua
rawfile,ui/uieditor/widgets/reticles/mp/bowlauncherreticle_l1.lua
rawfile,ui/uieditor/widgets/reticles/mp/bowlauncherreticle_l2.lua
rawfile,ui/uieditor/widgets/reticles/mp/bowlauncherreticle_l3.lua
rawfile,ui/uieditor/widgets/reticles/mp/bowlauncherreticle_l4.lua
rawfile,ui/uieditor/widgets/reticles/mp/bowlauncherreticle_shader.lua
rawfile,ui/uieditor/widgets/reticles/rocketlaunchers/rocketlauncherreticle.lua
rawfile,ui/uieditor/widgets/reticles/rocketlaunchers/rocketlauncherreticle_ui3d.lua
rawfile,ui/uieditor/widgets/reticles/rocketlaunchers/rocketlauncherreticle_ui3d_internal.lua
rawfile,ui/uieditor/widgets/safehouse/loadoutsabilitywheel.lua
rawfile,ui/uieditor/widgets/scoreboard/cp/scoreboardfactionscoreslistcp.lua
rawfile,ui/uieditor/widgets/scoreboard/cp/scoreboardheaderwidgetcp.lua
rawfile,ui/uieditor/widgets/scoreboard/cp/scoreboardrowwidgetcp.lua
rawfile,ui/uieditor/widgets/scoreboard/cp/scoreboardwidgetcp.lua
rawfile,ui/uieditor/widgets/scoreboard/cp/scoreboardwidgetcpaar.lua
rawfile,ui/uieditor/widgets/scoreboard/scoreboardfactionscoreslist.lua
rawfile,ui/uieditor/widgets/scoreboard/scoreboardpingbackground.lua
rawfile,ui/uieditor/widgets/scoreboard/scoreboardpingheader.lua
rawfile,ui/uieditor/widgets/scoreboard/scoreboardpingvalue.lua
rawfile,ui/uieditor/widgets/scoreboard/scoreboardrowdeathiconwidget.lua
rawfile,ui/uieditor/widgets/scoreboard/scoreboardrowwidget.lua
rawfile,ui/uieditor/widgets/scoreboard/scoreboardwidgetbuttoncontainer.lua
rawfile,ui/uieditor/widgets/scrollbars/horizontalcounter.lua
rawfile,ui/uieditor/widgets/startgameflow/cp_confirmselection_box.lua
rawfile,ui/uieditor/widgets/startmenu/cp/startmenu_list1button.lua
rawfile,ui/uieditor/widgets/startmenu/cp/startmenu_list1buttongameoptions.lua
rawfile,ui/uieditor/widgets/startmenu/startmenu_collectableitem.lua
rawfile,ui/uieditor/widgets/startmenu/startmenu_collectables.lua
rawfile,ui/uieditor/widgets/startmenu/startmenu_difficultyicon.lua
rawfile,ui/uieditor/widgets/startmenu/startmenu_gameoptions_cp.lua
rawfile,ui/uieditor/widgets/startmenu/startmenu_identity_subtitle_bg.lua
rawfile,ui/uieditor/widgets/startmenu/startmenu_maplocationdate.lua
rawfile,ui/uieditor/widgets/startmenu/startmenu_objectives.lua
rawfile,ui/uieditor/widgets/startmenu/startmenu_objectives_item.lua
rawfile,ui/uieditor/widgets/startmenu/startmenu_scoreandmissionruntime.lua
rawfile,ui/uieditor/widgets/startmenu/startmenu_tacticalmode.lua
rawfile,ui/uieditor/widgets/startmenu/tacticalmodesettings/tmodesetting_agiletacticalmode.lua
rawfile,ui/uieditor/widgets/startmenu/tacticalmodesettings/tmodesetting_balancedtacticalmode.lua
rawfile,ui/uieditor/widgets/startmenu/tacticalmodesettings/tmodesetting_fullspectrumtacticalmode.lua
rawfile,ui/uieditor/widgets/startmenu/tacticalmodesettings/tmodesetting_overwatchtacticalmode.lua
rawfile,ui/uieditor/widgets/startmenu/tacticalmodesettings/tmodesetting_survivalisttacticalmode.lua
rawfile,ui/uieditor/widgets/startmenu/tacticalmodesettings/tmodesetting_tacticalmodelight.lua
rawfile,ui/uieditor/widgets/textwithdisablestate.lua
rawfile,ui/uieditor/widgets/utilities/progressbar_rank.lua
rawfile,ui/uieditor/widgets/vehiclehuds/agr/vhud_agr_damageicon.lua
rawfile,ui/uieditor/widgets/vehiclehuds/agr/vhud_agr_internal.lua
rawfile,ui/uieditor/widgets/vehiclehuds/agr/vhud_agr_missile.lua
rawfile,ui/uieditor/widgets/vehiclehuds/agr/vhud_agr_missileswidgetleft.lua
rawfile,ui/uieditor/widgets/vehiclehuds/agr/vhud_agr_notificationbox.lua
rawfile,ui/uieditor/widgets/vehiclehuds/agr/vhud_agr_notificationline.lua
rawfile,ui/uieditor/widgets/vehiclehuds/agr/vhud_agr_notificationmissiles.lua
rawfile,ui/uieditor/widgets/vehiclehuds/agr/vhud_agr_outsideline.lua
rawfile,ui/uieditor/widgets/vehiclehuds/agr/vhud_agr_reticle.lua
rawfile,ui/uieditor/widgets/vehiclehuds/agr/vhud_agr_reticlecenterhairline.lua
rawfile,ui/uieditor/widgets/vehiclehuds/agr/vhud_agr_reticlefocusframeleft.lua
rawfile,ui/uieditor/widgets/vehiclehuds/agr/vhud_agr_reticlefocusframeright.lua
rawfile,ui/uieditor/widgets/vehiclehuds/agr/vhud_agr_reticlehairlinebottom.lua
rawfile,ui/uieditor/widgets/vehiclehuds/agr/vhud_agr_reticleoutsidedotslr.lua
rawfile,ui/uieditor/widgets/vehiclehuds/agr/vhud_agr_reticleoutsidedotsur.lua
rawfile,ui/uieditor/widgets/vehiclehuds/agr/vhud_agr_reticleoutsideline.lua
rawfile,ui/uieditor/widgets/vehiclehuds/agr/vhud_agr_rpmwidget.lua
rawfile,ui/uieditor/widgets/vehiclehuds/agr/vhud_agr_timebar.lua
rawfile,ui/uieditor/widgets/vehiclehuds/buttons/vhud_button_backing_lines.lua
rawfile,ui/uieditor/widgets/vehiclehuds/buttons/vhud_button_hexblur.lua
rawfile,ui/uieditor/widgets/vehiclehuds/buttons/vhud_button_hexblurwidget.lua
rawfile,ui/uieditor/widgets/vehiclehuds/buttons/vhud_generic_button_layout.lua
rawfile,ui/uieditor/widgets/vehiclehuds/buttons/vhud_generic_key_mouse_layout.lua
rawfile,ui/uieditor/widgets/vehiclehuds/dart/vhud_dart_timebar.lua
rawfile,ui/uieditor/widgets/vehiclehuds/dpshud_damageiconwidget.lua
rawfile,ui/uieditor/widgets/vehiclehuds/dpshud_internal.lua
rawfile,ui/uieditor/widgets/vehiclehuds/dpsreticlezoom.lua
rawfile,ui/uieditor/widgets/vehiclehuds/dpsvehiclereticle.lua
rawfile,ui/uieditor/widgets/vehiclehuds/genericvhuddamagearea.lua
rawfile,ui/uieditor/widgets/vehiclehuds/genericvhudinfoarea.lua
rawfile,ui/uieditor/widgets/vehiclehuds/ground/vehicleground_centerinnerring.lua
rawfile,ui/uieditor/widgets/vehiclehuds/ground/vehicleground_centerinnerringelement.lua
rawfile,ui/uieditor/widgets/vehiclehuds/ground/vehicleground_centerinnerringin.lua
rawfile,ui/uieditor/widgets/vehiclehuds/ground/vehicleground_centerinnerringoutter.lua
rawfile,ui/uieditor/widgets/vehiclehuds/ground/vehicleground_centerinnerringouttercountainter.lua
rawfile,ui/uieditor/widgets/vehiclehuds/ground/vehicleground_extring.lua
rawfile,ui/uieditor/widgets/vehiclehuds/ground/vehicleground_extringarrow.lua
rawfile,ui/uieditor/widgets/vehiclehuds/ground/vehicleground_hashicon.lua
rawfile,ui/uieditor/widgets/vehiclehuds/ground/vehicleground_hashringcontainer.lua
rawfile,ui/uieditor/widgets/vehiclehuds/ground/vehicleground_hashringlarge.lua
rawfile,ui/uieditor/widgets/vehiclehuds/ground/vehicleground_hashringlargeinternal.lua
rawfile,ui/uieditor/widgets/vehiclehuds/ground/vehicleground_hashtext.lua
rawfile,ui/uieditor/widgets/vehiclehuds/ground/vehicleground_hashtextinternal.lua
rawfile,ui/uieditor/widgets/vehiclehuds/ground/vehicleground_iris.lua
rawfile,ui/uieditor/widgets/vehiclehuds/ground/vehicleground_irisinner.lua
rawfile,ui/uieditor/widgets/vehiclehuds/ground/vehicleground_irisinnercontainer.lua
rawfile,ui/uieditor/widgets/vehiclehuds/ground/vehicleground_irisoutterdigi.lua
rawfile,ui/uieditor/widgets/vehiclehuds/ground/vehicleground_irisoutterthin.lua
rawfile,ui/uieditor/widgets/vehiclehuds/ground/vehicleground_irisoutterthininternal.lua
rawfile,ui/uieditor/widgets/vehiclehuds/ground/vehicleground_modb2.lua
rawfile,ui/uieditor/widgets/vehiclehuds/ground/vehicleground_modb2pixel.lua
rawfile,ui/uieditor/widgets/vehiclehuds/ground/vehicleground_modb3.lua
rawfile,ui/uieditor/widgets/vehiclehuds/ground/vehicleground_modb3pixel.lua
rawfile,ui/uieditor/widgets/vehiclehuds/ground/vehicleground_modb4.lua
rawfile,ui/uieditor/widgets/vehiclehuds/ground/vehicleground_moddni.lua
rawfile,ui/uieditor/widgets/vehiclehuds/ground/vehicleground_modleft.lua
rawfile,ui/uieditor/widgets/vehiclehuds/ground/vehicleground_modright.lua
rawfile,ui/uieditor/widgets/vehiclehuds/ground/vehicleground_modt1.lua
rawfile,ui/uieditor/widgets/vehiclehuds/ground/vehicleground_modt2.lua
rawfile,ui/uieditor/widgets/vehiclehuds/ground/vehicleground_modt3.lua
rawfile,ui/uieditor/widgets/vehiclehuds/ground/vehicleground_modt4.lua
rawfile,ui/uieditor/widgets/vehiclehuds/ground/vehicleground_modt5.lua
rawfile,ui/uieditor/widgets/vehiclehuds/ground/vehicleground_modt6.lua
rawfile,ui/uieditor/widgets/vehiclehuds/ground/vehicleground_modt7.lua
rawfile,ui/uieditor/widgets/vehiclehuds/ground/vehicleground_reticle.lua
rawfile,ui/uieditor/widgets/vehiclehuds/ground/vehicleground_reticlecontainer.lua
rawfile,ui/uieditor/widgets/vehiclehuds/ground/vehicleground_reticlelowerarrowvert.lua
rawfile,ui/uieditor/widgets/vehiclehuds/ground/vehicleground_reticlenumbers.lua
rawfile,ui/uieditor/widgets/vehiclehuds/ground/vehicleground_reticletop.lua
rawfile,ui/uieditor/widgets/vehiclehuds/ground/vehicleground_reticlezoom.lua
rawfile,ui/uieditor/widgets/vehiclehuds/ground/vehicleground_vignettecontainer.lua
rawfile,ui/uieditor/widgets/vehiclehuds/ground/vehicleground_vignettefore.lua
rawfile,ui/uieditor/widgets/vehiclehuds/mothership/vhud_moddnitime.lua
rawfile,ui/uieditor/widgets/vehiclehuds/mothership/vhud_ms_buttonwidget.lua
rawfile,ui/uieditor/widgets/vehiclehuds/mothership/vhud_ms_lockarrow.lua
rawfile,ui/uieditor/widgets/vehiclehuds/mothership/vhud_ms_lockbox.lua
rawfile,ui/uieditor/widgets/vehiclehuds/mothership/vhud_ms_lockonnotification.lua
rawfile,ui/uieditor/widgets/vehiclehuds/quadtank/vhud_quadtank_internal.lua
rawfile,ui/uieditor/widgets/vehiclehuds/quadtank/vhud_quadtank_reticle.lua
rawfile,ui/uieditor/widgets/vehiclehuds/siegebot/vhud_siegebot_bootupwidget.lua
rawfile,ui/uieditor/widgets/vehiclehuds/siegebot/vhud_siegebot_damage_bottom.lua
rawfile,ui/uieditor/widgets/vehiclehuds/siegebot/vhud_siegebot_damage_top.lua
rawfile,ui/uieditor/widgets/vehiclehuds/siegebot/vhud_siegebot_directionalarrow.lua
rawfile,ui/uieditor/widgets/vehiclehuds/siegebot/vhud_siegebot_empwidget.lua
rawfile,ui/uieditor/widgets/vehiclehuds/siegebot/vhud_siegebot_internal.lua
rawfile,ui/uieditor/widgets/vehiclehuds/siegebot/vhud_siegebot_missile_container.lua
rawfile,ui/uieditor/widgets/vehiclehuds/siegebot/vhud_siegebot_missile_count.lua
rawfile,ui/uieditor/widgets/vehiclehuds/siegebot/vhud_siegebot_missile_icon.lua
rawfile,ui/uieditor/widgets/vehiclehuds/siegebot/vhud_siegebot_missile_label.lua
rawfile,ui/uieditor/widgets/vehiclehuds/siegebot/vhud_siegebot_notificationline.lua
rawfile,ui/uieditor/widgets/vehiclehuds/siegebot/vhud_siegebot_reticle.lua
rawfile,ui/uieditor/widgets/vehiclehuds/siegebot/vuhd_siegebot_lockedwidget.lua
rawfile,ui/uieditor/widgets/vehiclehuds/turret/vhud_turret_damageicon.lua
rawfile,ui/uieditor/widgets/vehiclehuds/turret/vhud_turret_internal.lua
rawfile,ui/uieditor/widgets/vehiclehuds/turret/vhud_turret_reticle.lua
rawfile,ui/uieditor/widgets/vehiclehuds/turret/vhud_turret_reticle_arrows.lua
rawfile,ui/uieditor/widgets/vehiclehuds/turret/vhud_turret_reticle_center.lua
rawfile,ui/uieditor/widgets/vehiclehuds/vtol/vtolaimhint.lua
rawfile,ui/uieditor/widgets/vehiclehuds/vtol/vtolcenterframe.lua
rawfile,ui/uieditor/widgets/vehiclehuds/vtol/vtolcentermissiles.lua
rawfile,ui/uieditor/widgets/vehiclehuds/vtol/vtolcentermissileslocked.lua
rawfile,ui/uieditor/widgets/vehiclehuds/vtol/vtolhud_internal.lua
rawfile,ui/uieditor/widgets/vehiclehuds/vtol/vtollandhint.lua
rawfile,ui/uieditor/widgets/vehiclehuds/vtol/vtoltarget.lua
rawfile,ui/uieditor/widgets/vehiclehuds/wasp/vhud_sentinel_altitudeinfo.lua
rawfile,ui/uieditor/widgets/vehiclehuds/wasp/vhud_sentinel_centerreticle.lua
rawfile,ui/uieditor/widgets/vehiclehuds/wasp/vhud_sentinel_damageiconwidget.lua
rawfile,ui/uieditor/widgets/vehiclehuds/wasp/vhud_sentinel_horizon_elements.lua
rawfile,ui/uieditor/widgets/vehiclehuds/wasp/vhud_sentinel_internal.lua
rawfile,ui/uieditor/widgets/vehiclehuds/wasp/vhud_sentinel_iris.lua
rawfile,ui/uieditor/widgets/vehiclehuds/wasp/vhud_sentinel_notificationbox.lua
rawfile,ui/uieditor/widgets/vehiclehuds/wasp/vhud_sentinel_notificationline.lua
rawfile,ui/uieditor/widgets/vehiclehuds/wasp/vhud_sentinel_notificationsignalbox.lua
rawfile,ui/uieditor/widgets/vehiclehuds/wasp/vhud_sentinel_outofrangelabels.lua
rawfile,ui/uieditor/widgets/vehiclehuds/wasp/vhud_sentinel_reticle.lua
rawfile,ui/uieditor/widgets/vehiclehuds/wasp/vhud_sentinel_timebar.lua
scriptparsetree,scripts/cp/_accolades.gsc
scriptparsetree,scripts/cp/_achievements.gsc
scriptparsetree,scripts/cp/_acousticsensor.csc
scriptparsetree,scripts/cp/_acousticsensor.gsc
scriptparsetree,scripts/cp/_ambient.csc
scriptparsetree,scripts/cp/_ammo_cache.gsc
scriptparsetree,scripts/cp/_art.gsc
scriptparsetree,scripts/cp/_ballistic_knife.gsc
scriptparsetree,scripts/cp/_bb.gsc
scriptparsetree,scripts/cp/_bouncingbetty.csc
scriptparsetree,scripts/cp/_bouncingbetty.gsc
scriptparsetree,scripts/cp/_burnplayer.csc
scriptparsetree,scripts/cp/_burnplayer.gsc
scriptparsetree,scripts/cp/_cache.gsc
scriptparsetree,scripts/cp/_callbacks.csc
scriptparsetree,scripts/cp/_callbacks.gsc
scriptparsetree,scripts/cp/_challenges.gsc
scriptparsetree,scripts/cp/_cheat.gsc
scriptparsetree,scripts/cp/_claymore.csc
scriptparsetree,scripts/cp/_collectibles.gsc
scriptparsetree,scripts/cp/_counteruav.csc
scriptparsetree,scripts/cp/_debug.gsc
scriptparsetree,scripts/cp/_debug_menu.gsc
scriptparsetree,scripts/cp/_decorations.gsc
scriptparsetree,scripts/cp/_decoy.csc
scriptparsetree,scripts/cp/_decoy.gsc
scriptparsetree,scripts/cp/_destructible.csc
scriptparsetree,scripts/cp/_destructible.gsc
scriptparsetree,scripts/cp/_devgui.gsc
scriptparsetree,scripts/cp/_dialog.gsc
scriptparsetree,scripts/cp/_entityheadicons.gsc
scriptparsetree,scripts/cp/_explosive_bolt.csc
scriptparsetree,scripts/cp/_explosive_bolt.gsc
scriptparsetree,scripts/cp/_flashgrenades.csc
scriptparsetree,scripts/cp/_flashgrenades.gsc
scriptparsetree,scripts/cp/_friendlyfire.gsc
scriptparsetree,scripts/cp/_gameadvertisement.gsc
scriptparsetree,scripts/cp/_gamerep.gsc
scriptparsetree,scripts/cp/_global_fx.csc
scriptparsetree,scripts/cp/_hacker_tool.csc
scriptparsetree,scripts/cp/_hacker_tool.gsc
scriptparsetree,scripts/cp/_hacking.gsc
scriptparsetree,scripts/cp/_hazard.gsc
scriptparsetree,scripts/cp/_heatseekingmissile.gsc
scriptparsetree,scripts/cp/_helicopter_sounds.csc
scriptparsetree,scripts/cp/_incendiary.gsc
scriptparsetree,scripts/cp/_item_drop.csc
scriptparsetree,scripts/cp/_item_drop.gsc
scriptparsetree,scripts/cp/_laststand.csc
scriptparsetree,scripts/cp/_laststand.gsc
scriptparsetree,scripts/cp/_load.csc
scriptparsetree,scripts/cp/_load.gsc
scriptparsetree,scripts/cp/_mgturret.gsc
scriptparsetree,scripts/cp/_mobile_armory.csc
scriptparsetree,scripts/cp/_mobile_armory.gsc
scriptparsetree,scripts/cp/_objectives.gsc
scriptparsetree,scripts/cp/_oed.csc
scriptparsetree,scripts/cp/_oed.gsc
scriptparsetree,scripts/cp/_pda_hack.gsc
scriptparsetree,scripts/cp/_pickups.gsc
scriptparsetree,scripts/cp/_proximity_grenade.csc
scriptparsetree,scripts/cp/_proximity_grenade.gsc
scriptparsetree,scripts/cp/_quadtank_util.gsc
scriptparsetree,scripts/cp/_radiant_live_update.csc
scriptparsetree,scripts/cp/_rat.gsc
scriptparsetree,scripts/cp/_rewindobjects.csc
scriptparsetree,scripts/cp/_riotshield.csc
scriptparsetree,scripts/cp/_riotshield.gsc
scriptparsetree,scripts/cp/_rotating_object.csc
scriptparsetree,scripts/cp/_satchel_charge.csc
scriptparsetree,scripts/cp/_satchel_charge.gsc
scriptparsetree,scripts/cp/_scoreevents.gsc
scriptparsetree,scripts/cp/_scrambler.csc
scriptparsetree,scripts/cp/_scrambler.gsc
scriptparsetree,scripts/cp/_sensor_grenade.gsc
scriptparsetree,scripts/cp/_skipto.csc
scriptparsetree,scripts/cp/_skipto.gsc
scriptparsetree,scripts/cp/_smokegrenade.gsc
scriptparsetree,scripts/cp/_spawn_manager.gsc
scriptparsetree,scripts/cp/_spawn_manager_debug.gsc
scriptparsetree,scripts/cp/_tabun.gsc
scriptparsetree,scripts/cp/_tacticalinsertion.csc
scriptparsetree,scripts/cp/_tacticalinsertion.gsc
scriptparsetree,scripts/cp/_teamset.csc
scriptparsetree,scripts/cp/_teargrenades.gsc
scriptparsetree,scripts/cp/_trophy_system.csc
scriptparsetree,scripts/cp/_trophy_system.gsc
scriptparsetree,scripts/cp/_util.csc
scriptparsetree,scripts/cp/_util.gsc
scriptparsetree,scripts/cp/bonuszm/_bonuszm.csc
scriptparsetree,scripts/cp/bonuszm/_bonuszm.gsc
scriptparsetree,scripts/cp/bonuszm/_bonuszm_aquifer.gsc
scriptparsetree,scripts/cp/bonuszm/_bonuszm_biodomes1.gsc
scriptparsetree,scripts/cp/bonuszm/_bonuszm_blackstation.gsc
scriptparsetree,scripts/cp/bonuszm/_bonuszm_data.gsc
scriptparsetree,scripts/cp/bonuszm/_bonuszm_dev.gsc
scriptparsetree,scripts/cp/bonuszm/_bonuszm_drops.gsc
scriptparsetree,scripts/cp/bonuszm/_bonuszm_infection.gsc
scriptparsetree,scripts/cp/bonuszm/_bonuszm_lotus.gsc
scriptparsetree,scripts/cp/bonuszm/_bonuszm_magicbox.gsc
scriptparsetree,scripts/cp/bonuszm/_bonuszm_newworld.gsc
scriptparsetree,scripts/cp/bonuszm/_bonuszm_prologue.gsc
scriptparsetree,scripts/cp/bonuszm/_bonuszm_ramses.gsc
scriptparsetree,scripts/cp/bonuszm/_bonuszm_sgen.gsc
scriptparsetree,scripts/cp/bonuszm/_bonuszm_sound.gsc
scriptparsetree,scripts/cp/bonuszm/_bonuszm_spawner_shared.gsc
scriptparsetree,scripts/cp/bonuszm/_bonuszm_util.gsc
scriptparsetree,scripts/cp/bonuszm/_bonuszm_vengeance.gsc
scriptparsetree,scripts/cp/bonuszm/_bonuszm_weapons.gsc
scriptparsetree,scripts/cp/bonuszm/_bonuszm_zmsng.gsc
scriptparsetree,scripts/cp/bonuszm/_bonuszm_zombie.gsc
scriptparsetree,scripts/cp/bonuszm/_bonuszm_zurich.gsc
scriptparsetree,scripts/cp/bots/_bot.gsc
scriptparsetree,scripts/cp/cybercom/_cybercom.csc
scriptparsetree,scripts/cp/cybercom/_cybercom.gsc
scriptparsetree,scripts/cp/cybercom/_cybercom.gsh
scriptparsetree,scripts/cp/cybercom/_cybercom_dev.gsc
scriptparsetree,scripts/cp/cybercom/_cybercom_gadget.gsc
scriptparsetree,scripts/cp/cybercom/_cybercom_gadget_active_camo.gsc
scriptparsetree,scripts/cp/cybercom/_cybercom_gadget_cacophany.gsc
scriptparsetree,scripts/cp/cybercom/_cybercom_gadget_concussive_wave.gsc
scriptparsetree,scripts/cp/cybercom/_cybercom_gadget_electrostatic_strike.gsc
scriptparsetree,scripts/cp/cybercom/_cybercom_gadget_exosuitbreakdown.gsc
scriptparsetree,scripts/cp/cybercom/_cybercom_gadget_firefly.csc
scriptparsetree,scripts/cp/cybercom/_cybercom_gadget_firefly.gsc
scriptparsetree,scripts/cp/cybercom/_cybercom_gadget_firefly.gsh
scriptparsetree,scripts/cp/cybercom/_cybercom_gadget_forced_malfunction.gsc
scriptparsetree,scripts/cp/cybercom/_cybercom_gadget_iff_override.gsc
scriptparsetree,scripts/cp/cybercom/_cybercom_gadget_immolation.gsc
scriptparsetree,scripts/cp/cybercom/_cybercom_gadget_misdirection.csc
scriptparsetree,scripts/cp/cybercom/_cybercom_gadget_misdirection.gsc
scriptparsetree,scripts/cp/cybercom/_cybercom_gadget_mrpukey.gsc
scriptparsetree,scripts/cp/cybercom/_cybercom_gadget_overdrive.gsc
scriptparsetree,scripts/cp/cybercom/_cybercom_gadget_rapid_strike.gsc
scriptparsetree,scripts/cp/cybercom/_cybercom_gadget_ravage_core.gsc
scriptparsetree,scripts/cp/cybercom/_cybercom_gadget_security_breach.csc
scriptparsetree,scripts/cp/cybercom/_cybercom_gadget_security_breach.gsc
scriptparsetree,scripts/cp/cybercom/_cybercom_gadget_security_breach.gsh
scriptparsetree,scripts/cp/cybercom/_cybercom_gadget_sensory_overload.gsc
scriptparsetree,scripts/cp/cybercom/_cybercom_gadget_servo_shortout.gsc
scriptparsetree,scripts/cp/cybercom/_cybercom_gadget_smokescreen.gsc
scriptparsetree,scripts/cp/cybercom/_cybercom_gadget_surge.gsc
scriptparsetree,scripts/cp/cybercom/_cybercom_gadget_system_overload.gsc
scriptparsetree,scripts/cp/cybercom/_cybercom_gadget_unstoppable_force.gsc
scriptparsetree,scripts/cp/cybercom/_cybercom_tactical_rig.gsc
scriptparsetree,scripts/cp/cybercom/_cybercom_tactical_rig_copycat.gsc
scriptparsetree,scripts/cp/cybercom/_cybercom_tactical_rig_emergencyreserve.gsc
scriptparsetree,scripts/cp/cybercom/_cybercom_tactical_rig_multicore.gsc
scriptparsetree,scripts/cp/cybercom/_cybercom_tactical_rig_playermovement.gsc
scriptparsetree,scripts/cp/cybercom/_cybercom_tactical_rig_proximitydeterrent.gsc
scriptparsetree,scripts/cp/cybercom/_cybercom_tactical_rig_repulsorarmor.gsc
scriptparsetree,scripts/cp/cybercom/_cybercom_tactical_rig_sensorybuffer.gsc
scriptparsetree,scripts/cp/cybercom/_cybercom_util.gsc
scriptparsetree,scripts/cp/gametypes/_battlechatter.gsc
scriptparsetree,scripts/cp/gametypes/_damagefeedback.gsc
scriptparsetree,scripts/cp/gametypes/_deathicons.gsc
scriptparsetree,scripts/cp/gametypes/_dev.gsc
scriptparsetree,scripts/cp/gametypes/_dev_class.gsc
scriptparsetree,scripts/cp/gametypes/_friendicons.gsc
scriptparsetree,scripts/cp/gametypes/_globallogic.gsc
scriptparsetree,scripts/cp/gametypes/_globallogic_actor.gsc
scriptparsetree,scripts/cp/gametypes/_globallogic_defaults.gsc
scriptparsetree,scripts/cp/gametypes/_globallogic_player.gsc
scriptparsetree,scripts/cp/gametypes/_globallogic_score.gsc
scriptparsetree,scripts/cp/gametypes/_globallogic_spawn.gsc
scriptparsetree,scripts/cp/gametypes/_globallogic_ui.gsc
scriptparsetree,scripts/cp/gametypes/_globallogic_utils.gsc
scriptparsetree,scripts/cp/gametypes/_globallogic_vehicle.gsc
scriptparsetree,scripts/cp/gametypes/_healthoverlay.gsc
scriptparsetree,scripts/cp/gametypes/_hostmigration.gsc
scriptparsetree,scripts/cp/gametypes/_killcam.gsc
scriptparsetree,scripts/cp/gametypes/_loadout.gsc
scriptparsetree,scripts/cp/gametypes/_menus.gsc
scriptparsetree,scripts/cp/gametypes/_perplayer.gsc
scriptparsetree,scripts/cp/gametypes/_player_cam.csc
scriptparsetree,scripts/cp/gametypes/_player_cam.gsc
scriptparsetree,scripts/cp/gametypes/_save.gsc
scriptparsetree,scripts/cp/gametypes/_scoreboard.gsc
scriptparsetree,scripts/cp/gametypes/_serversettings.gsc
scriptparsetree,scripts/cp/gametypes/_shellshock.gsc
scriptparsetree,scripts/cp/gametypes/_spawning.gsc
scriptparsetree,scripts/cp/gametypes/_spawnlogic.gsc
scriptparsetree,scripts/cp/gametypes/_spectating.gsc
scriptparsetree,scripts/cp/gametypes/_wager.gsc
scriptparsetree,scripts/cp/gametypes/_weapon_utils.gsc
scriptparsetree,scripts/cp/gametypes/_weaponobjects.csc
scriptparsetree,scripts/cp/gametypes/_weaponobjects.gsc
scriptparsetree,scripts/cp/gametypes/_weapons.gsc
scriptparsetree,scripts/cp/gametypes/coop.csc
scriptparsetree,scripts/cp/gametypes/coop.gsc
scriptparsetree,scripts/cp/gametypes/cpzm.csc
scriptparsetree,scripts/cp/gametypes/cpzm.gsc
scriptparsetree,scripts/cp/gametypes/doa.csc
scriptparsetree,scripts/cp/gametypes/doa.gsc
scriptparsetree,scripts/cp/teams/_teams.gsc
scriptparsetree,scripts/cp/teams/_teamset.gsc
scriptparsetree,scripts/cp/voice/voice_z_aquifer.gsc
scriptparsetree,scripts/cp/voice/voice_z_blackstation.gsc
scriptparsetree,scripts/cp/voice/voice_z_hypocenter.gsc
scriptparsetree,scripts/cp/voice/voice_z_infection.gsc
scriptparsetree,scripts/cp/voice/voice_z_lotus.gsc
scriptparsetree,scripts/cp/voice/voice_z_newworld.gsc
scriptparsetree,scripts/cp/voice/voice_z_prologue.gsc
scriptparsetree,scripts/cp/voice/voice_z_provocation.gsc
scriptparsetree,scripts/cp/voice/voice_z_ramses.gsc
scriptparsetree,scripts/cp/voice/voice_z_vengeance.gsc
scriptparsetree,scripts/cp/voice/voice_z_zurich.gsc
keyvaluepairs,cp_patch
