xanim,ai_face_zombie_generic_attack_1
xanim,ai_face_zombie_generic_death_1
xanim,ai_face_zombie_generic_idle_1
xanim,ai_face_zombie_generic_pain_1
xanim,ai_zombie_traverse_ground_climbout_fast
xanim,legrig_bow_stand_run_45_bl
xanim,legrig_bow_stand_run_45_fl
xanim,legrig_bow_stand_run_45_fr
xanim,legrig_bow_stand_run_45_lb
xanim,legrig_bow_stand_run_45_lf
xanim,legrig_bow_stand_run_45_rb
xanim,legrig_bow_stand_run_b
xanim,legrig_bow_stand_run_f
xanim,legrig_bow_stand_run_l
xanim,legrig_bow_stand_run_r
xanim,legrig_bow_stand_sprint
xanim,legrig_bow_stand_sprint_lean_l
xanim,legrig_bow_stand_sprint_lean_r
xanim,legrig_bow_stand_walk_45_bl
xanim,legrig_bow_stand_walk_45_fr
xanim,legrig_bow_stand_walk_45_lb
xanim,legrig_bow_stand_walk_45_lf
xanim,legrig_bow_stand_walk_f
xanim,legrig_bow_stand_walk_l
xanim,legrig_sword_run_f
xanim,legrig_sword_run_fl
xanim,legrig_sword_run_l
xanim,legrig_sword_run_lf
xanim,legrig_sword_run_r
xanim,legrig_sword_run_rb
xanim,legrig_sword_sprint
xanim,legrig_sword_sprint_lean_l
xanim,legrig_sword_sprint_lean_r
xanim,legrig_sword_walk_lf
xanim,legrig_sword_walk_rb
xanim,mp_mantle_over_high
xanim,mp_mantle_over_high_fast
xanim,mp_mantle_over_low
xanim,mp_mantle_over_low_fast
xanim,mp_mantle_over_mid
xanim,mp_mantle_over_mid_fast
xanim,mp_mantle_up_21
xanim,mp_mantle_up_21_fast
xanim,mp_mantle_up_27
xanim,mp_mantle_up_27_fast
xanim,mp_mantle_up_33
xanim,mp_mantle_up_33_fast
xanim,mp_mantle_up_39
xanim,mp_mantle_up_39_fast
xanim,mp_mantle_up_45
xanim,mp_mantle_up_45_fast
xanim,mp_mantle_up_51
xanim,mp_mantle_up_51_fast
xanim,mp_mantle_up_57
xanim,mp_mantle_up_57_fast
xanim,p_revive_down_melee_swipe
xanim,pb_1inchpunch_stand_melee_charge
xanim,pb_bow_crouch2prone
xanim,pb_bow_crouch_idle
xanim,pb_bow_crouch_run_45_bl
xanim,pb_bow_crouch_run_45_br
xanim,pb_bow_crouch_run_45_fl
xanim,pb_bow_crouch_run_45_fr
xanim,pb_bow_crouch_run_45_lb
xanim,pb_bow_crouch_run_45_lf
xanim,pb_bow_crouch_run_45_rb
xanim,pb_bow_crouch_run_b
xanim,pb_bow_crouch_run_f
xanim,pb_bow_crouch_run_l
xanim,pb_bow_crouch_run_r
xanim,pb_bow_crouch_turn_l90
xanim,pb_bow_crouch_turn_r90
xanim,pb_bow_crouch_walk_45_bl
xanim,pb_bow_crouch_walk_45_br
xanim,pb_bow_crouch_walk_45_fl
xanim,pb_bow_crouch_walk_45_fr
xanim,pb_bow_crouch_walk_45_lb
xanim,pb_bow_crouch_walk_45_lf
xanim,pb_bow_crouch_walk_45_rb
xanim,pb_bow_crouch_walk_b
xanim,pb_bow_crouch_walk_f
xanim,pb_bow_crouch_walk_l
xanim,pb_bow_crouch_walk_r
xanim,pb_bow_doublejump_fall_loop
xanim,pb_bow_doublejump_loop
xanim,pb_bow_doublejump_loop_b
xanim,pb_bow_doublejump_loop_f
xanim,pb_bow_doublejump_loop_l
xanim,pb_bow_doublejump_loop_r
xanim,pb_bow_mantle_over_high_75
xanim,pb_bow_mantle_over_low_b_36
xanim,pb_bow_mantle_over_low_f_36
xanim,pb_bow_mantle_over_low_l_36
xanim,pb_bow_mantle_over_low_r_36
xanim,pb_bow_mantle_vault_over_36
xanim,pb_bow_mantle_wall_jump_on_b_32
xanim,pb_bow_mantle_wall_jump_on_f_32
xanim,pb_bow_mantle_wall_jump_on_l_32
xanim,pb_bow_mantle_wall_jump_on_r_32
xanim,pb_bow_mantle_wall_left_50
xanim,pb_bow_mantle_wall_on_b_18
xanim,pb_bow_mantle_wall_on_f_18
xanim,pb_bow_mantle_wall_on_f_60
xanim,pb_bow_mantle_wall_on_l_18
xanim,pb_bow_mantle_wall_on_r_18
xanim,pb_bow_mantle_wall_right_50
xanim,pb_bow_prone2crouch
xanim,pb_bow_prone2crouchrun
xanim,pb_bow_prone2sprint
xanim,pb_bow_prone2stand
xanim,pb_bow_prone_crawl_b
xanim,pb_bow_prone_crawl_f
xanim,pb_bow_prone_crawl_l
xanim,pb_bow_prone_crawl_r
xanim,pb_bow_prone_idle
xanim,pb_bow_prone_turn_l90
xanim,pb_bow_prone_turn_r90
xanim,pb_bow_run_slide
xanim,pb_bow_run_slide2sprint
xanim,pb_bow_run_slide_b
xanim,pb_bow_run_slide_l
xanim,pb_bow_run_slide_land
xanim,pb_bow_run_slide_r
xanim,pb_bow_runjump_land
xanim,pb_bow_runjump_takeoff
xanim,pb_bow_stand_idle
xanim,pb_bow_stand_run_45_bl
xanim,pb_bow_stand_run_45_br
xanim,pb_bow_stand_run_45_fl
xanim,pb_bow_stand_run_45_fr
xanim,pb_bow_stand_run_45_lb
xanim,pb_bow_stand_run_45_lf
xanim,pb_bow_stand_run_45_rb
xanim,pb_bow_stand_run_b
xanim,pb_bow_stand_run_f
xanim,pb_bow_stand_run_l
xanim,pb_bow_stand_run_r
xanim,pb_bow_stand_sprint
xanim,pb_bow_stand_sprint_lean_l
xanim,pb_bow_stand_sprint_lean_r
xanim,pb_bow_stand_turn_l90
xanim,pb_bow_stand_turn_r90
xanim,pb_bow_stand_walk_45_bl
xanim,pb_bow_stand_walk_45_br
xanim,pb_bow_stand_walk_45_fl
xanim,pb_bow_stand_walk_45_fr
xanim,pb_bow_stand_walk_45_lb
xanim,pb_bow_stand_walk_45_lf
xanim,pb_bow_stand_walk_45_rb
xanim,pb_bow_stand_walk_b
xanim,pb_bow_stand_walk_f
xanim,pb_bow_stand_walk_l
xanim,pb_bow_stand_walk_r
xanim,pb_bow_standjump_fall_loop
xanim,pb_bow_standjump_land
xanim,pb_bow_standjump_takeoff
xanim,pb_bow_stumble_b
xanim,pb_bow_stumble_f
xanim,pb_bow_stumble_l
xanim,pb_bow_stumble_r
xanim,pb_bow_stumble_walk_b
xanim,pb_bow_stumble_walk_f
xanim,pb_bow_stumble_walk_l
xanim,pb_bow_stumble_walk_r
xanim,pb_bow_swim_idle
xanim,pb_bow_swim_idle_over
xanim,pb_bow_swim_move_45_bl
xanim,pb_bow_swim_move_45_br
xanim,pb_bow_swim_move_45_fl
xanim,pb_bow_swim_move_45_fr
xanim,pb_bow_swim_move_b
xanim,pb_bow_swim_move_f
xanim,pb_bow_swim_move_l
xanim,pb_bow_swim_move_over_45_bl
xanim,pb_bow_swim_move_over_45_br
xanim,pb_bow_swim_move_over_45_fl
xanim,pb_bow_swim_move_over_45_fr
xanim,pb_bow_swim_move_over_b
xanim,pb_bow_swim_move_over_f
xanim,pb_bow_swim_move_over_l
xanim,pb_bow_swim_move_over_r
xanim,pb_bow_swim_move_r
xanim,pb_bow_swim_sprint
xanim,pb_bow_swim_sprint_over
xanim,pb_bow_swim_turn_90_l
xanim,pb_bow_swim_turn_90_r
xanim,pb_bow_swim_turn_over_90_l
xanim,pb_bow_swim_turn_over_90_r
xanim,pb_bow_wall_run_l_2_jump_r90
xanim,pb_bow_wall_run_l_loop
xanim,pb_bow_wall_run_r_2_jump_l90
xanim,pb_bow_wall_run_r_loop
xanim,pb_grenade_dive_prone
xanim,pb_grenade_dive_prone_land
xanim,pb_knife_laststand_idle
xanim,pb_laststand_2crouch
xanim,pb_laststand_2crouch_run
xanim,pb_laststand_2prone
xanim,pb_laststand_2stand
xanim,pb_laststand_crouch2laststand
xanim,pb_laststand_idle
xanim,pb_laststand_prone2laststand
xanim,pb_laststand_stand2laststand
xanim,pb_rifle_endgame_1stplace_idle
xanim,pb_rifle_endgame_2ndplace_idle
xanim,pb_rifle_endgame_3rdplace_idle
xanim,pb_spikes_crouch_idle
xanim,pb_spikes_crouch_plant
xanim,pb_spikes_crouch_run_45_bl
xanim,pb_spikes_crouch_run_45_br
xanim,pb_spikes_crouch_run_45_fl
xanim,pb_spikes_crouch_run_45_fr
xanim,pb_spikes_crouch_run_45_lb
xanim,pb_spikes_crouch_run_45_lf
xanim,pb_spikes_crouch_run_45_rb
xanim,pb_spikes_crouch_run_45_rf
xanim,pb_spikes_crouch_run_b
xanim,pb_spikes_crouch_run_f
xanim,pb_spikes_crouch_run_l
xanim,pb_spikes_crouch_run_r
xanim,pb_spikes_crouch_turn_l90
xanim,pb_spikes_crouch_turn_r90
xanim,pb_spikes_prone_idle
xanim,pb_spikes_run_slide
xanim,pb_spikes_run_slide2sprint
xanim,pb_spikes_run_slide_b
xanim,pb_spikes_run_slide_b_land
xanim,pb_spikes_run_slide_l
xanim,pb_spikes_run_slide_l_land
xanim,pb_spikes_run_slide_land
xanim,pb_spikes_run_slide_r
xanim,pb_spikes_run_slide_r_land
xanim,pb_spikes_runjump_fall_loop
xanim,pb_spikes_runjump_land
xanim,pb_spikes_runjump_takeoff
xanim,pb_spikes_slam_enter
xanim,pb_spikes_slam_exit
xanim,pb_spikes_stand_idle
xanim,pb_spikes_stand_plant
xanim,pb_spikes_stand_run_45_bl
xanim,pb_spikes_stand_run_45_br
xanim,pb_spikes_stand_run_45_fl
xanim,pb_spikes_stand_run_45_fr
xanim,pb_spikes_stand_run_45_lb
xanim,pb_spikes_stand_run_45_lf
xanim,pb_spikes_stand_run_45_rb
xanim,pb_spikes_stand_run_45_rf
xanim,pb_spikes_stand_run_b
xanim,pb_spikes_stand_run_f
xanim,pb_spikes_stand_run_l
xanim,pb_spikes_stand_run_r
xanim,pb_spikes_stand_sprint
xanim,pb_spikes_stand_sprint_lean_l
xanim,pb_spikes_stand_sprint_lean_r
xanim,pb_spikes_stand_turn_l90
xanim,pb_spikes_stand_turn_r90
xanim,pb_spikes_stand_walk_45_bl
xanim,pb_spikes_stand_walk_45_br
xanim,pb_spikes_stand_walk_45_fl
xanim,pb_spikes_stand_walk_45_fr
xanim,pb_spikes_stand_walk_45_lb
xanim,pb_spikes_stand_walk_45_lf
xanim,pb_spikes_stand_walk_45_rb
xanim,pb_spikes_stand_walk_45_rf
xanim,pb_spikes_stand_walk_b
xanim,pb_spikes_stand_walk_f
xanim,pb_spikes_stand_walk_l
xanim,pb_spikes_stand_walk_r
xanim,pb_spikes_standjump_fall_loop
xanim,pb_spikes_standjump_land
xanim,pb_spikes_standjump_takeoff
xanim,pb_spikes_wall_run_l_2_jump_r90
xanim,pb_spikes_wall_run_l_loop
xanim,pb_spikes_wall_run_r_2_jump_l90
xanim,pb_spikes_wall_run_r_loop
xanim,pb_staff_crouch2prone
xanim,pb_staff_crouch_idle
xanim,pb_staff_crouch_run_b
xanim,pb_staff_crouch_run_f
xanim,pb_staff_crouch_run_l
xanim,pb_staff_crouch_run_r
xanim,pb_staff_crouch_turn_l90
xanim,pb_staff_crouch_turn_r90
xanim,pb_staff_crouch_walk_b
xanim,pb_staff_crouch_walk_f
xanim,pb_staff_crouch_walk_l
xanim,pb_staff_crouch_walk_r
xanim,pb_staff_prone2crouch
xanim,pb_staff_prone2crouchrun
xanim,pb_staff_prone2run
xanim,pb_staff_prone2sprint
xanim,pb_staff_prone2stand
xanim,pb_staff_prone_crawl_b
xanim,pb_staff_prone_crawl_f
xanim,pb_staff_prone_crawl_l
xanim,pb_staff_prone_crawl_r
xanim,pb_staff_prone_idle
xanim,pb_staff_prone_turn_l
xanim,pb_staff_prone_turn_r
xanim,pb_staff_runjump_land
xanim,pb_staff_runjump_takeoff
xanim,pb_staff_stand_idle
xanim,pb_staff_stand_run_b
xanim,pb_staff_stand_run_f
xanim,pb_staff_stand_run_l
xanim,pb_staff_stand_run_r
xanim,pb_staff_stand_sprint
xanim,pb_staff_stand_turn_l
xanim,pb_staff_stand_turn_r
xanim,pb_staff_stand_walk_b
xanim,pb_staff_stand_walk_f
xanim,pb_staff_stand_walk_l
xanim,pb_staff_stand_walk_r
xanim,pb_staff_standjump_land
xanim,pb_staff_standjump_takeoff
xanim,pb_staff_stumble_back
xanim,pb_staff_stumble_forward
xanim,pb_staff_stumble_left
xanim,pb_staff_stumble_right
xanim,pb_staff_stumble_walk_back
xanim,pb_staff_stumble_walk_forward
xanim,pb_staff_stumble_walk_left
xanim,pb_staff_stumble_walk_right
xanim,pb_sword_crouch2prone
xanim,pb_sword_crouch_2arm_swing
xanim,pb_sword_crouch_excalibur
xanim,pb_sword_crouch_idle
xanim,pb_sword_crouch_run_b
xanim,pb_sword_crouch_run_bl
xanim,pb_sword_crouch_run_br
xanim,pb_sword_crouch_run_f
xanim,pb_sword_crouch_run_fl
xanim,pb_sword_crouch_run_fr
xanim,pb_sword_crouch_run_l
xanim,pb_sword_crouch_run_lb
xanim,pb_sword_crouch_run_lf
xanim,pb_sword_crouch_run_r
xanim,pb_sword_crouch_run_rb
xanim,pb_sword_crouch_shellshock
xanim,pb_sword_crouch_turn_l90
xanim,pb_sword_crouch_turn_r90
xanim,pb_sword_prone2crouch
xanim,pb_sword_prone2crouch_run
xanim,pb_sword_prone2sprint
xanim,pb_sword_prone2stand
xanim,pb_sword_prone_2arm_swing
xanim,pb_sword_prone_crawl_b
xanim,pb_sword_prone_crawl_f
xanim,pb_sword_prone_crawl_l
xanim,pb_sword_prone_crawl_r
xanim,pb_sword_prone_excalibur
xanim,pb_sword_prone_idle
xanim,pb_sword_prone_shellshock
xanim,pb_sword_prone_slam_in
xanim,pb_sword_prone_turn_l90
xanim,pb_sword_prone_turn_r90
xanim,pb_sword_run_b
xanim,pb_sword_run_bl
xanim,pb_sword_run_br
xanim,pb_sword_run_f
xanim,pb_sword_run_fl
xanim,pb_sword_run_fr
xanim,pb_sword_run_l
xanim,pb_sword_run_lb
xanim,pb_sword_run_lf
xanim,pb_sword_run_r
xanim,pb_sword_run_rb
xanim,pb_sword_run_slide
xanim,pb_sword_run_slide2sprint
xanim,pb_sword_run_slide_land
xanim,pb_sword_sprint
xanim,pb_sword_sprint_lean_l
xanim,pb_sword_sprint_lean_r
xanim,pb_sword_stand_2arm_swing
xanim,pb_sword_stand_excalibur
xanim,pb_sword_stand_idle
xanim,pb_sword_stand_shellshock
xanim,pb_sword_stand_slam_in
xanim,pb_sword_stand_stumble_walk_b
xanim,pb_sword_stand_stumble_walk_f
xanim,pb_sword_stand_stumble_walk_l
xanim,pb_sword_stand_stumble_walk_r
xanim,pb_sword_stand_turn_l90
xanim,pb_sword_stand_turn_r90
xanim,pb_sword_standjump_fall_loop
xanim,pb_sword_walk_b
xanim,pb_sword_walk_bl
xanim,pb_sword_walk_br
xanim,pb_sword_walk_f
xanim,pb_sword_walk_fl
xanim,pb_sword_walk_fr
xanim,pb_sword_walk_l
xanim,pb_sword_walk_lb
xanim,pb_sword_walk_lf
xanim,pb_sword_walk_r
xanim,pb_sword_walk_rb
xanim,pb_zod_beast_anchor_ascend
xanim,pb_zod_beast_grapple_ascend_end
xanim,pb_zod_beast_grapple_ascend_loop
xanim,pb_zom_beast_idle
xanim,pb_zom_beast_move_b
xanim,pb_zom_beast_move_f
xanim,pb_zom_beast_move_l
xanim,pb_zom_beast_move_r
xanim,pt_1inchpunch_prone_melee
xanim,pt_1inchpunch_stand_melee
xanim,pt_bow_crouch_concussed_loop
xanim,pt_bow_crouch_fire_enter
xanim,pt_bow_crouch_fire_exit
xanim,pt_bow_crouch_fire_loop
xanim,pt_bow_crouch_flashed_loop
xanim,pt_bow_crouch_flinch_b
xanim,pt_bow_crouch_flinch_f
xanim,pt_bow_crouch_flinch_l
xanim,pt_bow_crouch_flinch_r
xanim,pt_bow_crouch_melee
xanim,pt_bow_crouch_putaway
xanim,pt_bow_crouch_raise
xanim,pt_bow_crouch_shellshock
xanim,pt_bow_crouch_shocked_loop
xanim,pt_bow_prone_concussed_loop
xanim,pt_bow_prone_fire_enter
xanim,pt_bow_prone_fire_exit
xanim,pt_bow_prone_fire_loop
xanim,pt_bow_prone_flashed_loop
xanim,pt_bow_prone_flinch_b
xanim,pt_bow_prone_flinch_f
xanim,pt_bow_prone_flinch_l
xanim,pt_bow_prone_flinch_r
xanim,pt_bow_prone_melee
xanim,pt_bow_prone_putaway
xanim,pt_bow_prone_raise
xanim,pt_bow_prone_shellshock
xanim,pt_bow_prone_shocked_loop
xanim,pt_bow_sprint_putaway
xanim,pt_bow_sprint_raise
xanim,pt_bow_stand_concussed_loop
xanim,pt_bow_stand_fire_enter
xanim,pt_bow_stand_fire_exit
xanim,pt_bow_stand_fire_loop
xanim,pt_bow_stand_firstraise
xanim,pt_bow_stand_flashed_loop
xanim,pt_bow_stand_flinch_b
xanim,pt_bow_stand_flinch_f
xanim,pt_bow_stand_flinch_l
xanim,pt_bow_stand_flinch_r
xanim,pt_bow_stand_melee
xanim,pt_bow_stand_putaway
xanim,pt_bow_stand_raise
xanim,pt_bow_stand_shellshock
xanim,pt_bow_stand_shocked_loop
xanim,pt_bow_swim_fire_enter
xanim,pt_bow_swim_fire_exit
xanim,pt_bow_swim_fire_loop
xanim,pt_bow_swim_fire_over_enter
xanim,pt_bow_swim_fire_over_exit
xanim,pt_bow_swim_fire_over_loop
xanim,pt_bow_swim_flinch
xanim,pt_bow_swim_flinch_over
xanim,pt_bow_swim_gunbutt
xanim,pt_bow_swim_gunbutt_over
xanim,pt_bow_swim_putaway
xanim,pt_bow_swim_putaway_over
xanim,pt_bow_swim_raise
xanim,pt_bow_swim_raise_over
xanim,pt_bow_wall_run_fire_enter_l
xanim,pt_bow_wall_run_fire_enter_r
xanim,pt_bow_wall_run_fire_exit_l
xanim,pt_bow_wall_run_fire_exit_r
xanim,pt_bow_wall_run_fire_loop_l
xanim,pt_bow_wall_run_fire_loop_r
xanim,pt_bow_wall_run_melee_gunbutt_l
xanim,pt_bow_wall_run_melee_gunbutt_r
xanim,pt_bow_wall_run_putaway_l
xanim,pt_bow_wall_run_putaway_r
xanim,pt_bow_wall_run_raise_l
xanim,pt_bow_wall_run_raise_r
xanim,pt_gumball_crouch_eat
xanim,pt_gumball_prone_eat
xanim,pt_gumball_stand_eat
xanim,pt_knife_crouch_web_slash
xanim,pt_knife_prone_web_slash
xanim,pt_knife_stand_web_slash
xanim,pt_laststand_fire
xanim,pt_laststand_melee_swipe
xanim,pt_laststand_reload
xanim,pt_perkacola_crouch_drink
xanim,pt_perkacola_fem_stand_drink
xanim,pt_perkacola_prone_drink
xanim,pt_perkacola_stand_drink
xanim,pt_rifle_crouch_coughing_loop
xanim,pt_rifle_crouch_eat_fruit_fail
xanim,pt_rifle_crouch_eat_fruit_success
xanim,pt_rifle_crouch_revive_cp
xanim,pt_rifle_prone_coughing_loop
xanim,pt_rifle_prone_eat_fruit_fail
xanim,pt_rifle_prone_eat_fruit_success
xanim,pt_rifle_prone_revive_cp
xanim,pt_rifle_stand_coughing_loop
xanim,pt_rifle_stand_eat_fruit_fail
xanim,pt_rifle_stand_eat_fruit_success
xanim,pt_rifle_stand_revive_cp
xanim,pt_spikes_crouch_melee_stick
xanim,pt_spikes_crouch_melee_swipe
xanim,pt_spikes_crouch_putaway
xanim,pt_spikes_crouch_raise
xanim,pt_spikes_stand_firstraise
xanim,pt_spikes_stand_flinch_b
xanim,pt_spikes_stand_flinch_f
xanim,pt_spikes_stand_flinch_l
xanim,pt_spikes_stand_flinch_r
xanim,pt_spikes_stand_melee_swipe
xanim,pt_spikes_stand_putaway
xanim,pt_spikes_stand_raise
xanim,pt_spikes_wall_run_melee_swipe_l
xanim,pt_spikes_wall_run_melee_swipe_r
xanim,pt_spikes_wall_run_putaway_l
xanim,pt_spikes_wall_run_putaway_r
xanim,pt_spikes_wall_run_raise_l
xanim,pt_spikes_wall_run_raise_r
xanim,pt_staff_crouch_fire
xanim,pt_staff_crouch_flinch_back
xanim,pt_staff_crouch_flinch_forward
xanim,pt_staff_crouch_flinch_left
xanim,pt_staff_crouch_flinch_right
xanim,pt_staff_crouch_melee
xanim,pt_staff_crouch_melee_charge
xanim,pt_staff_crouch_putaway
xanim,pt_staff_crouch_raise
xanim,pt_staff_crouch_shellshock
xanim,pt_staff_prone_fire
xanim,pt_staff_prone_flinch_back
xanim,pt_staff_prone_flinch_forward
xanim,pt_staff_prone_flinch_left
xanim,pt_staff_prone_flinch_right
xanim,pt_staff_prone_melee
xanim,pt_staff_prone_putaway
xanim,pt_staff_prone_raise
xanim,pt_staff_prone_shellshock
xanim,pt_staff_stand_fire
xanim,pt_staff_stand_flinch_back
xanim,pt_staff_stand_flinch_forward
xanim,pt_staff_stand_flinch_left
xanim,pt_staff_stand_flinch_right
xanim,pt_staff_stand_melee
xanim,pt_staff_stand_melee_charge
xanim,pt_staff_stand_putaway
xanim,pt_staff_stand_raise
xanim,pt_staff_stand_shellshock
xanim,pt_supply_drop_wall_run_raise_l
xanim,pt_supply_drop_wall_run_raise_r
xanim,pt_sword_crouch_flinch_b
xanim,pt_sword_crouch_flinch_f
xanim,pt_sword_crouch_flinch_l
xanim,pt_sword_crouch_flinch_r
xanim,pt_sword_crouch_melee_stick
xanim,pt_sword_crouch_throw
xanim,pt_sword_prone_flinch_b
xanim,pt_sword_prone_flinch_f
xanim,pt_sword_prone_flinch_l
xanim,pt_sword_prone_flinch_r
xanim,pt_sword_prone_melee_stick
xanim,pt_sword_prone_throw
xanim,pt_sword_sprint_putaway
xanim,pt_sword_sprint_raise
xanim,pt_sword_stand_firstraise
xanim,pt_sword_stand_flinch_b
xanim,pt_sword_stand_flinch_f
xanim,pt_sword_stand_flinch_l
xanim,pt_sword_stand_flinch_r
xanim,pt_sword_stand_melee_stick
xanim,pt_sword_stand_throw
xanim,pt_tesla_crouch_reload
xanim,pt_tesla_prone_reload
xanim,pt_tesla_stand_reload
xanim,pt_zod_beast_left_shock_in
xanim,pt_zod_beast_left_shock_loop
xanim,pt_zod_beast_left_shock_out
xanim,pt_zod_beast_melee
xanim,pt_zod_beast_revive
xanim,pt_zom_beast_grapple_in
xanim,pt_zom_beast_grapple_reel_out
xanim,pt_zom_beast_grapple_yank
xanim,pt_zom_beast_grapple_yank_end
xanim,pt_zom_beast_grapple_yank_loop
xanim,veh_car_destroy
xanim,viewmodel_zombie_perksacola_idle
xanim,viewmodel_zombie_perksacola_lower
xanim,vm_barehands_knucklecrack
xanim,vm_zod_bubble_gum_ads_down
xanim,vm_zod_bubble_gum_ads_up
xanim,vm_zod_bubble_gum_eat
xanim,vm_zod_bubble_gum_idle
xanim,vm_zod_bubble_gum_pop
xmodel,char_ger_zombieeye
xmodel,collision_geo_128x128x10_standard
xmodel,collision_geo_128x128x128_standard
xmodel,collision_geo_256x256x10_standard
xmodel,collision_geo_256x256x256_standard
xmodel,collision_geo_32x32x10_standard
xmodel,collision_geo_32x32x128_standard
xmodel,collision_geo_32x32x32_standard
xmodel,collision_geo_512x512x10_standard
xmodel,collision_geo_512x512x512_standard
xmodel,collision_geo_64x64x10_standard
xmodel,collision_geo_64x64x128_standard
xmodel,collision_geo_64x64x256_standard
xmodel,collision_geo_64x64x64_standard
xmodel,collision_geo_cylinder_32x128_standard
xmodel,collision_geo_ramp_standard
xmodel,collision_geo_sphere_32_standard
xmodel,collision_geo_sphere_64_standard
xmodel,collision_wall_128x128x10_standard
xmodel,collision_wall_256x256x10_standard
xmodel,collision_wall_32x32x10_standard
xmodel,collision_wall_512x512x10_standard
xmodel,collision_wall_64x64x10_standard
xmodel,p6_anim_zm_barricade_board_collision
xmodel,p7_zm_bgb_bubble_purple
xmodel,viewmodel_usa_no_model
xmodel,wpn_t7_zmb_bubblegum_view
xmodel,wpn_t7_zmb_bubblegum_world
xmodel,wpn_t7_zmb_grenade_frag_projectile
xmodel,wpn_t7_zmb_grenade_frag_view
xmodel,wpn_t7_zmb_grenade_frag_world
xmodel,zm_collision_perks1
xmodel,zombie_z_money_icon
xmodelmesh,c_zom_zombieyes_legacy_lod01a48ae9a
xmodelmesh,c_zom_zombieyes_legacy_lod1805eb6c5
xmodelmesh,collision_geo_128x128x12873402996
xmodelmesh,collision_geo_256x256x2569d2825dc
xmodelmesh,collision_geo_32x32x32efb58ee3
xmodelmesh,collision_geo_512x512x512f3666172
xmodelmesh,collision_geo_64x64x64173d444b
xmodelmesh,p6_anim_zm_barricade_board_collisionf21eaf1b
xmodelmesh,p7_zm_bgb_bubble_lod0d37bdcd6
xmodelmesh,viewmodel_usa_no_model6310e689
xmodelmesh,wpn_t7_zmb_bubblegum_lod01dad7bd8
xmodelmesh,wpn_t7_zmb_bubblegum_lod0231bc135
xmodelmesh,wpn_t7_zmb_bubblegum_lod09134917
xmodelmesh,wpn_t7_zmb_bubblegum_lod0be961e10
xmodelmesh,wpn_t7_zmb_bubblegum_lod0d000dd9
xmodelmesh,wpn_t7_zmb_bubblegum_view184320d4
xmodelmesh,wpn_t7_zmb_bubblegum_view791b0804
xmodelmesh,wpn_t7_zmb_bubblegum_viewbcdd8d66
xmodelmesh,wpn_t7_zmb_bubblegum_viewda0fbfd7
xmodelmesh,wpn_t7_zmb_bubblegum_viewe5c2705d
xmodelmesh,zm_collision_perks148e993e
xmodelmesh,zombie_z_money_iconc9355d3d
material,cac_restricted
material,code_warning_collision
material,code_warning_serverfps
material,code_warning_snapshotents
material,compass_hk
material,compassping_squad_fire_mp
material,compassping_squad_mp
material,compassping_squadyelling_mp
material,corrupt_minimap
material,demo_pause
material,demo_play
material,demo_step
material,ec/gfx_dirt_pcloud_02_lit
material,ec/gfx_dust_mote_1_pcloud_em
material,ei/gfx_debris_clump_em
material,ei/gfx_debris_clumps_em_nomip
material,ei/gfx_debris_clumps_em_nomip|dup
material,ei/gfx_debris_spike_lg_lit
material,ei/gfx_debris_spike_lg_lit|dup
material,ei/gfx_debris_trash_multiple_em
material,ei/gfx_debris_trash_multiple_em|dup
material,ei/gfx_dust_clump_em
material,ei/gfx_dust_clump_em|dup
material,ei/gfx_dust_fall_lg_anim_lit
material,ei/gfx_dust_fall_lg_anim_lit|dup
material,ei/gfx_dust_heli_swirl_anim_lit
material,ei/gfx_dust_heli_swirl_anim_lit|dup
material,ei/gfx_dust_spike_lg_anim_lit
material,ei/gfx_dust_spike_lg_anim_lit|dup
material,ei/gfx_exp_alpha_anim_em_i64
material,ei/gfx_exp_alpha_anim_em_i64|dup
material,ei/gfx_fire_flame_base_2_anim_em_i1024
material,ei/gfx_fire_flame_base_2_anim_em_i1024|dup
material,ei/gfx_fxt_light_glow_square_em
material,ei/gfx_fxt_light_glow_square_em|dup
material,ei/gfx_gel_splat_spread_em
material,ei/gfx_gel_splat_spread_em|dup
material,ei/gfx_gel_splat_thick_em
material,ei/gfx_gel_splat_thick_em|dup
material,ei/gfx_light_orb_hot_em_i512
material,ei/gfx_light_orb_hot_em_i512|dup
material,ei/gfx_light_taillight_em
material,ei/gfx_light_taillight_em|dup
material,ei/gfx_lightning_beam_em
material,ei/gfx_lightning_beam_em|dup
material,ei/gfx_lightning_cloud_bolt_em
material,ei/gfx_lightning_cloud_bolt_em|dup
material,ei/gfx_smk_puff_volume_varied_lit_full_gray
material,ei/gfx_smk_puff_volume_varied_lit_full_gray|dup
material,ei/gfx_ui_zmb_bgb_revive_em
material,ei/gfx_ui_zmb_bgb_revive_em|dup
material,ei/gfx_ui_zmb_bgb_zmoney_em
material,ei/gfx_ui_zmb_bgb_zmoney_em|dup
material,ei/gfx_water_splash_em
material,ei/gfx_water_splash_em|dup
material,generic_filter_candy_blue
material,generic_filter_candy_green
material,generic_filter_candy_purple
material,generic_filter_candy_yellow
material,generic_filter_zm_turned
material,generic_filter_zm_warp
material,generic_filter_zombie_blood
material,gradient_center
material,gradient_fadein
material,graphline
material,headicontalkballoon
material,hit_direction_zm
material,hud_chalk_0
material,hud_chalk_1
material,hud_chalk_2
material,hud_chalk_3
material,hud_chalk_4
material,hud_chalk_5
material,hud_dpad_blood
material,hud_grenadeicon
material,hud_grenadethrowback
material,hud_lui_arrow_global
material,hud_lui_dpad_circle
material,hud_objective_circle_meter
material,hud_offscreenobjectivepointer
material,hud_spectating_change_tab_zm
material,hud_spectating_viewing_box_dead_zm
material,line_vertical
material,masked_minimap
material,mc/hud_keyline_gold
material,mc/hud_keyline_green
material,mc/hud_keyline_orange
material,mc/hud_keyline_red
material,mc/hud_keyline_white
material,mc/hud_keyline_zm_player
material,mc/hud_keyline_zm_player_ls
material,mc/mtl_char_ger_zombie_eyes
material,mc/mtl_p6_wood_plank_rustic01
material,mc/mtl_p6_wood_plank_rustic01_2x8x108
material,mc/mtl_p7_zm_bgb_bubble_purple
material,mc/mtl_t6_attach_optic_combo_reticle_down_zm
material,mc/mtl_t6_attach_optic_combo_reticle_up_zm
material,mc/mtl_t6_attach_optic_holo_reticle
material,mc/mtl_t6_attach_optic_holo_reticle_10
material,mc/mtl_t6_attach_optic_holo_reticle_zm_03
material,mc/mtl_t6_attach_optic_holo_reticle_zm_05
material,mc/mtl_t6_attach_optic_holo_reticle_zm_06
material,mc/mtl_t6_attach_optic_holo_reticle_zm_07
material,mc/mtl_t6_attach_optic_holo_reticle_zm_10
material,mc/mtl_t6_attach_optic_holo_reticle_zm_11
material,mc/mtl_t6_attach_optic_holo_reticle_zm_12
material,mc/mtl_t6_attach_optic_holo_reticle_zm_13
material,mc/mtl_t6_attach_optic_holo_reticle_zm_14
material,mc/mtl_t6_attach_optic_holo_reticle_zm_16
material,mc/mtl_t6_attach_optic_holo_reticle_zm_17
material,mc/mtl_t6_attach_optic_holo_reticle_zm_18
material,mc/mtl_t6_attach_optic_holo_reticle_zm_19
material,mc/mtl_t6_attach_optic_holo_reticle_zm_20
material,mc/mtl_t6_attach_optic_holo_reticle_zm_21
material,mc/mtl_t7_zmb_bubblegum
material,mc/mtl_t7_zmb_bubblegum_label
material,mc/mtl_wpn_t7_zmb_grenade_glo
material,mc/mtl_x2icon_gold
material,mc/mtl_zmb_t7_camo_bgb_aftertaste
material,mc/mtl_zmb_t7_camo_bgb_aftertaste_i
material,mc/mtl_zmb_t7_camo_bgb_alchemical_antithesis
material,mc/mtl_zmb_t7_camo_bgb_alchemical_antithesis_i
material,mc/mtl_zmb_t7_camo_bgb_always_done_swiftly
material,mc/mtl_zmb_t7_camo_bgb_always_done_swiftly_i
material,mc/mtl_zmb_t7_camo_bgb_anywhere_but_here
material,mc/mtl_zmb_t7_camo_bgb_anywhere_but_here_i
material,mc/mtl_zmb_t7_camo_bgb_armamental_accomplishment
material,mc/mtl_zmb_t7_camo_bgb_armamental_accomplishment_i
material,mc/mtl_zmb_t7_camo_bgb_arms_grace
material,mc/mtl_zmb_t7_camo_bgb_arms_grace_i
material,mc/mtl_zmb_t7_camo_bgb_arsenal_accelerator
material,mc/mtl_zmb_t7_camo_bgb_arsenal_accelerator_i
material,mc/mtl_zmb_t7_camo_bgb_board_games
material,mc/mtl_zmb_t7_camo_bgb_board_games_i
material,mc/mtl_zmb_t7_camo_bgb_board_to_death
material,mc/mtl_zmb_t7_camo_bgb_board_to_death_i
material,mc/mtl_zmb_t7_camo_bgb_bullet_boost
material,mc/mtl_zmb_t7_camo_bgb_bullet_boost_i
material,mc/mtl_zmb_t7_camo_bgb_burned_out
material,mc/mtl_zmb_t7_camo_bgb_burned_out_i
material,mc/mtl_zmb_t7_camo_bgb_cache_back
material,mc/mtl_zmb_t7_camo_bgb_cache_back_i
material,mc/mtl_zmb_t7_camo_bgb_coagulant
material,mc/mtl_zmb_t7_camo_bgb_coagulant_i
material,mc/mtl_zmb_t7_camo_bgb_crate_power
material,mc/mtl_zmb_t7_camo_bgb_crate_power_i
material,mc/mtl_zmb_t7_camo_bgb_crawl_space
material,mc/mtl_zmb_t7_camo_bgb_crawl_space_i
material,mc/mtl_zmb_t7_camo_bgb_danger_closest
material,mc/mtl_zmb_t7_camo_bgb_danger_closest_i
material,mc/mtl_zmb_t7_camo_bgb_dead_of_nuclear_winter
material,mc/mtl_zmb_t7_camo_bgb_dead_of_nuclear_winter_i
material,mc/mtl_zmb_t7_camo_bgb_disorderly_combat
material,mc/mtl_zmb_t7_camo_bgb_disorderly_combat_i
material,mc/mtl_zmb_t7_camo_bgb_ephemeral_enhancement
material,mc/mtl_zmb_t7_camo_bgb_ephemeral_enhancement_i
material,mc/mtl_zmb_t7_camo_bgb_extra_credit
material,mc/mtl_zmb_t7_camo_bgb_extra_credit_i
material,mc/mtl_zmb_t7_camo_bgb_eye_candy
material,mc/mtl_zmb_t7_camo_bgb_eye_candy_i
material,mc/mtl_zmb_t7_camo_bgb_fatal_contraption
material,mc/mtl_zmb_t7_camo_bgb_fatal_contraption_i
material,mc/mtl_zmb_t7_camo_bgb_fear_in_headlights
material,mc/mtl_zmb_t7_camo_bgb_fear_in_headlights_i
material,mc/mtl_zmb_t7_camo_bgb_firing_on_all_cylinders
material,mc/mtl_zmb_t7_camo_bgb_firing_on_all_cylinders_i
material,mc/mtl_zmb_t7_camo_bgb_flavor_hexed
material,mc/mtl_zmb_t7_camo_bgb_flavor_hexed_i
material,mc/mtl_zmb_t7_camo_bgb_head_drama
material,mc/mtl_zmb_t7_camo_bgb_head_drama_i
material,mc/mtl_zmb_t7_camo_bgb_idle_eyes
material,mc/mtl_zmb_t7_camo_bgb_idle_eyes_i
material,mc/mtl_zmb_t7_camo_bgb_im_feelin_lucky
material,mc/mtl_zmb_t7_camo_bgb_im_feelin_lucky_i
material,mc/mtl_zmb_t7_camo_bgb_immolation_liquidation
material,mc/mtl_zmb_t7_camo_bgb_immolation_liquidation_i
material,mc/mtl_zmb_t7_camo_bgb_impatient
material,mc/mtl_zmb_t7_camo_bgb_impatient_i
material,mc/mtl_zmb_t7_camo_bgb_in_plain_sight
material,mc/mtl_zmb_t7_camo_bgb_in_plain_sight_i
material,mc/mtl_zmb_t7_camo_bgb_kill_joy
material,mc/mtl_zmb_t7_camo_bgb_kill_joy_i
material,mc/mtl_zmb_t7_camo_bgb_killing_time
material,mc/mtl_zmb_t7_camo_bgb_killing_time_i
material,mc/mtl_zmb_t7_camo_bgb_licensed_contractor
material,mc/mtl_zmb_t7_camo_bgb_licensed_contractor_i
material,mc/mtl_zmb_t7_camo_bgb_lucky_crit
material,mc/mtl_zmb_t7_camo_bgb_lucky_crit_i
material,mc/mtl_zmb_t7_camo_bgb_mind_blown
material,mc/mtl_zmb_t7_camo_bgb_mind_blown_i
material,mc/mtl_zmb_t7_camo_bgb_near_death_experience
material,mc/mtl_zmb_t7_camo_bgb_near_death_experience_i
material,mc/mtl_zmb_t7_camo_bgb_newtonian_negation
material,mc/mtl_zmb_t7_camo_bgb_newtonian_negation_i
material,mc/mtl_zmb_t7_camo_bgb_now_you_see_me
material,mc/mtl_zmb_t7_camo_bgb_now_you_see_me_i
material,mc/mtl_zmb_t7_camo_bgb_on_the_house
material,mc/mtl_zmb_t7_camo_bgb_on_the_house_i
material,mc/mtl_zmb_t7_camo_bgb_perkaholic
material,mc/mtl_zmb_t7_camo_bgb_perkaholic_i
material,mc/mtl_zmb_t7_camo_bgb_phoenix_up
material,mc/mtl_zmb_t7_camo_bgb_phoenix_up_i
material,mc/mtl_zmb_t7_camo_bgb_pop_shocks
material,mc/mtl_zmb_t7_camo_bgb_pop_shocks_i
material,mc/mtl_zmb_t7_camo_bgb_power_vacuum
material,mc/mtl_zmb_t7_camo_bgb_power_vacuum_i
material,mc/mtl_zmb_t7_camo_bgb_profit_sharing
material,mc/mtl_zmb_t7_camo_bgb_profit_sharing_i
material,mc/mtl_zmb_t7_camo_bgb_projectile_vomiting
material,mc/mtl_zmb_t7_camo_bgb_projectile_vomiting_i
material,mc/mtl_zmb_t7_camo_bgb_reign_drops
material,mc/mtl_zmb_t7_camo_bgb_reign_drops_i
material,mc/mtl_zmb_t7_camo_bgb_respin_cycle
material,mc/mtl_zmb_t7_camo_bgb_respin_cycle_i
material,mc/mtl_zmb_t7_camo_bgb_round_robbin
material,mc/mtl_zmb_t7_camo_bgb_round_robbin_i
material,mc/mtl_zmb_t7_camo_bgb_secret_shopper
material,mc/mtl_zmb_t7_camo_bgb_secret_shopper_i
material,mc/mtl_zmb_t7_camo_bgb_self_medication
material,mc/mtl_zmb_t7_camo_bgb_self_medication_i
material,mc/mtl_zmb_t7_camo_bgb_shopping_free
material,mc/mtl_zmb_t7_camo_bgb_shopping_free_i
material,mc/mtl_zmb_t7_camo_bgb_slaughter_slide
material,mc/mtl_zmb_t7_camo_bgb_slaughter_slide_i
material,mc/mtl_zmb_t7_camo_bgb_soda_fountain
material,mc/mtl_zmb_t7_camo_bgb_soda_fountain_i
material,mc/mtl_zmb_t7_camo_bgb_stock_option
material,mc/mtl_zmb_t7_camo_bgb_stock_option_i
material,mc/mtl_zmb_t7_camo_bgb_sword_flay
material,mc/mtl_zmb_t7_camo_bgb_sword_flay_i
material,mc/mtl_zmb_t7_camo_bgb_temporal_gift
material,mc/mtl_zmb_t7_camo_bgb_temporal_gift_i
material,mc/mtl_zmb_t7_camo_bgb_tone_death
material,mc/mtl_zmb_t7_camo_bgb_tone_death_i
material,mc/mtl_zmb_t7_camo_bgb_unbearable
material,mc/mtl_zmb_t7_camo_bgb_unbearable_i
material,mc/mtl_zmb_t7_camo_bgb_undead_man_walking
material,mc/mtl_zmb_t7_camo_bgb_undead_man_walking_i
material,mc/mtl_zmb_t7_camo_bgb_unquenchable
material,mc/mtl_zmb_t7_camo_bgb_unquenchable_i
material,mc/mtl_zmb_t7_camo_bgb_wall_power
material,mc/mtl_zmb_t7_camo_bgb_wall_power_i
material,mc/mtl_zmb_t7_camo_bgb_whos_keeping_score
material,mc/mtl_zmb_t7_camo_bgb_whos_keeping_score_i
material,mc/zombie_candy_mode_blue
material,mc/zombie_candy_mode_green
material,mc/zombie_candy_mode_purple
material,mc/zombie_candy_mode_yellow
material,menu_lobby_icon_facebook
material,menu_lobby_icon_twitter
material,menu_mp_party_ease_icon
material,menu_zm_gamertag
material,menu_zm_rank_1
material,menu_zm_rank_2
material,menu_zm_rank_3
material,menu_zm_rank_3_ded
material,menu_zm_rank_4
material,menu_zm_rank_4_ded
material,menu_zm_rank_5
material,menu_zm_rank_5_ded
material,mtl_weapon_acog_lens_green
material,mtl_weapon_acog_lens_orange
material,mtl_weapon_acog_lens_red
material,mtl_weapon_acog_lens_yellow
material,mtl_weapon_camo_packapunch_diffuse
material,mtl_weapon_camo_packapunch_env
material,mtl_weapon_camo_packapunch_specular
material,overlay_low_health
material,overlay_low_health_splat
material,remotemissile_target
material,scorebar_zom_1
material,spectator_box_end
material,spectator_box_middle
material,streaming_temp_image_0
material,streaming_temp_image_1
material,streaming_temp_image_10
material,streaming_temp_image_11
material,streaming_temp_image_12
material,streaming_temp_image_13
material,streaming_temp_image_14
material,streaming_temp_image_15
material,streaming_temp_image_16
material,streaming_temp_image_17
material,streaming_temp_image_18
material,streaming_temp_image_19
material,streaming_temp_image_2
material,streaming_temp_image_20
material,streaming_temp_image_21
material,streaming_temp_image_22
material,streaming_temp_image_23
material,streaming_temp_image_24
material,streaming_temp_image_25
material,streaming_temp_image_26
material,streaming_temp_image_27
material,streaming_temp_image_28
material,streaming_temp_image_29
material,streaming_temp_image_3
material,streaming_temp_image_30
material,streaming_temp_image_31
material,streaming_temp_image_4
material,streaming_temp_image_5
material,streaming_temp_image_6
material,streaming_temp_image_7
material,streaming_temp_image_8
material,streaming_temp_image_9
material,t7_hud_minimap_friendly_arrow
material,t7_hud_zm_aat_bgb
material,t7_hud_zm_aat_blastfurnace
material,t7_hud_zm_aat_deadwire
material,t7_hud_zm_aat_fireworks
material,t7_hud_zm_aat_thunderwall
material,t7_hud_zm_aat_turned
material,waypoint_revive
material,waypoint_revive_zm
material,wc/techrope_powerlines
techset,2d_minimap#da7372ff
techset,ec/effect_cloud_lit_emissive_blend#7503baf8
techset,postfx_swirl#da7372ff
techset,sw4_2d_arc_outline#da7372ff
techset,sw4_2d_blood#da7372ff
techset,sw4_2d_zm_turned#da7372ff
techset,wc/rope#882572b8
techset,zm_screen_warp#da7372ff
techset,zombie_blood#da7372ff
image,camo_packapunch_c
image,camo_packapunch_env
image,camo_packapunch_spec
image,chalkmarks_1
image,chalkmarks_2
image,chalkmarks_3
image,chalkmarks_4
image,chalkmarks_5
image,compass_hk
image,compassping_squad_fire_mp
image,compassping_squad_mp
image,compassping_squadyelling_mp
image,demo_pause
image,demo_play
image,demo_step
image,detail_map_painted_metal_n
image,fxt_debri_trash_multiple
image,fxt_debris_clumps_nomip
image,fxt_debris_spike_lg
image,fxt_dirt_pcloud_02
image,fxt_dust_heli_swirl_anim
image,fxt_dust_spike_lg_anim
image,fxt_gel_splat_spread_mask
image,fxt_light_taillight
image,fxt_light_taillight_mask
image,fxt_lightning_cloud_bolt
image,fxt_lightning_cloud_bolt_mask
image,fxt_ui_zmb_bgb_revive
image,fxt_ui_zmb_bgb_revive_mask
image,fxt_ui_zmb_bgb_zmoney
image,fxt_ui_zmb_bgb_zmoney_mask
image,global_powerlines_c
image,global_powerlines_n
image,gradient_center
image,gradient_fadein
image,grenadethrowback
image,hit_direction_zm
image,hud_dpad_blood
image,hud_grenadethrowback
image,hud_octobomb
image,hud_octobomb_brokenjar
image,hud_octobomb_magicjar
image,hud_octobomb_plainjar
image,hud_zm_shoutcasting_change_tab
image,hud_zm_shoutcasting_viewing_box_dead
image,i_blur_mask_tight
image,i_generic_filter_candy_blue_c
image,i_generic_filter_candy_green_c
image,i_generic_filter_candy_purple_c
image,i_generic_filter_candy_yellow_c
image,i_generic_filter_crystal_motes_c
image,i_generic_filter_zombie_blood_c
image,i_generic_filter_zombie_blood_d
image,i_generic_filter_zombie_blood_r
image,i_mtl_p7_zm_bgb_bubble_c
image,i_mtl_p7_zm_bgb_icon_aftertaste_c
image,i_mtl_p7_zm_bgb_icon_alchemical_antithesis_c
image,i_mtl_p7_zm_bgb_icon_always_done_swiftly_c
image,i_mtl_p7_zm_bgb_icon_anywhere_but_here_c
image,i_mtl_p7_zm_bgb_icon_armamental_accomplishment_c
image,i_mtl_p7_zm_bgb_icon_arms_grace_c
image,i_mtl_p7_zm_bgb_icon_arsenal_acelerator_c
image,i_mtl_p7_zm_bgb_icon_board_games_c
image,i_mtl_p7_zm_bgb_icon_board_to_death_c
image,i_mtl_p7_zm_bgb_icon_bullet_boost_c
image,i_mtl_p7_zm_bgb_icon_burned_out_c
image,i_mtl_p7_zm_bgb_icon_cache_back_c
image,i_mtl_p7_zm_bgb_icon_coagulant_c
image,i_mtl_p7_zm_bgb_icon_crate_power_c
image,i_mtl_p7_zm_bgb_icon_crawl_space_c
image,i_mtl_p7_zm_bgb_icon_danger_closest_c
image,i_mtl_p7_zm_bgb_icon_dead_of_nuclear_winter_c
image,i_mtl_p7_zm_bgb_icon_disorderly_combat_c
image,i_mtl_p7_zm_bgb_icon_ephererial_enhancement_c
image,i_mtl_p7_zm_bgb_icon_extra_credit_c
image,i_mtl_p7_zm_bgb_icon_eye_candy_c
image,i_mtl_p7_zm_bgb_icon_fatal_contraption_c
image,i_mtl_p7_zm_bgb_icon_fear_in_headlights_c
image,i_mtl_p7_zm_bgb_icon_firing_on_all_cylinders_c
image,i_mtl_p7_zm_bgb_icon_flavor_hexed_c
image,i_mtl_p7_zm_bgb_icon_head_drama_c
image,i_mtl_p7_zm_bgb_icon_idle_eyes_c
image,i_mtl_p7_zm_bgb_icon_im_feelin_lucky_c
image,i_mtl_p7_zm_bgb_icon_immolation_liquidation_c
image,i_mtl_p7_zm_bgb_icon_impatient_c
image,i_mtl_p7_zm_bgb_icon_in_plain_sight_c
image,i_mtl_p7_zm_bgb_icon_kill_joy_c
image,i_mtl_p7_zm_bgb_icon_killing_time_c
image,i_mtl_p7_zm_bgb_icon_licensed_contractor_c
image,i_mtl_p7_zm_bgb_icon_lucky_crit_c
image,i_mtl_p7_zm_bgb_icon_mind_blown_c
image,i_mtl_p7_zm_bgb_icon_near_death_experience_c
image,i_mtl_p7_zm_bgb_icon_newtonian_negation_c
image,i_mtl_p7_zm_bgb_icon_now_you_see_me_c
image,i_mtl_p7_zm_bgb_icon_on_the_house_c
image,i_mtl_p7_zm_bgb_icon_perkaholic
image,i_mtl_p7_zm_bgb_icon_phoenix_up
image,i_mtl_p7_zm_bgb_icon_pop_shocks
image,i_mtl_p7_zm_bgb_icon_power_vacuum_c
image,i_mtl_p7_zm_bgb_icon_profit_sharing_c
image,i_mtl_p7_zm_bgb_icon_projectile_vomiting_c
image,i_mtl_p7_zm_bgb_icon_reign_drops_c
image,i_mtl_p7_zm_bgb_icon_respin_cycle_c
image,i_mtl_p7_zm_bgb_icon_round_robbin_c
image,i_mtl_p7_zm_bgb_icon_secret_shopper_c
image,i_mtl_p7_zm_bgb_icon_self_medication_c
image,i_mtl_p7_zm_bgb_icon_shopping_free_c
image,i_mtl_p7_zm_bgb_icon_slaughter_slide_c
image,i_mtl_p7_zm_bgb_icon_soda_fountain_c
image,i_mtl_p7_zm_bgb_icon_stock_option_c
image,i_mtl_p7_zm_bgb_icon_sword_flay_c
image,i_mtl_p7_zm_bgb_icon_temporal_gift_c
image,i_mtl_p7_zm_bgb_icon_tone_death_c
image,i_mtl_p7_zm_bgb_icon_unbearable_c
image,i_mtl_p7_zm_bgb_icon_undead_man_walking_c
image,i_mtl_p7_zm_bgb_icon_unquenchable_c
image,i_mtl_p7_zm_bgb_icon_wall_power_c
image,i_mtl_p7_zm_bgb_icon_whos_keeping_score_c
image,i_mtl_p7_zm_bgb_mega_blue_c
image,i_mtl_p7_zm_bgb_mega_g
image,i_mtl_p7_zm_bgb_mega_green_c
image,i_mtl_p7_zm_bgb_mega_orange_c
image,i_mtl_p7_zm_bgb_mega_purple_c
image,i_mtl_p7_zm_bgb_rare_mega_blue_c
image,i_mtl_p7_zm_bgb_rare_mega_green_c
image,i_mtl_p7_zm_bgb_rare_mega_orange_c
image,i_mtl_p7_zm_bgb_rare_mega_purple_c
image,i_mtl_p7_zm_bgb_regular_blue_c
image,i_mtl_p7_zm_bgb_regular_green_c
image,i_mtl_p7_zm_bgb_regular_orange_c
image,i_mtl_p7_zm_bgb_regular_purple_c
image,i_mtl_p7_zm_bgb_urm_blue_c
image,i_mtl_p7_zm_bgb_urm_green_c
image,i_mtl_p7_zm_bgb_urm_orange_c
image,i_mtl_p7_zm_bgb_urm_purple_c
image,i_mtl_p7_zm_bgb_whim_blue_c
image,i_mtl_p7_zm_bgb_whim_green_c
image,i_mtl_p7_zm_bgb_whim_orange_c
image,i_mtl_p7_zm_bgb_whim_purple_c
image,i_p6_wood_plank_rustic01_2x8x108_c
image,i_p6_wood_plank_rustic01_2x8x108_n
image,i_p6_wood_plank_rustic01_c
image,i_p6_wood_plank_rustic01_n
image,i_t7_sand_tan_ripples_01_n
image,i_warp_mask
image,i_zm_beast_mode_warp_mask
image,icon_facebook
image,icon_twitter
image,img_t7_menu_zm_preview_zod
image,iw2_blood_color
image,iw2_blood_reveal
image,line_vertical
image,lui_arrow_global
image,lui_dpad_circle
image,menu_mp_party_ease_icon
image,menu_zm_gamertag
image,metal_gold_g
image,minimap_corruption_mask
image,minimap_mask
image,mtl_t6_ao_combo_reticle_up_zm
image,mtl_t6_ao_holo_reticle_zm_03
image,mtl_t6_ao_holo_reticle_zm_05
image,mtl_t6_ao_holo_reticle_zm_06
image,mtl_t6_ao_holo_reticle_zm_07
image,mtl_t6_ao_holo_reticle_zm_10
image,mtl_t6_ao_holo_reticle_zm_11
image,mtl_t6_ao_holo_reticle_zm_12
image,mtl_t6_ao_holo_reticle_zm_13
image,mtl_t6_ao_holo_reticle_zm_14
image,mtl_t6_ao_holo_reticle_zm_16
image,mtl_t6_ao_holo_reticle_zm_17
image,mtl_t6_ao_holo_reticle_zm_18
image,mtl_t6_ao_holo_reticle_zm_19
image,mtl_t6_ao_holo_reticle_zm_20
image,mtl_t6_ao_holo_reticle_zm_21
image,mtl_t6_attach_optic_holo_reticle_10
image,offscreenobjectivepointer
image,overlay_low_health
image,remotemissile_target
image,restricted
image,scorebar_zom_5
image,spectator_box_end
image,spectator_box_middle
image,statmon_warning_serverfps
image,streaming_temp_image_0
image,streaming_temp_image_1
image,streaming_temp_image_10
image,streaming_temp_image_11
image,streaming_temp_image_12
image,streaming_temp_image_13
image,streaming_temp_image_14
image,streaming_temp_image_15
image,streaming_temp_image_16
image,streaming_temp_image_17
image,streaming_temp_image_18
image,streaming_temp_image_19
image,streaming_temp_image_2
image,streaming_temp_image_20
image,streaming_temp_image_21
image,streaming_temp_image_22
image,streaming_temp_image_23
image,streaming_temp_image_24
image,streaming_temp_image_25
image,streaming_temp_image_26
image,streaming_temp_image_27
image,streaming_temp_image_28
image,streaming_temp_image_29
image,streaming_temp_image_3
image,streaming_temp_image_30
image,streaming_temp_image_31
image,streaming_temp_image_4
image,streaming_temp_image_5
image,streaming_temp_image_6
image,streaming_temp_image_7
image,streaming_temp_image_8
image,streaming_temp_image_9
image,t7_hud_cp_aat_blastfurnace
image,t7_hud_cp_aat_deadwire
image,t7_hud_cp_aat_fireworks
image,t7_hud_cp_aat_thunderwall
image,t7_hud_cp_aat_turned
image,t7_hud_minimap_friendly_arrow
image,t7_hud_zm_aat_bgb
image,t7_hud_zm_bgb_aftertaste
image,t7_hud_zm_bgb_alchemical_antithesis
image,t7_hud_zm_bgb_always_done_swiftly
image,t7_hud_zm_bgb_anywhere_but_here
image,t7_hud_zm_bgb_armamental_accomplishment
image,t7_hud_zm_bgb_arms_grace
image,t7_hud_zm_bgb_arsenal_accelerator
image,t7_hud_zm_bgb_board_games
image,t7_hud_zm_bgb_board_to_death
image,t7_hud_zm_bgb_bullet_boost
image,t7_hud_zm_bgb_burned_out
image,t7_hud_zm_bgb_cache_back
image,t7_hud_zm_bgb_coagulant
image,t7_hud_zm_bgb_crate_power
image,t7_hud_zm_bgb_crawl_space
image,t7_hud_zm_bgb_danger_closest
image,t7_hud_zm_bgb_dead_of_nuclear_winter
image,t7_hud_zm_bgb_disorderly_combat
image,t7_hud_zm_bgb_ephemeral_enhancement
image,t7_hud_zm_bgb_extra_credit
image,t7_hud_zm_bgb_eye_candy
image,t7_hud_zm_bgb_fatal_contraption
image,t7_hud_zm_bgb_fear_in_headlights
image,t7_hud_zm_bgb_firing_on_all_cylinders
image,t7_hud_zm_bgb_flavor_hexed
image,t7_hud_zm_bgb_head_drama
image,t7_hud_zm_bgb_idle_eyes
image,t7_hud_zm_bgb_im_feelin_lucky
image,t7_hud_zm_bgb_immolation_liquidation
image,t7_hud_zm_bgb_impatient
image,t7_hud_zm_bgb_in_plain_sight
image,t7_hud_zm_bgb_kill_joy
image,t7_hud_zm_bgb_killing_time
image,t7_hud_zm_bgb_licensed_contractor
image,t7_hud_zm_bgb_lucky_crit
image,t7_hud_zm_bgb_mind_blown
image,t7_hud_zm_bgb_near_death_experience
image,t7_hud_zm_bgb_newtonian_negation
image,t7_hud_zm_bgb_now_you_see_me
image,t7_hud_zm_bgb_on_the_house
image,t7_hud_zm_bgb_perkaholic
image,t7_hud_zm_bgb_phoenix_up
image,t7_hud_zm_bgb_pop_shocks
image,t7_hud_zm_bgb_power_vacuum
image,t7_hud_zm_bgb_profit_sharing
image,t7_hud_zm_bgb_projectile_vomiting
image,t7_hud_zm_bgb_reign_drops
image,t7_hud_zm_bgb_respin_cycle
image,t7_hud_zm_bgb_round_robbin
image,t7_hud_zm_bgb_secret_shopper
image,t7_hud_zm_bgb_self_medication
image,t7_hud_zm_bgb_shopping_free
image,t7_hud_zm_bgb_slaughter_slide
image,t7_hud_zm_bgb_soda_fountain
image,t7_hud_zm_bgb_stock_option
image,t7_hud_zm_bgb_sword_flay
image,t7_hud_zm_bgb_temporal_gift
image,t7_hud_zm_bgb_tone_death
image,t7_hud_zm_bgb_unbearable
image,t7_hud_zm_bgb_undead_man_walking
image,t7_hud_zm_bgb_unquenchable
image,t7_hud_zm_bgb_wall_power
image,t7_hud_zm_bgb_whos_keeping_score
image,t7_icon_zm_aat_blast_furnace
image,t7_icon_zm_aat_dead_wire
image,t7_icon_zm_aat_fire_works
image,t7_icon_zm_aat_thunder_wall
image,t7_icon_zm_aat_turned
image,t7_icons_challenges_mp_darkops
image,t7_icons_challenges_zm_gumgobbler
image,t7_icons_challenges_zm_survivalist
image,t7_icons_challenges_zm_zombiehunter
image,t7_zm_hud_rnd_nmbr0
image,t7_zm_hud_rnd_nmbr1
image,t7_zm_hud_rnd_nmbr2
image,t7_zm_hud_rnd_nmbr3
image,t7_zm_hud_rnd_nmbr4
image,t7_zm_hud_rnd_nmbr5
image,t7_zm_hud_rnd_nmbr6
image,t7_zm_hud_rnd_nmbr7
image,t7_zm_hud_rnd_nmbr8
image,t7_zm_hud_rnd_nmbr9
image,talkballoon
image,uie_bowlauncher_center_dot
image,uie_bowlauncher_line1
image,uie_bowlauncher_line2
image,uie_bowlauncher_line3
image,uie_bowlauncher_line4
image,uie_default_black_0
image,uie_hud_medals_default
image,uie_hud_mp_vis_ks_bar
image,uie_hud_mp_vis_ks_bar_backing
image,uie_hud_mp_vis_ks_prog_arrow_back
image,uie_img_t7_hud_cm_heroringglow
image,uie_mp_cac_grad_stretch_add
image,uie_mp_cac_grad_stretch_add_v2
image,uie_t7_codcaster_texturebacking
image,uie_t7_core_hud_ammowidget_abilityswirl
image,uie_t7_cp_hud_abilitywheel_bracketblur
image,uie_t7_cp_hud_abilitywheel_brackettop
image,uie_t7_cp_hud_abilitywheel_centertitlebar
image,uie_t7_cp_hud_abilitywheel_centertopgrid
image,uie_t7_cp_hud_abilitywheel_gradbracket
image,uie_t7_cp_hud_abilitywheel_gradcenter
image,uie_t7_cp_hud_abilitywheel_gradmultiply
image,uie_t7_cp_hud_abilitywheel_hexcenter
image,uie_t7_cp_hud_abilitywheel_iconbracket
image,uie_t7_cp_hud_abilitywheel_iconhex
image,uie_t7_cp_hud_abilitywheel_iconhexlower
image,uie_t7_cp_hud_abilitywheel_iconsemi
image,uie_t7_cp_hud_abilitywheel_icontophex
image,uie_t7_cp_hud_abilitywheel_outtercontextline
image,uie_t7_cp_hud_abilitywheel_outterdiag
image,uie_t7_cp_hud_abilitywheel_outterdots
image,uie_t7_cp_hud_abilitywheel_outtergrid
image,uie_t7_cp_hud_abilitywheel_outterline
image,uie_t7_cp_hud_abilitywheel_panelul
image,uie_t7_cp_hud_abilitywheel_pixel
image,uie_t7_cp_hud_abilitywheel_pixelblur
image,uie_t7_cp_hud_abilitywheel_tabc
image,uie_t7_cp_hud_abilitywheel_topelement
image,uie_t7_cp_hud_damagewidget_panelll
image,uie_t7_cp_hud_damagewidget_panellm
image,uie_t7_cp_hud_damagewidget_panellr
image,uie_t7_cp_hud_damagewidget_panelml
image,uie_t7_cp_hud_damagewidget_panelmm
image,uie_t7_cp_hud_damagewidget_panelmr
image,uie_t7_cp_hud_damagewidget_panelul
image,uie_t7_cp_hud_damagewidget_panelum
image,uie_t7_cp_hud_damagewidget_panelur
image,uie_t7_cp_hud_tacmode_arrow
image,uie_t7_cp_hud_vehicle_ground_modulesdni
image,uie_t7_cp_hud_vehicle_ground_modulesdniarrow
image,uie_t7_cp_hud_vehicle_ground_modulesdnibracketb
image,uie_t7_cp_hud_vehicle_ground_modulesdnibrackett
image,uie_t7_hud_armorcontainer
image,uie_t7_hud_beacon_damage
image,uie_t7_hud_beacon_repair_buddy
image,uie_t7_hud_cp_bleeding_out_blur
image,uie_t7_hud_cp_bleeding_out_cross
image,uie_t7_hud_cp_bleeding_out_crossrgb
image,uie_t7_hud_cp_bleeding_out_dot
image,uie_t7_hud_cp_bleeding_out_dotrgb
image,uie_t7_hud_cp_bleeding_out_mainring
image,uie_t7_hud_cp_bleeding_out_mainringrgb
image,uie_t7_hud_cp_bleeding_out_progresscircle
image,uie_t7_hud_cp_bleeding_out_ring1
image,uie_t7_hud_cp_bleeding_out_ring1rgb
image,uie_t7_hud_cp_bleeding_out_ring2
image,uie_t7_hud_cp_bleeding_out_ring2rgb
image,uie_t7_hud_cp_bleeding_out_ring3
image,uie_t7_hud_cp_bleeding_out_ring3rgb
image,uie_t7_hud_cp_bleeding_out_ring3right
image,uie_t7_hud_cp_bleeding_out_ring3right_rgb
image,uie_t7_hud_interact_meter_thick
image,uie_t7_hud_notficationbkgd
image,uie_t7_hud_notficationframe
image,uie_t7_hud_notificaiton_footer_backing_left
image,uie_t7_hud_notificaiton_footer_backing_right
image,uie_t7_hud_notificaiton_footer_backing_stretch
image,uie_t7_hud_notificaiton_footer_left
image,uie_t7_hud_notificaiton_footer_right
image,uie_t7_hud_notificaiton_footer_stretch
image,uie_t7_hud_outofbounds_centerbox
image,uie_t7_hud_outofbounds_sidebar
image,uie_t7_hud_playerlevel_backing_fill
image,uie_t7_hud_playerlevel_backing_frame
image,uie_t7_hud_playerlevel_backing_main
image,uie_t7_hud_playerlevel_backing_title_01_left
image,uie_t7_hud_playerlevel_backing_title_01_right
image,uie_t7_hud_playerlevel_backing_title_01_stretch
image,uie_t7_hud_playerlevel_backing_title_02
image,uie_t7_hud_playerlevel_backing_wing01
image,uie_t7_hud_playerlevel_backing_wing02
image,uie_t7_hud_prompt_ammo_64
image,uie_t7_hud_waypoints_arrow_new
image,uie_t7_hud_waypoints_bg_arrow
image,uie_t7_hud_waypoints_namebg_left_mp
image,uie_t7_hud_weaponlevel_bottom_left
image,uie_t7_hud_weaponlevel_bottom_main
image,uie_t7_hud_weaponlevel_bottom_right
image,uie_t7_hud_weaponlevel_bottom_stretch
image,uie_t7_hud_weaponlevel_line_left
image,uie_t7_hud_weaponlevel_line_right
image,uie_t7_hud_weaponlevel_line_stretch
image,uie_t7_hud_weaponlevel_top_left
image,uie_t7_hud_widget_team_enemy_meter
image,uie_t7_hud_widget_team_meter
image,uie_t7_hud_widget_team_ops_center_circle
image,uie_t7_icons_blackcircle
image,uie_t7_menu_challenges_complete_icon
image,uie_t7_mp_hud_engame_killcam_vslinel
image,uie_t7_mp_hud_engame_killcam_vslinem
image,uie_t7_mp_hud_engame_killcam_vsliner
image,uie_t7_zm_hud_ammo_dpadicnmine_new
image,uie_t7_zm_hud_ammo_dpadicnmine_new_inactive
image,uie_t7_zm_hud_ammo_newmine
image,uie_t7_zm_hud_ammo_nomine
image,uie_t7_zm_hud_inv_icnlthl
image,uie_t7_zm_hud_revive_arrow
image,uie_t7_zm_hud_revive_glow
image,uie_t7_zm_hud_revive_ringblur
image,uie_t7_zm_hud_revive_ringmiddle
image,uie_t7_zm_hud_revive_ringtop
image,uie_t7_zm_hud_revive_skull
image,uie_t7_zm_hud_rnd_flsh1
image,uie_t7_zm_hud_rnd_flsh2mask
image,uie_t7_zm_hud_rnd_nmbr0
image,uie_t7_zm_hud_rnd_nmbr0_act
image,uie_t7_zm_hud_rnd_nmbr0_glow
image,uie_t7_zm_hud_rnd_nmbr1
image,uie_t7_zm_hud_rnd_nmbr1_act
image,uie_t7_zm_hud_rnd_nmbr1_glow
image,uie_t7_zm_hud_rnd_nmbr2
image,uie_t7_zm_hud_rnd_nmbr2_act
image,uie_t7_zm_hud_rnd_nmbr2_glow
image,uie_t7_zm_hud_rnd_nmbr3
image,uie_t7_zm_hud_rnd_nmbr3_act
image,uie_t7_zm_hud_rnd_nmbr3_glow
image,uie_t7_zm_hud_rnd_nmbr4
image,uie_t7_zm_hud_rnd_nmbr4_act
image,uie_t7_zm_hud_rnd_nmbr4_glow
image,uie_t7_zm_hud_rnd_nmbr5
image,uie_t7_zm_hud_rnd_nmbr5_act
image,uie_t7_zm_hud_rnd_nmbr5_glow
image,uie_t7_zm_hud_rnd_nmbr6
image,uie_t7_zm_hud_rnd_nmbr6_act
image,uie_t7_zm_hud_rnd_nmbr6_glow
image,uie_t7_zm_hud_rnd_nmbr7
image,uie_t7_zm_hud_rnd_nmbr7_act
image,uie_t7_zm_hud_rnd_nmbr7_glow
image,uie_t7_zm_hud_rnd_nmbr8
image,uie_t7_zm_hud_rnd_nmbr8_act
image,uie_t7_zm_hud_rnd_nmbr8_glow
image,uie_t7_zm_hud_rnd_nmbr9
image,uie_t7_zm_hud_rnd_nmbr9_act
image,uie_t7_zm_hud_rnd_nmbr9_glow
image,uie_t7_zm_hud_rnd_spk2
image,uie_t7_zm_hud_rnd_spk2mask
image,uie_t7_zm_hud_rnd_spkseq1
image,warning@col
image,warning@snapshotents
image,waypoint_revive
image,waypoint_revive_zm
image,weapon_acog_lens_green_c
image,weapon_acog_lens_orange_c
image,weapon_acog_lens_red_c
image,weapon_acog_lens_yellow_c
image,zombie_eye
image,zombierank_1
image,zombierank_2
image,zombierank_3
image,zombierank_3_ded
image,zombierank_4
image,zombierank_4_ded
image,zombierank_5
image,zombierank_5_ded
sound,zm_common
weapon,frag_grenade_slaughter_slide_zm
weapon,special_crossbow_dw_upgraded_zm
weapon,special_crossbow_dw_zm
weapon,special_crossbowlh_upgraded_zm
weapon,special_crossbowlh_zm
weapon,zombie_bgb_grab
weapon,zombie_bgb_use
weapon,zombie_builder_zm
cgmediatable,zm_cgmedia
playersoundstable,zm_playersounds
playerfxtable,zm_playerfx
attachmentunique,au_special_crossbow_dw_gmod6
attachmentunique,au_special_crossbow_dw_gmod7
attachmentunique,au_special_crossbow_dw_none
weaponcamo,camo_t7_zmb_bgb
fx,_t6/bio/player/fx_water_hit_player_bubbles
fx,_t6/explosions/fx_default_explosion
fx,_t6/impacts/fx_flesh_hit_knife
fx,_t6/impacts/fx_flesh_hit_knife_noblood
fx,_t6/impacts/fx_flesh_hit_splat
fx,_t6/maps/zombie/fx_fog_zombie_amb
fx,_t6/maps/zombie/fx_mp_zombie_body_dust_falling
fx,_t6/trail/fx_trail_blood_streak
fx,_t6/trail/fx_trail_blood_streak_mp
fx,_t6/weapon/remote_mortar/fx_rmt_mortar_laser_loop
fx,destruct/fx_dest_turret_1
fx,destruct/fx_dest_turret_2
fx,dlc4/genesis/fx_bgb_mindblown_heatup
fx,electric/fx_elec_sparks_bounce_orange
fx,electric/fx_elec_sparks_bounce_sm_orange
fx,electric/fx_elec_sparks_burst_xsm_omni_orange_os
fx,electric/fx_elec_sparks_directional_orange
fx,electric/fx_elec_sparks_directional_os_orange
fx,electric/fx_elec_sparks_directional_os_y_orange
fx,electric/fx_sparks_burst_dir_md_z030_orange_os
fx,fire/fx_fire_ai_human_arm_left_loop_optim
fx,fire/fx_fire_ai_human_arm_right_loop_optim
fx,fire/fx_fire_ai_human_head_loop_optim
fx,fire/fx_fire_ai_human_hip_left_loop_optim
fx,fire/fx_fire_ai_human_hip_right_loop_optim
fx,fire/fx_fire_ai_human_leg_left_loop_optim
fx,fire/fx_fire_ai_human_leg_right_loop_optim
fx,fire/fx_fire_ai_human_torso_loop_optim
fx,fire/fx_fire_trail_destruct_sm
fx,player/fx_plyr_water_body_decal
fx,player/fx_plyr_water_knee_decal
fx,smoke/fx_smk_dmg_trail_puff_sm_emitted_os
fx,water/fx_water_impact_object_lg
fx,water/fx_water_impact_object_md
fx,water/fx_water_impact_object_sm
fx,water/fx_water_impact_ripple_md
fx,weapon/fx_attchmnt_laser_3p
fx,weapon/fx_ir_scope_hearbeat
fx,weapon/fx_sensor_targeting
fx,zombie/fx_aat_blast_furnace_ring_zmb
fx,zombie/fx_aat_blast_furnace_zmb
fx,zombie/fx_aat_fireworks_burst_zmb
fx,zombie/fx_aat_fireworks_trail_zmb
fx,zombie/fx_aat_fireworks_zmb
fx,zombie/fx_aat_thunderwall_wall_zmb
fx,zombie/fx_aat_thunderwall_zmb
fx,zombie/fx_barrier_buy_zmb
fx,zombie/fx_bgb_anywhere_but_here_teleport_aoe_kill_zmb
fx,zombie/fx_bgb_anywhere_but_here_teleport_aoe_zmb
fx,zombie/fx_bgb_anywhere_but_here_teleport_zmb
fx,zombie/fx_bgb_bubble_blow_zmb
fx,zombie/fx_bgb_burned_out_1p_zmb
fx,zombie/fx_bgb_burned_out_3p_zmb
fx,zombie/fx_bgb_burned_out_fire_torso_zmb
fx,zombie/fx_bgb_burned_out_ring_zmb
fx,zombie/fx_bgb_grenade_exp_green
fx,zombie/fx_bgb_grenade_trail
fx,zombie/fx_bgb_gumball_ghost_zmb
fx,zombie/fx_bgb_head_pop
fx,zombie/fx_bgb_head_pop_ray
fx,zombie/fx_bgb_machine_available_cycle_zmb
fx,zombie/fx_bgb_machine_available_zmb
fx,zombie/fx_bgb_machine_bulb_activated_zmb
fx,zombie/fx_bgb_machine_bulb_available_zmb
fx,zombie/fx_bgb_machine_bulb_away_zmb
fx,zombie/fx_bgb_machine_bulb_event_zmb
fx,zombie/fx_bgb_machine_bulb_rounds_zmb
fx,zombie/fx_bgb_machine_bulb_spark_zmb
fx,zombie/fx_bgb_machine_bulb_time_zmb
fx,zombie/fx_bgb_machine_eye_activated_zmb
fx,zombie/fx_bgb_machine_eye_away_zmb
fx,zombie/fx_bgb_machine_eye_event_zmb
fx,zombie/fx_bgb_machine_eye_rounds_zmb
fx,zombie/fx_bgb_machine_eye_time_zmb
fx,zombie/fx_bgb_machine_flying_elec_zmb
fx,zombie/fx_bgb_machine_flying_embers_down_zmb
fx,zombie/fx_bgb_machine_flying_embers_up_zmb
fx,zombie/fx_bgb_machine_gumball_halo_zmb
fx,zombie/fx_bgb_machine_light_interior_away_zmb
fx,zombie/fx_bgb_machine_light_interior_zmb
fx,zombie/fx_bgb_machine_smoke_zmb
fx,zombie/fx_bgb_near_death_1p
fx,zombie/fx_bgb_near_death_3p
fx,zombie/fx_bgb_profit_1p
fx,zombie/fx_bgb_profit_3p
fx,zombie/fx_bgb_respin_cycle_box_flash_zmb
fx,zombie/fx_bgb_unbearable_box_flash_zmb
fx,zombie/fx_blood_torso_explo_lg_os_zmb
fx,zombie/fx_blood_torso_explo_lg_zmb
fx,zombie/fx_blood_torso_explo_zmb
fx,zombie/fx_bmode_shock_os_zod_zmb
fx,zombie/fx_bmode_trail_os_3p_zod_zmb
fx,zombie/fx_bul_flesh_head_fatal_zmb
fx,zombie/fx_bul_flesh_head_nochunks_zmb
fx,zombie/fx_bul_flesh_neck_spurt_zmb
fx,zombie/fx_crafting_dust_zmb
fx,zombie/fx_dog_explosion_zmb
fx,zombie/fx_dog_lightning_buildup_zmb
fx,zombie/fx_dog_lightning_spawn_zmb
fx,zombie/fx_fire_torso_zmb
fx,zombie/fx_glow_eye_green
fx,zombie/fx_glow_eye_orange
fx,zombie/fx_liquid_vomit_splat_zmb
fx,zombie/fx_liquid_vomit_stream_neck_zmb
fx,zombie/fx_liquid_vomit_stream_zmb
fx,zombie/fx_monkey_lightning_zmb
fx,zombie/fx_powerup_grab_caution_zmb
fx,zombie/fx_powerup_grab_green_zmb
fx,zombie/fx_powerup_grab_red_zmb
fx,zombie/fx_powerup_grab_solo_zmb
fx,zombie/fx_powerup_off_green_zmb
fx,zombie/fx_powerup_on_caution_zmb
fx,zombie/fx_powerup_on_green_zmb
fx,zombie/fx_powerup_on_red_zmb
fx,zombie/fx_powerup_on_solo_zmb
fx,zombie/fx_spawn_dirt_body_billowing_zmb
fx,zombie/fx_spawn_dirt_body_dustfalling_zmb
fx,zombie/fx_spawn_dirt_hand_burst_zmb
fx,zombie/fx_tesla_bolt_secondary_zmb
fx,zombie/fx_tesla_shock_eyes_zmb
fx,zombie/fx_tesla_shock_ground
fx,zombie/fx_tesla_shock_zmb
fx,zombie/fx_weapon_box_closed_glow_zmb
fx,zombie/fx_weapon_box_open_glow_zmb
klf,2451567b-9d07-4c6d-869d-fb46e03f9adc
klf,a94affc2-81dd-4f2d-959f-a15ed36d79d8
rawfile,animtrees/zm_ally.atr
rawfile,animtrees/zombie_cymbal_monkey.atr
rawfile,animtrees/zombie_meat.atr
rawfile,animtrees/zombie_turbine.atr
rawfile,ui/uieditor/menus/hud/t7hud_zm.lua
rawfile,ui/uieditor/menus/hud/t7hud_zm_castle.lua
rawfile,ui/uieditor/menus/hud/t7hud_zm_dlc5.lua
rawfile,ui/uieditor/menus/hud/t7hud_zm_factory.lua
rawfile,ui/uieditor/menus/hud/t7hud_zm_genesis.lua
rawfile,ui/uieditor/menus/hud/t7hud_zm_island.lua
rawfile,ui/uieditor/menus/hud/t7hud_zm_stalingrad.lua
rawfile,ui/uieditor/menus/hud/t7hud_zm_tomb.lua
rawfile,ui/uieditor/menus/zmlevels/tomb/jumpscare-tomb.lua
rawfile,ui/uieditor/menus/zmlevels/zod/jumpscare.lua
rawfile,ui/uieditor/widgets/blackmarket/doubleloot.lua
rawfile,ui/uieditor/widgets/bubblegumbuffs/bubblegumbuff.lua
rawfile,ui/uieditor/widgets/bubblegumbuffs/bubblegumbuffingame.lua
rawfile,ui/uieditor/widgets/bubblegumbuffs/bubblegumpack.lua
rawfile,ui/uieditor/widgets/bubblegumbuffs/bubblegumpackingame.lua
rawfile,ui/uieditor/widgets/cac/griditembgbglow.lua
rawfile,ui/uieditor/widgets/chat/chatclientchatentry.lua
rawfile,ui/uieditor/widgets/chat/chatclientchatentrycontainernew.lua
rawfile,ui/uieditor/widgets/chat/chatclientinputtextbox.lua
rawfile,ui/uieditor/widgets/chat/ingame/ingamechatclient.lua
rawfile,ui/uieditor/widgets/chat/ingame/ingamechatclientcontainer.lua
rawfile,ui/uieditor/widgets/cplevels/ramsesstation/woundedsoldiers/woundedsoldier_panel.lua
rawfile,ui/uieditor/widgets/dynamiccontainerwidget.lua
rawfile,ui/uieditor/widgets/hud/centerconsole/centerconsole.lua
rawfile,ui/uieditor/widgets/hud/centerconsole/centerconsoleentry.lua
rawfile,ui/uieditor/widgets/hud/centerconsole/centerconsoleentrycontainer.lua
rawfile,ui/uieditor/widgets/hud/centerconsole/centerconsoleicon.lua
rawfile,ui/uieditor/widgets/hud/centerconsole/centerconsoletext.lua
rawfile,ui/uieditor/widgets/hud/core_ammowidget/ammowidget_backcircle.lua
rawfile,ui/uieditor/widgets/hud/core_ammowidget/ammowidget_backline.lua
rawfile,ui/uieditor/widgets/hud/core_ammowidget/ammowidgetmp_equipglow.lua
rawfile,ui/uieditor/widgets/hud/cp_damagewidget/damagewidget_dot.lua
rawfile,ui/uieditor/widgets/hud/deadspectate/deadspectate.lua
rawfile,ui/uieditor/widgets/hud/deadspectate/deadspectate_internal.lua
rawfile,ui/uieditor/widgets/hud/deadspectate/deadspectate_spectatingbar.lua
rawfile,ui/uieditor/widgets/hud/deadspectate/deadspectate_spectatingbarpc.lua
rawfile,ui/uieditor/widgets/hud/deadspectate/deadspectate_spectatingmode.lua
rawfile,ui/uieditor/widgets/hud/deadspectate/deadspectate_spectatingmodebuttonprompt.lua
rawfile,ui/uieditor/widgets/hud/prematchcountdown/prematchcountdown_2xpbadge.lua
rawfile,ui/uieditor/widgets/hud/prematchcountdown/prematchcountdown_2xpweaponbadge.lua
rawfile,ui/uieditor/widgets/hud/prematchcountdown/prematchcountdown_2xpweaponlabel.lua
rawfile,ui/uieditor/widgets/hud/prematchcountdown/prematchcountdown_beginsin.lua
rawfile,ui/uieditor/widgets/hud/prematchcountdown/prematchcountdown_firstgumfree.lua
rawfile,ui/uieditor/widgets/hud/prematchcountdown/prematchcountdown_numbers.lua
rawfile,ui/uieditor/widgets/hud/prematchcountdown/prematchcountdown_numbersinternal.lua
rawfile,ui/uieditor/widgets/hud/prematchcountdown/prematchcountdown_title.lua
rawfile,ui/uieditor/widgets/hud/scoreinfo/scoreinfo_panelcircleinternal.lua
rawfile,ui/uieditor/widgets/hud/trainingsim/cptrainingsimprogresswidget.lua
rawfile,ui/uieditor/widgets/hud/waypoint/genericwaypointcontainer.lua
rawfile,ui/uieditor/widgets/hud/waypoint/zmtombcapturezonewaypoint.lua
rawfile,ui/uieditor/widgets/hud/waypoint/zmtombcapturezonewaypointcontainer.lua
rawfile,ui/uieditor/widgets/hud/zm_ammowidget/zmammo.lua
rawfile,ui/uieditor/widgets/hud/zm_ammowidget/zmammo_attachmentinfo.lua
rawfile,ui/uieditor/widgets/hud/zm_ammowidget/zmammo_bbgummeterwidget.lua
rawfile,ui/uieditor/widgets/hud/zm_ammowidget/zmammo_clip.lua
rawfile,ui/uieditor/widgets/hud/zm_ammowidget/zmammo_clipinfo.lua
rawfile,ui/uieditor/widgets/hud/zm_ammowidget/zmammo_clippress.lua
rawfile,ui/uieditor/widgets/hud/zm_ammowidget/zmammo_dpadammonumbers.lua
rawfile,ui/uieditor/widgets/hud/zm_ammowidget/zmammo_dpadiconbgm.lua
rawfile,ui/uieditor/widgets/hud/zm_ammowidget/zmammo_dpadiconshield.lua
rawfile,ui/uieditor/widgets/hud/zm_ammowidget/zmammo_dpadiconside.lua
rawfile,ui/uieditor/widgets/hud/zm_ammowidget/zmammo_dpadiconsword.lua
rawfile,ui/uieditor/widgets/hud/zm_ammowidget/zmammo_dpadmetersword.lua
rawfile,ui/uieditor/widgets/hud/zm_ammowidget/zmammo_equipcontainer.lua
rawfile,ui/uieditor/widgets/hud/zm_ammowidget/zmammo_equipempty.lua
rawfile,ui/uieditor/widgets/hud/zm_ammowidget/zmammo_equiptac.lua
rawfile,ui/uieditor/widgets/hud/zm_ammowidget/zmammo_playerlivesindicator.lua
rawfile,ui/uieditor/widgets/hud/zm_ammowidget/zmammo_prop.lua
rawfile,ui/uieditor/widgets/hud/zm_ammowidget/zmammo_propsparks.lua
rawfile,ui/uieditor/widgets/hud/zm_ammowidget/zmammo_sword.lua
rawfile,ui/uieditor/widgets/hud/zm_ammowidget/zmammo_swordelectric.lua
rawfile,ui/uieditor/widgets/hud/zm_ammowidget/zmammo_textattachmentinfo.lua
rawfile,ui/uieditor/widgets/hud/zm_ammowidget/zmammo_textattachmentinfofire.lua
rawfile,ui/uieditor/widgets/hud/zm_ammowidget/zmammo_total.lua
rawfile,ui/uieditor/widgets/hud/zm_ammowidget/zmammocontainer.lua
rawfile,ui/uieditor/widgets/hud/zm_ammowidgetfactory/zmammo_clipfactory.lua
rawfile,ui/uieditor/widgets/hud/zm_ammowidgetfactory/zmammo_clipinfofactory.lua
rawfile,ui/uieditor/widgets/hud/zm_ammowidgetfactory/zmammo_dpadammonumbersfactory.lua
rawfile,ui/uieditor/widgets/hud/zm_ammowidgetfactory/zmammo_dpadiconbgmfactory.lua
rawfile,ui/uieditor/widgets/hud/zm_ammowidgetfactory/zmammo_dpadiconbottomfactory.lua
rawfile,ui/uieditor/widgets/hud/zm_ammowidgetfactory/zmammo_dpadiconleftfactory.lua
rawfile,ui/uieditor/widgets/hud/zm_ammowidgetfactory/zmammo_dpadiconminefactory.lua
rawfile,ui/uieditor/widgets/hud/zm_ammowidgetfactory/zmammo_dpadleftammodigitsfactory.lua
rawfile,ui/uieditor/widgets/hud/zm_ammowidgetfactory/zmammo_dpadleftammonumberwidgetfactory.lua
rawfile,ui/uieditor/widgets/hud/zm_ammowidgetfactory/zmammo_dpadmeterpistolfactory.lua
rawfile,ui/uieditor/widgets/hud/zm_ammowidgetfactory/zmammo_equipcontainerfactory.lua
rawfile,ui/uieditor/widgets/hud/zm_ammowidgetfactory/zmammo_equiptacfactory.lua
rawfile,ui/uieditor/widgets/hud/zm_ammowidgetfactory/zmammo_flickerloopfactory.lua
rawfile,ui/uieditor/widgets/hud/zm_ammowidgetfactory/zmammo_glowloopfactory.lua
rawfile,ui/uieditor/widgets/hud/zm_ammowidgetfactory/zmammo_hologramsmallfactory.lua
rawfile,ui/uieditor/widgets/hud/zm_ammowidgetfactory/zmammo_particlefx.lua
rawfile,ui/uieditor/widgets/hud/zm_ammowidgetfactory/zmammo_propfactory.lua
rawfile,ui/uieditor/widgets/hud/zm_ammowidgetfactory/zmammo_totalfactory.lua
rawfile,ui/uieditor/widgets/hud/zm_ammowidgetfactory/zmammocontainerfactory.lua
rawfile,ui/uieditor/widgets/hud/zm_ammowidgetfactory/zmammofactory.lua
rawfile,ui/uieditor/widgets/hud/zm_ammowidgetfactory/zmammofactory_attachmentinfo.lua
rawfile,ui/uieditor/widgets/hud/zm_ammowidgetstalingrad/zmammo_dpadiconshieldiconstalingrad.lua
rawfile,ui/uieditor/widgets/hud/zm_ammowidgetstalingrad/zmammo_dpadiconshieldstalingrad.lua
rawfile,ui/uieditor/widgets/hud/zm_cursorhint/zmcursorhint.lua
rawfile,ui/uieditor/widgets/hud/zm_fx/zmfx_spark2blue.lua
rawfile,ui/uieditor/widgets/hud/zm_inventory/castleelementalarrownotificationwidgets.lua
rawfile,ui/uieditor/widgets/hud/zm_inventory/sidequesticon.lua
rawfile,ui/uieditor/widgets/hud/zm_inventory/sidequesticoncontainer.lua
rawfile,ui/uieditor/widgets/hud/zm_notif/zmnotif1_bckscl.lua
rawfile,ui/uieditor/widgets/hud/zm_notiffactory/zmnotif1factory.lua
rawfile,ui/uieditor/widgets/hud/zm_notiffactory/zmnotifbgb_containerfactory.lua
rawfile,ui/uieditor/widgets/hud/zm_panels/zmpanel_ammoext.lua
rawfile,ui/uieditor/widgets/hud/zm_panels/zmpanel_ammoint.lua
rawfile,ui/uieditor/widgets/hud/zm_panels/zmpanel_rndext.lua
rawfile,ui/uieditor/widgets/hud/zm_panels/zmpanel_rndint.lua
rawfile,ui/uieditor/widgets/hud/zm_perks/perklistitem.lua
rawfile,ui/uieditor/widgets/hud/zm_perks/perklistitemfactory.lua
rawfile,ui/uieditor/widgets/hud/zm_perks/zmperkscontainer.lua
rawfile,ui/uieditor/widgets/hud/zm_perks/zmperkscontainerfactory.lua
rawfile,ui/uieditor/widgets/hud/zm_prematchcountdown/zm_prematchcountdown.lua
rawfile,ui/uieditor/widgets/hud/zm_roundwidget/zmrnd.lua
rawfile,ui/uieditor/widgets/hud/zm_roundwidget/zmrndcontainer.lua
rawfile,ui/uieditor/widgets/hud/zm_timebar/zm_beastmodetimebarwidget.lua
rawfile,ui/uieditor/widgets/inventorywidgetgenesis.lua
rawfile,ui/uieditor/widgets/mphudwidgets/cursorhint_image.lua
rawfile,ui/uieditor/widgets/mphudwidgets/scorepopup/mpscr.lua
rawfile,ui/uieditor/widgets/mphudwidgets/scorepopup/mpscrfeeditem.lua
rawfile,ui/uieditor/widgets/mphudwidgets/waypoint.lua
rawfile,ui/uieditor/widgets/mphudwidgets/waypointbase.lua
rawfile,ui/uieditor/widgets/mphudwidgets/waypointcenter.lua
rawfile,ui/uieditor/widgets/mphudwidgets/waypointdistanceindicatorcontainer.lua
rawfile,ui/uieditor/widgets/mphudwidgets/waypointwidgetcontainer.lua
rawfile,ui/uieditor/widgets/notifications/medals/notification_medals.lua
rawfile,ui/uieditor/widgets/notifications/notification.lua
rawfile,ui/uieditor/widgets/notifications/notificationqueue.lua
rawfile,ui/uieditor/widgets/notifications/notificationqueuewidgets/notificationrewardqueue.lua
rawfile,ui/uieditor/widgets/notifications/perks/notification_perks.lua
rawfile,ui/uieditor/widgets/notifications/perks/notificationperkscontainer.lua
rawfile,ui/uieditor/widgets/notifications/perks/perkinfo.lua
rawfile,ui/uieditor/widgets/reticles/launchermulti/launchermultireticle.lua
rawfile,ui/uieditor/widgets/reticles/launchermulti/launchermultireticle_ui3d.lua
rawfile,ui/uieditor/widgets/reticles/launchermulti/launchermultireticle_ui3d_internal.lua
rawfile,ui/uieditor/widgets/scoreboard/cp/scoreboardheaderwidgetcp.lua
rawfile,ui/uieditor/widgets/scoreboard/cp/scoreboardwidgetcp.lua
rawfile,ui/uieditor/widgets/scoreboard/scoreboardfactionscoreslist.lua
rawfile,ui/uieditor/widgets/scoreboard/scoreboardpingbackground.lua
rawfile,ui/uieditor/widgets/scoreboard/scoreboardpingheader.lua
rawfile,ui/uieditor/widgets/scoreboard/scoreboardrowwidget.lua
rawfile,ui/uieditor/widgets/scoreboard/scoreboardwidgetbuttoncontainer.lua
rawfile,ui/uieditor/widgets/trialwidget_genesis.lua
rawfile,ui/uieditor/widgets/zm_inventoryfactory/inventorywidgetfactory.lua
rawfile,ui/uieditor/widgets/zm_inventoryfactory/sidequesticoninventorywidget.lua
rawfile,ui/uieditor/widgets/zm_inventoryfactory/sidequesticonnotificationwidget.lua
rawfile,ui/uieditor/widgets/zmchallengesisland/trialwidget.lua
rawfile,ui/uieditor/widgets/zminventory/elementalarrows/elementalarrowitem.lua
rawfile,ui/uieditor/widgets/zminventory/fusebox/fuseboxwidget.lua
rawfile,ui/uieditor/widgets/zminventory/fusebox/fusetitle.lua
rawfile,ui/uieditor/widgets/zminventory/fusebox/fusewidget.lua
rawfile,ui/uieditor/widgets/zminventory/idgunblueprint/idgunblueprintpiecewidget.lua
rawfile,ui/uieditor/widgets/zminventory/idgunblueprint/idgunblueprinttitle.lua
rawfile,ui/uieditor/widgets/zminventory/idgunblueprint/idgunblueprintwidget.lua
rawfile,ui/uieditor/widgets/zminventory/inventorywidget.lua
rawfile,ui/uieditor/widgets/zminventory/questegg/questegginternal.lua
rawfile,ui/uieditor/widgets/zminventory/questegg/questeggwidget.lua
rawfile,ui/uieditor/widgets/zminventory/ritual/ritualitem.lua
rawfile,ui/uieditor/widgets/zminventory/ritual/ritualiteminusebyotherplayer.lua
rawfile,ui/uieditor/widgets/zminventory/ritual/ritualitemtitle.lua
rawfile,ui/uieditor/widgets/zminventory/ritual/ritualwidget.lua
rawfile,ui/uieditor/widgets/zminventory/rocketshieldblueprint/rocketshieldblueprintwidget.lua
rawfile,ui/uieditor/widgets/zminventory/rocketshieldblueprint/rocketshieldpiecewidget.lua
rawfile,ui/uieditor/widgets/zminventory/rocketshieldblueprint/rocketshieldtitle.lua
rawfile,ui/uieditor/widgets/zminventory/specialcontrols.lua
rawfile,ui/uieditor/widgets/zminventory/sprayer/sprayerwidget.lua
rawfile,ui/uieditor/widgets/zminventory/sprayer/sprayerwidgettitle.lua
rawfile,ui/uieditor/widgets/zminventory/summoningkey/summoningkeyitem.lua
rawfile,ui/uieditor/widgets/zminventory/summoningkey/summoningkeywidget.lua
rawfile,ui/uieditor/widgets/zminventorycastle/elementalarrowswidget.lua
rawfile,ui/uieditor/widgets/zminventorycastle/fuseboxwidget_castle.lua
rawfile,ui/uieditor/widgets/zminventorycastle/fusewidget_castle.lua
rawfile,ui/uieditor/widgets/zminventorycastle/ragnarokblueprintwidget_castle.lua
rawfile,ui/uieditor/widgets/zminventorycastle/ragnarokpiecewidget.lua
rawfile,ui/uieditor/widgets/zminventorycastle/rocketshieldblueprintwidget_castle.lua
rawfile,ui/uieditor/widgets/zminventorygenesis/apothicongatewormscoreboardbackground_genesis.lua
rawfile,ui/uieditor/widgets/zminventorygenesis/apothicongatewormwidget_genesis.lua
rawfile,ui/uieditor/widgets/zminventorygenesis/inventorytextbox_genesis.lua
rawfile,ui/uieditor/widgets/zminventorygenesis/keeperprotectorwidgets_genesis.lua
rawfile,ui/uieditor/widgets/zminventorygenesis/rocketshieldwidget_genesis.lua
rawfile,ui/uieditor/widgets/zminventorygenesis/runesofcreationwidget_genesis.lua
rawfile,ui/uieditor/widgets/zminventorygenesis/wearableperkscontainer_genesis.lua
rawfile,ui/uieditor/widgets/zminventoryisland/bucketandseedwidget.lua
rawfile,ui/uieditor/widgets/zminventoryisland/bucketwidget.lua
rawfile,ui/uieditor/widgets/zminventoryisland/bucketwidgetbucket.lua
rawfile,ui/uieditor/widgets/zminventoryisland/bucketwidgetwaterlevelwidget.lua
rawfile,ui/uieditor/widgets/zminventoryisland/gasmaskblueprintwidget_island.lua
rawfile,ui/uieditor/widgets/zminventoryisland/gasmaskpiecewidget.lua
rawfile,ui/uieditor/widgets/zminventoryisland/gasmaskstatus.lua
rawfile,ui/uieditor/widgets/zminventoryisland/inventorywidgetisland.lua
rawfile,ui/uieditor/widgets/zminventoryisland/islandskullwidget.lua
rawfile,ui/uieditor/widgets/zminventoryisland/islandskullwidgetskull.lua
rawfile,ui/uieditor/widgets/zminventoryisland/machinetoolsblueprintwidget_island.lua
rawfile,ui/uieditor/widgets/zminventoryisland/machinetoolspiecewidget.lua
rawfile,ui/uieditor/widgets/zminventoryisland/rocketshieldblueprintwidget_island.lua
rawfile,ui/uieditor/widgets/zminventoryisland/seedpiecewidget.lua
rawfile,ui/uieditor/widgets/zminventoryisland/seedwidget.lua
rawfile,ui/uieditor/widgets/zminventoryisland/wonderweaponblueprintwidget_island.lua
rawfile,ui/uieditor/widgets/zminventoryisland/wonderweaponpiecewidget.lua
rawfile,ui/uieditor/widgets/zminventorystalingrad/challengescompletedwidgetstalingrad.lua
rawfile,ui/uieditor/widgets/zminventorystalingrad/challengestatewidget.lua
rawfile,ui/uieditor/widgets/zminventorystalingrad/dragoncollarcontrollerwidgets_stalingrad.lua
rawfile,ui/uieditor/widgets/zminventorystalingrad/dragoneggpiecewidget.lua
rawfile,ui/uieditor/widgets/zminventorystalingrad/dragoneggwidget.lua
rawfile,ui/uieditor/widgets/zminventorystalingrad/dragonshieldwidgets_stalingrad.lua
rawfile,ui/uieditor/widgets/zminventorystalingrad/dragonstrikewidgets_stalingrad.lua
rawfile,ui/uieditor/widgets/zminventorystalingrad/gametimegroup.lua
rawfile,ui/uieditor/widgets/zminventorystalingrad/gametimewidget.lua
rawfile,ui/uieditor/widgets/zminventorystalingrad/inventorywidgetstalingrad.lua
rawfile,ui/uieditor/widgets/zminventorystalingrad/podcontrolpiecewidget.lua
rawfile,ui/uieditor/widgets/zminventorystalingrad/podcontrolwidget.lua
rawfile,ui/uieditor/widgets/zminventorystalingrad/timerlist_stalingrad.lua
rawfile,ui/uieditor/widgets/zminventorystalingrad/wearablebenefitswidget.lua
rawfile,ui/uieditor/widgets/zminventorystalingrad/zmnotif1_notification_cursorhint.lua
rawfile,ui/uieditor/widgets/zminventorytomb/capturegeneratorwedgewidget.lua
rawfile,ui/uieditor/widgets/zminventorytomb/capturegeneratorwheelwidget_tomb.lua
rawfile,ui/uieditor/widgets/zminventorytomb/capturezonenumbercontainer.lua
rawfile,ui/uieditor/widgets/zminventorytomb/challengescompletedwidgettomb.lua
rawfile,ui/uieditor/widgets/zminventorytomb/elementalstaffcontainer.lua
rawfile,ui/uieditor/widgets/zminventorytomb/elementalstaffitem.lua
rawfile,ui/uieditor/widgets/zminventorytomb/elementalstaffswidget.lua
rawfile,ui/uieditor/widgets/zminventorytomb/inventorywidgettomb.lua
rawfile,ui/uieditor/widgets/zminventorytomb/maxisdroneblueprintwidget_tomb.lua
rawfile,ui/uieditor/widgets/zminventorytomb/musicalpartswidget_tomb.lua
rawfile,ui/uieditor/widgets/zminventorytomb/rocketshieldwidget_tomb.lua
rawfile,vision/zm_bgb_candy_bluez.vision
rawfile,vision/zm_bgb_candy_greenz.vision
rawfile,vision/zm_bgb_candy_purplez.vision
rawfile,vision/zm_bgb_candy_yellowz.vision
rawfile,vision/zm_bgb_in_plain_sight.vision
rawfile,vision/zm_bgb_now_you_see_me.vision
rawfile,vision/zombie.vision
rawfile,vision/zombie_death.vision
rawfile,vision/zombie_last_stand.vision
rawfile,vision/zombie_noire.vision
rawfile,vision/zombie_turned.vision
stringtable,gamedata/tables/sp/badwords.csv
stringtable,gamedata/tables/zm/zm_genesis_time_attacks.csv
stringtable,gamedata/tables/zm/zm_stalingrad_time_attacks.csv
leaderboarddef,leaderboards/zm/global/lb_zm_gb_bullets_fired_at.lb
leaderboarddef,leaderboards/zm/global/lb_zm_gb_bullets_hit_at.lb
leaderboarddef,leaderboards/zm/global/lb_zm_gb_distance_traveled_at.lb
leaderboarddef,leaderboards/zm/global/lb_zm_gb_doors_purchased_at.lb
leaderboarddef,leaderboards/zm/global/lb_zm_gb_grenade_kills_at.lb
leaderboarddef,leaderboards/zm/global/lb_zm_gb_headshots_at.lb
leaderboarddef,leaderboards/zm/global/lb_zm_gb_kills_at.lb
leaderboarddef,leaderboards/zm/global/lb_zm_gb_perks_drank_at.lb
leaderboarddef,leaderboards/zm/global/lb_zm_gb_revives_at.lb
leaderboarddef,leaderboards/zm/map/lb_zm_map_asylum_1player.lb
leaderboarddef,leaderboards/zm/map/lb_zm_map_asylum_2player.lb
leaderboarddef,leaderboards/zm/map/lb_zm_map_asylum_3player.lb
leaderboarddef,leaderboards/zm/map/lb_zm_map_asylum_4player.lb
leaderboarddef,leaderboards/zm/map/lb_zm_map_castle_1player.lb
leaderboarddef,leaderboards/zm/map/lb_zm_map_castle_2player.lb
leaderboarddef,leaderboards/zm/map/lb_zm_map_castle_3player.lb
leaderboarddef,leaderboards/zm/map/lb_zm_map_castle_4player.lb
leaderboarddef,leaderboards/zm/map/lb_zm_map_cosmodrome_1player.lb
leaderboarddef,leaderboards/zm/map/lb_zm_map_cosmodrome_2player.lb
leaderboarddef,leaderboards/zm/map/lb_zm_map_cosmodrome_3player.lb
leaderboarddef,leaderboards/zm/map/lb_zm_map_cosmodrome_4player.lb
leaderboarddef,leaderboards/zm/map/lb_zm_map_factory_1player.lb
leaderboarddef,leaderboards/zm/map/lb_zm_map_factory_2player.lb
leaderboarddef,leaderboards/zm/map/lb_zm_map_factory_3player.lb
leaderboarddef,leaderboards/zm/map/lb_zm_map_factory_4player.lb
leaderboarddef,leaderboards/zm/map/lb_zm_map_genesis_1player.lb
leaderboarddef,leaderboards/zm/map/lb_zm_map_genesis_2player.lb
leaderboarddef,leaderboards/zm/map/lb_zm_map_genesis_3player.lb
leaderboarddef,leaderboards/zm/map/lb_zm_map_genesis_4player.lb
leaderboarddef,leaderboards/zm/map/lb_zm_map_island_1player.lb
leaderboarddef,leaderboards/zm/map/lb_zm_map_island_2player.lb
leaderboarddef,leaderboards/zm/map/lb_zm_map_island_3player.lb
leaderboarddef,leaderboards/zm/map/lb_zm_map_island_4player.lb
leaderboarddef,leaderboards/zm/map/lb_zm_map_moon_1player.lb
leaderboarddef,leaderboards/zm/map/lb_zm_map_moon_2player.lb
leaderboarddef,leaderboards/zm/map/lb_zm_map_moon_3player.lb
leaderboarddef,leaderboards/zm/map/lb_zm_map_moon_4player.lb
leaderboarddef,leaderboards/zm/map/lb_zm_map_prototype_1player.lb
leaderboarddef,leaderboards/zm/map/lb_zm_map_prototype_2player.lb
leaderboarddef,leaderboards/zm/map/lb_zm_map_prototype_3player.lb
leaderboarddef,leaderboards/zm/map/lb_zm_map_prototype_4player.lb
leaderboarddef,leaderboards/zm/map/lb_zm_map_stalingrad_1player.lb
leaderboarddef,leaderboards/zm/map/lb_zm_map_stalingrad_2player.lb
leaderboarddef,leaderboards/zm/map/lb_zm_map_stalingrad_3player.lb
leaderboarddef,leaderboards/zm/map/lb_zm_map_stalingrad_4player.lb
leaderboarddef,leaderboards/zm/map/lb_zm_map_sumpf_1player.lb
leaderboarddef,leaderboards/zm/map/lb_zm_map_sumpf_2player.lb
leaderboarddef,leaderboards/zm/map/lb_zm_map_sumpf_3player.lb
leaderboarddef,leaderboards/zm/map/lb_zm_map_sumpf_4player.lb
leaderboarddef,leaderboards/zm/map/lb_zm_map_temple_1player.lb
leaderboarddef,leaderboards/zm/map/lb_zm_map_temple_2player.lb
leaderboarddef,leaderboards/zm/map/lb_zm_map_temple_3player.lb
leaderboarddef,leaderboards/zm/map/lb_zm_map_temple_4player.lb
leaderboarddef,leaderboards/zm/map/lb_zm_map_theater_1player.lb
leaderboarddef,leaderboards/zm/map/lb_zm_map_theater_2player.lb
leaderboarddef,leaderboards/zm/map/lb_zm_map_theater_3player.lb
leaderboarddef,leaderboards/zm/map/lb_zm_map_theater_4player.lb
leaderboarddef,leaderboards/zm/map/lb_zm_map_tomb_1player.lb
leaderboarddef,leaderboards/zm/map/lb_zm_map_tomb_2player.lb
leaderboarddef,leaderboards/zm/map/lb_zm_map_tomb_3player.lb
leaderboarddef,leaderboards/zm/map/lb_zm_map_tomb_4player.lb
leaderboarddef,leaderboards/zm/map/lb_zm_map_zod_1player.lb
leaderboarddef,leaderboards/zm/map/lb_zm_map_zod_2player.lb
leaderboarddef,leaderboards/zm/map/lb_zm_map_zod_3player.lb
leaderboarddef,leaderboards/zm/map/lb_zm_map_zod_4player.lb
leaderboarddef,leaderboards/zm/mr/global/lb_zm_gb_gamestats_mr.lb
leaderboarddef,leaderboards/zm/mr/global/lb_zm_gb_killstats_mr.lb
keyvaluepairs,zm_common
surfacefxtable,physicsfxtable
scriptbundle,pstfx_zm_bgb_eye_candy_blue
scriptbundle,pstfx_zm_bgb_eye_candy_green
scriptbundle,pstfx_zm_bgb_eye_candy_purple
scriptbundle,pstfx_zm_bgb_eye_candy_yellow
scriptbundle,pstfx_zm_bgb_in_plain_sight
scriptbundle,pstfx_zm_bgb_now_you_see_me
scriptbundle,pstfx_zm_screen_warp
bulletpenetration,bullet_penetration_zm
locdmgtable,zm_lochit_dmgtable
lightdescription,gfx_dlight_elec_flash_orange1307478450
lightdescription,gfx_dlight_gen_omni-1587579745
lightdescription,gfx_dlight_gen_omni-1731038723
lightdescription,gfx_dlight_gen_omni-739687374
lightdescription,gfx_dlight_gen_omni1701855173
lightdescription,gfx_dlight_gen_omni_r1001009712108
lightdescription,gfx_dlight_gen_omni_r200-1462050479
lightdescription,gfx_dlight_gen_omni_r200-1492218421
lightdescription,gfx_dlight_gen_omni_r200-99805273
lightdescription,new-1335094530
lightdescription,new-1355678887
lightdescription,new-173919723
lightdescription,new-1803058854
lightdescription,new-1871641698
lightdescription,new-1881667688
lightdescription,new-1974724983
lightdescription,new-2002274962
lightdescription,new-350800093
lightdescription,new-381497647
lightdescription,new-914396142
lightdescription,new107666005
lightdescription,new1118873298
lightdescription,new1170709143
lightdescription,new1265109111
lightdescription,new1361485994
lightdescription,new1363752051
lightdescription,new1371638325
lightdescription,new1669252034
lightdescription,new1810205986
lightdescription,new1861378717
lightdescription,new293474240
lightdescription,new294651894
lightdescription,new338098829
lightdescription,new590155832
lightdescription,new651018613
shellshock,explosion
shellshock,grief_stab_zm
shellshock,pain_zm
shellshock,zombie_death
texturecombo,zm_common
bitfield,actorentitystatefields_zm
bitfield,demoplayerstatefields_zm
bitfield,entitystatefields_zm
bitfield,evententitystatefields_zm
bitfield,missileentitystatefields_zm
bitfield,playerentitystatefields_zm
bitfield,playerstatefields_zm
bitfield,scriptmoverstatefields_zm
bitfield,vehicleentitystatefields_zm
bitfield,zbarrierfields_zm
