material,ei/gfx_debris_clump_em|dup
image,menu_camo_nightmare
image,menu_camo_zmb_lucid_emissive
image,t7_hud_zm_vial_256
image,uie_img_t7_menu_startmenu_option_lines_durango_zm
image,uie_img_t7_menu_startmenu_option_lines_orbis_zm
image,uie_t7_blackmarket_crate_ember
image,uie_t7_hud_blackcell_teamlockline
image,uie_t7_hud_launcher_mainreticle
image,uie_t7_hud_launcher_mainreticlebacking
image,uie_t7_hud_mp_notifications_2xp
image,uie_t7_hud_mp_notifications_2xp_weapon
image,uie_t7_hud_notif_camo_center_fill
image,uie_t7_hud_notif_camo_center_fill_stretch
image,uie_t7_hud_notif_camo_center_shadow
image,uie_t7_hud_notif_camo_corner_fill
image,uie_t7_hud_notif_camo_corner_fill_wide
image,uie_t7_hud_notif_camo_corner_stroke
image,uie_t7_hud_notif_camo_edge_fill
image,uie_t7_hud_notif_challenge_center_backing
image,uie_t7_hud_notif_challenge_center_shadow
image,uie_t7_hud_notif_challenge_frame_fill
image,uie_t7_hud_notif_challenge_frame_notches
image,uie_t7_hud_notif_challenge_frame_stroke
image,uie_t7_hud_notif_global_desc_backing
image,uie_t7_hud_notif_global_titlebacking_center
image,uie_t7_hud_notif_global_titlebacking_left
image,uie_t7_hud_notif_global_titlebacking_line
image,uie_t7_hud_notif_global_titlebacking_right
image,uie_t7_hud_notif_global_top_tier_effect
image,uie_t7_hud_notif_reticle_center_backing
image,uie_t7_hud_notif_reticle_center_shadow
image,uie_t7_hud_notif_reticle_frame_fill
image,uie_t7_hud_notif_reticle_frame_glow
image,uie_t7_hud_notif_reticle_frame_notch
image,uie_t7_hud_notif_reticle_frame_notch_glow
image,uie_t7_hud_notif_reticle_frame_stroke
image,uie_t7_hud_notif_specialist_center_fill
image,uie_t7_hud_notif_specialist_center_shadow
image,uie_t7_hud_notif_specialist_notch_panels
image,uie_t7_hud_notif_specialist_side_fill
image,uie_t7_hud_notif_specialist_side_stroke
image,uie_t7_hud_rocketlauncher_targetreticle
image,uie_t7_hud_rocketlauncher_timer
image,uie_t7_hud_theater_bottomframe
image,uie_t7_hud_theater_topframe
image,uie_t7_hud_waypoints_neutral_new_a
image,uie_t7_icon_error_overlays
image,uie_t7_icon_novariant_bkg_overlays
image,uie_t7_icon_zm_double_vial_backer
image,uie_t7_icons_theater_film
image,uie_t7_magnifier_1x
image,uie_t7_magnifier_1x_ring
image,uie_t7_magnifier_3x
image,uie_t7_magnifier_outterreticle_big
image,uie_t7_magnifier_ring
image,uie_t7_magnifier_zoomin_bars
image,uie_t7_magnifier_zoomout_bar
image,uie_t7_menu_cp_datavault_bookmark_center
image,uie_t7_menu_frontend_pixel
image,uie_t7_menu_frontend_zm_gg_backer
image,uie_t7_menu_gunsmith_arrow_white
image,uie_t7_zm_derriese_hud_ammo_icon_gun
image,uie_t7_zm_derriese_hud_ammo_icon_gun_ready
image,uie_t7_zm_derriese_hud_ammo_icon_gun_readyflash
image,uie_t7_zm_derriese_hud_notification_anim
sound,zm_patch
fx,zombie/fx_aat_turned_spore_torso_zmb
rawfile,ui/uieditor/menus/afteractionreportmenu.lua
rawfile,ui/uieditor/menus/demo/choosemodesidebar.lua
rawfile,ui/uieditor/menus/demo/demofileshareupload.lua
rawfile,ui/uieditor/menus/demo/demooptionssidebar.lua
rawfile,ui/uieditor/menus/demo/lightmancolorpicker.lua
rawfile,ui/uieditor/menus/demo/managesegments.lua
rawfile,ui/uieditor/menus/demo/switchcamerawheel.lua
rawfile,ui/uieditor/menus/demo/timelineeditor.lua
rawfile,ui/uieditor/menus/demo/timelineeditorfilmoptions.lua
rawfile,ui/uieditor/menus/fullblack.lua
rawfile,ui/uieditor/menus/genericpopups/largepopup.lua
rawfile,ui/uieditor/menus/genericpopups/mediumpopup.lua
rawfile,ui/uieditor/menus/genericpopups/waitdialog.lua
rawfile,ui/uieditor/menus/hud/equipment/empgrenade/emprebootindicator.lua
rawfile,ui/uieditor/menus/hud/hudelementimage.lua
rawfile,ui/uieditor/menus/hud/hudelementtext.lua
rawfile,ui/uieditor/menus/hud/hudelementtimer.lua
rawfile,ui/uieditor/menus/hud/raid_upgrades.lua
rawfile,ui/uieditor/menus/hud/sidemissions/gametype_raid.lua
rawfile,ui/uieditor/menus/hud/zm_patch_require.lua
rawfile,ui/uieditor/menus/ingame/confirmquitgame.lua
rawfile,ui/uieditor/menus/ingame/confirmrestartcheckpoint.lua
rawfile,ui/uieditor/menus/ingame/confirmrestartmission.lua
rawfile,ui/uieditor/menus/ingame/fullscreenmovie.lua
rawfile,ui/uieditor/menus/initialblack.lua
rawfile,ui/uieditor/menus/loadingsidemission.lua
rawfile,ui/uieditor/menus/overlaysystem/systemoverlay_democustomizehighlightreel.lua
rawfile,ui/uieditor/menus/raids/raidspurchasesmenu.lua
rawfile,ui/uieditor/menus/rewards.lua
rawfile,ui/uieditor/menus/scriptdebugmenu.lua
rawfile,ui/uieditor/menus/test/modaldialog_test.lua
rawfile,ui/uieditor/widgets/aar/xpbarframe.lua
rawfile,ui/uieditor/widgets/abilitywheel/abilitybuttonnew.lua
rawfile,ui/uieditor/widgets/abilitywheel/abilitywheel_bracket.lua
rawfile,ui/uieditor/widgets/abilitywheel/abilitywheel_bracketblur.lua
rawfile,ui/uieditor/widgets/abilitywheel/abilitywheel_centerelements.lua
rawfile,ui/uieditor/widgets/abilitywheel/abilitywheel_centerhex.lua
rawfile,ui/uieditor/widgets/abilitywheel/abilitywheel_description.lua
rawfile,ui/uieditor/widgets/abilitywheel/abilitywheel_descriptionbottom.lua
rawfile,ui/uieditor/widgets/abilitywheel/abilitywheel_descriptiontext.lua
rawfile,ui/uieditor/widgets/abilitywheel/abilitywheel_dni.lua
rawfile,ui/uieditor/widgets/abilitywheel/abilitywheel_dnicontainer.lua
rawfile,ui/uieditor/widgets/abilitywheel/abilitywheel_elementsside.lua
rawfile,ui/uieditor/widgets/abilitywheel/abilitywheel_icon.lua
rawfile,ui/uieditor/widgets/abilitywheel/abilitywheel_iconhex.lua
rawfile,ui/uieditor/widgets/abilitywheel/abilitywheel_iconsections2.lua
rawfile,ui/uieditor/widgets/abilitywheel/abilitywheel_multiply.lua
rawfile,ui/uieditor/widgets/abilitywheel/abilitywheel_panel.lua
rawfile,ui/uieditor/widgets/abilitywheel/abilitywheel_pixel.lua
rawfile,ui/uieditor/widgets/abilitywheel/abilitywheel_tabc.lua
rawfile,ui/uieditor/widgets/abilitywheel/abilitywheel_texture.lua
rawfile,ui/uieditor/widgets/abilitywheel/abilitywheel_topheader.lua
rawfile,ui/uieditor/widgets/abilitywheel/abilitywheel_vignette.lua
rawfile,ui/uieditor/widgets/abilitywheel/abilitywheel_vignetteinternal.lua
rawfile,ui/uieditor/widgets/attachmentnamesdisplay.lua
rawfile,ui/uieditor/widgets/cac/cac_varienttitlepanel.lua
rawfile,ui/uieditor/widgets/codcaster/codcaster_options_slider_control_item.lua
rawfile,ui/uieditor/widgets/codcaster/codcaster_options_slider_small.lua
rawfile,ui/uieditor/widgets/confirmationdialog.lua
rawfile,ui/uieditor/widgets/cpsystems/revive/bleedout/bleedout_cross.lua
rawfile,ui/uieditor/widgets/cpsystems/revive/bleedout/bleedout_dot.lua
rawfile,ui/uieditor/widgets/cpsystems/revive/bleedout/bleedout_mainring.lua
rawfile,ui/uieditor/widgets/cpsystems/revive/bleedout/bleedout_ring1.lua
rawfile,ui/uieditor/widgets/cpsystems/revive/bleedout/bleedout_ring2.lua
rawfile,ui/uieditor/widgets/cpsystems/revive/bleedout/bleedout_ring3_bottom.lua
rawfile,ui/uieditor/widgets/cpsystems/revive/bleedout/bleedout_ring3_left.lua
rawfile,ui/uieditor/widgets/cpsystems/revive/bleedout/bleedout_ring3_right.lua
rawfile,ui/uieditor/widgets/cpsystems/revive/bleedout/bleedout_ring3_top.lua
rawfile,ui/uieditor/widgets/cpsystems/revive/bleedout/bleedoutblur1.lua
rawfile,ui/uieditor/widgets/cpsystems/revive/bleedout/bleedoutblurcontainer.lua
rawfile,ui/uieditor/widgets/cpsystems/revive/bleedout/bleedoutclampedarrow.lua
rawfile,ui/uieditor/widgets/cpsystems/revive/bleedout/bleedouthealth.lua
rawfile,ui/uieditor/widgets/cpsystems/revive/bleedout/bleedoutwidget.lua
rawfile,ui/uieditor/widgets/craft/gunsmith/gunsmithinputbutton.lua
rawfile,ui/uieditor/widgets/demo/demo.lua
rawfile,ui/uieditor/widgets/demo/demo_options_slider.lua
rawfile,ui/uieditor/widgets/demo/demo_options_slider_control_item.lua
rawfile,ui/uieditor/widgets/demo/democontextpanel.lua
rawfile,ui/uieditor/widgets/demo/democontrolsbutton.lua
rawfile,ui/uieditor/widgets/demo/democontrolsbuttoncameramode.lua
rawfile,ui/uieditor/widgets/demo/democontrolsbuttondollycameraspeedmode.lua
rawfile,ui/uieditor/widgets/demo/democontrolsbuttondollycameratimescale.lua
rawfile,ui/uieditor/widgets/demo/democontrolsbuttonlightmanlightfloatparam.lua
rawfile,ui/uieditor/widgets/demo/democontrolsbuttonlightmanlightmode.lua
rawfile,ui/uieditor/widgets/demo/democontrolsbuttontimescale.lua
rawfile,ui/uieditor/widgets/demo/democontrolsspectatingbar.lua
rawfile,ui/uieditor/widgets/demo/democustomizehighlightreel.lua
rawfile,ui/uieditor/widgets/demo/demoplaybackcontrols.lua
rawfile,ui/uieditor/widgets/demo/demoplaybackcontrolsbuttonbar.lua
rawfile,ui/uieditor/widgets/demo/demoplaybackcontrolsbuttons.lua
rawfile,ui/uieditor/widgets/demo/demosidebarbutton.lua
rawfile,ui/uieditor/widgets/demo/demostarthighlightreel.lua
rawfile,ui/uieditor/widgets/demo/lightmancolorelement.lua
rawfile,ui/uieditor/widgets/demo/segmentbutton.lua
rawfile,ui/uieditor/widgets/demo/segmentinformation.lua
rawfile,ui/uieditor/widgets/endgameflow/killcamwidgetfctnline.lua
rawfile,ui/uieditor/widgets/endgameflow/top3playerscoreblurbox.lua
rawfile,ui/uieditor/widgets/fileshare/allowdownload.lua
rawfile,ui/uieditor/widgets/fileshare/fileshareslotsavailable.lua
rawfile,ui/uieditor/widgets/helperwidgets/textwithbg.lua
rawfile,ui/uieditor/widgets/hud/buttonprompt3d/namelabel.lua
rawfile,ui/uieditor/widgets/hud/buttonprompt3d/requirementlabel.lua
rawfile,ui/uieditor/widgets/hud/buttonprompt3dbind.lua
rawfile,ui/uieditor/widgets/hud/buttonprompt3dcpzm.lua
rawfile,ui/uieditor/widgets/hud/buttonprompt3dcpzm_usebuttonicon.lua
rawfile,ui/uieditor/widgets/hud/console/console.lua
rawfile,ui/uieditor/widgets/hud/console/consoleentry.lua
rawfile,ui/uieditor/widgets/hud/console/consoleentrycontainer.lua
rawfile,ui/uieditor/widgets/hud/console/consoleicon.lua
rawfile,ui/uieditor/widgets/hud/console/consoletext.lua
rawfile,ui/uieditor/widgets/hud/core_ammowidget/ammowidget_abilityglow.lua
rawfile,ui/uieditor/widgets/hud/cp_damagewidget/damagewidget_panel.lua
rawfile,ui/uieditor/widgets/hud/cp_damagewidget/damagewidgetmp_panelcontainer.lua
rawfile,ui/uieditor/widgets/hud/equipment/emp/emprebootelectromagneticwidget.lua
rawfile,ui/uieditor/widgets/hud/equipment/emp/emprebootindicatorwidget.lua
rawfile,ui/uieditor/widgets/hud/genericupdatebarwithlink.lua
rawfile,ui/uieditor/widgets/hud/movieplayback/moviesubtitles.lua
rawfile,ui/uieditor/widgets/hud/zm_ammowidget/zmammo_dpadiconmine.lua
rawfile,ui/uieditor/widgets/hud/zm_ammowidgetfactory/zmammo_dpadiconpistolfactory.lua
rawfile,ui/uieditor/widgets/hud/zm_fx/zmfx_flsh1.lua
rawfile,ui/uieditor/widgets/hud/zm_fx/zmfx_spark1.lua
rawfile,ui/uieditor/widgets/hud/zm_fx/zmfx_spark1img.lua
rawfile,ui/uieditor/widgets/hud/zm_fx/zmfx_spark2.lua
rawfile,ui/uieditor/widgets/hud/zm_fx/zmfx_spark2ext.lua
rawfile,ui/uieditor/widgets/hud/zm_notif/zmnotif1_cursorhint.lua
rawfile,ui/uieditor/widgets/hud/zm_revive/zm_revive.lua
rawfile,ui/uieditor/widgets/hud/zm_revive/zm_revivebleedoutredeyeglow.lua
rawfile,ui/uieditor/widgets/hud/zm_revive/zm_reviveclampedarrow.lua
rawfile,ui/uieditor/widgets/hud/zm_revive/zm_revivewidget.lua
rawfile,ui/uieditor/widgets/hud/zm_roundwidget/zmrnddigits.lua
rawfile,ui/uieditor/widgets/hud/zm_roundwidget/zmrnddigitsint.lua
rawfile,ui/uieditor/widgets/hud/zm_roundwidget/zmrnddigitwidget.lua
rawfile,ui/uieditor/widgets/hud/zm_score/zmscr.lua
rawfile,ui/uieditor/widgets/hud/zm_score/zmscr_listinglg.lua
rawfile,ui/uieditor/widgets/hud/zm_score/zmscr_listingsm.lua
rawfile,ui/uieditor/widgets/hud/zm_score/zmscr_pluspoints.lua
rawfile,ui/uieditor/widgets/hud/zm_score/zmscr_pluspointscontainer.lua
rawfile,ui/uieditor/widgets/loadinganimation/animationloading2.lua
rawfile,ui/uieditor/widgets/lobby/common/list1buttonlarge_left_nd.lua
rawfile,ui/uieditor/widgets/menuspecificwidgets/aarmedalslistwidget.lua
rawfile,ui/uieditor/widgets/menuspecificwidgets/aarplayersummaryemptywidget.lua
rawfile,ui/uieditor/widgets/menuspecificwidgets/aarplayersummarylistwidget.lua
rawfile,ui/uieditor/widgets/menuspecificwidgets/loadingsidemission/loadingcountdowntimerwidget.lua
rawfile,ui/uieditor/widgets/menuspecificwidgets/rewardslistwidget.lua
rawfile,ui/uieditor/widgets/menuspecificwidgets/scriptdebugmenulistwidget.lua
rawfile,ui/uieditor/widgets/menuspecificwidgets/startmenu/missionobjectivegroup.lua
rawfile,ui/uieditor/widgets/menuspecificwidgets/startmenu/missionobjectivegroupinternal.lua
rawfile,ui/uieditor/widgets/menuspecificwidgets/startmenu/missionobjectiveitem.lua
rawfile,ui/uieditor/widgets/menuspecificwidgets/startmenu/missionobjectiveiteminternal.lua
rawfile,ui/uieditor/widgets/menuspecificwidgets/startmenu/missionobjectivestep.lua
rawfile,ui/uieditor/widgets/menuspecificwidgets/startmenu/missionobjectivestepinternal.lua
rawfile,ui/uieditor/widgets/menuspecificwidgets/startmenu/missiontab.lua
rawfile,ui/uieditor/widgets/menuspecificwidgets/startmenu/optionstab.lua
rawfile,ui/uieditor/widgets/menuspecificwidgets/startmenu/selectionlistbutton.lua
rawfile,ui/uieditor/widgets/menuspecificwidgets/startmenu/startmenubuttonitem.lua
rawfile,ui/uieditor/widgets/mphudwidgets/killstreakprogressbar.lua
rawfile,ui/uieditor/widgets/mphudwidgets/killstreakprogressbarfill.lua
rawfile,ui/uieditor/widgets/mphudwidgets/outofbounds/outofbounds_sidebar.lua
rawfile,ui/uieditor/widgets/mphudwidgets/scorepopup/mpscr_pluspoints.lua
rawfile,ui/uieditor/widgets/mphudwidgets/scorepopup/mpscr_pluspointscontainer.lua
rawfile,ui/uieditor/widgets/mphudwidgets/sidemissions/basehealthdamagebarwidget.lua
rawfile,ui/uieditor/widgets/mphudwidgets/sidemissions/basehealthdamageborderwidget.lua
rawfile,ui/uieditor/widgets/mphudwidgets/sidemissions/basehealthdamageiconwidget.lua
rawfile,ui/uieditor/widgets/mphudwidgets/sidemissions/basehealthwidget.lua
rawfile,ui/uieditor/widgets/mphudwidgets/waypoint_textbg.lua
rawfile,ui/uieditor/widgets/mphudwidgets/waypointarrowcontainer.lua
rawfile,ui/uieditor/widgets/mphudwidgets/waypointarrowwidget.lua
rawfile,ui/uieditor/widgets/notifications/global/notif_camo_centerbacking.lua
rawfile,ui/uieditor/widgets/notifications/global/notif_global_title.lua
rawfile,ui/uieditor/widgets/notifications/global/notif_global_titlebacking.lua
rawfile,ui/uieditor/widgets/notifications/global/notif_global_titlebackingline.lua
rawfile,ui/uieditor/widgets/notifications/global/notif_global_titleline.lua
rawfile,ui/uieditor/widgets/notifications/notificationqueuewidgets/bo2medal.lua
rawfile,ui/uieditor/widgets/notifications/notificationqueuewidgets/challengesnotification.lua
rawfile,ui/uieditor/widgets/notifications/notificationqueuewidgets/mp/camochallengenotification.lua
rawfile,ui/uieditor/widgets/notifications/notificationqueuewidgets/mp/camodiamondchallengenotification.lua
rawfile,ui/uieditor/widgets/notifications/notificationqueuewidgets/mp/camogoldchallengenotification.lua
rawfile,ui/uieditor/widgets/notifications/notificationqueuewidgets/mp/mpchallengemasterynotification.lua
rawfile,ui/uieditor/widgets/notifications/notificationqueuewidgets/mp/mpchallengenotification.lua
rawfile,ui/uieditor/widgets/notifications/notificationqueuewidgets/mp/reticlechallengenotification.lua
rawfile,ui/uieditor/widgets/notifications/notificationqueuewidgets/mp/specialistchallengenotification.lua
rawfile,ui/uieditor/widgets/notifications/notificationqueuewidgets/mp/specialistcompletionepicchallengenotification.lua
rawfile,ui/uieditor/widgets/notifications/notificationqueuewidgets/mp/specialistepicchallengenotification.lua
rawfile,ui/uieditor/widgets/notifications/notificationqueuewidgets/notificationrewardqueuewidgets/iconrewardwidget.lua
rawfile,ui/uieditor/widgets/notifications/notificationqueuewidgets/notificationrewardqueuewidgets/notificationrewardborder.lua
rawfile,ui/uieditor/widgets/notifications/notificationqueuewidgets/notificationrewardqueuewidgets/notificationrewardwidget.lua
rawfile,ui/uieditor/widgets/notifications/notificationqueuewidgets/rankupnotification.lua
rawfile,ui/uieditor/widgets/notifications/notificationqueuewidgets/trialcomplete_titlebox.lua
rawfile,ui/uieditor/widgets/notifications/notificationqueuewidgets/trialcompletenotification.lua
rawfile,ui/uieditor/widgets/notifications/notificationqueuewidgets/weaponlevelupnotification.lua
rawfile,ui/uieditor/widgets/notifications/rankup/rankupnotification_footerbacking01.lua
rawfile,ui/uieditor/widgets/notifications/rankup/rankupnotification_footerbacking02.lua
rawfile,ui/uieditor/widgets/notifications/rankup/rankupnotification_footerlabel01.lua
rawfile,ui/uieditor/widgets/notifications/rankup/rankupnotification_footerlabel02.lua
rawfile,ui/uieditor/widgets/notifications/rankup/rankupnotification_title.lua
rawfile,ui/uieditor/widgets/notifications/rankup/rankupnotification_titlebacking9slice.lua
rawfile,ui/uieditor/widgets/notifications/rankup/rankupnotification_wingcontainer.lua
rawfile,ui/uieditor/widgets/notifications/weaponlevelup/weaponlevelupnotification_bottom.lua
rawfile,ui/uieditor/widgets/notifications/weaponlevelup/weaponlevelupnotification_footerbacking01.lua
rawfile,ui/uieditor/widgets/notifications/weaponlevelup/weaponlevelupnotification_footerbacking02.lua
rawfile,ui/uieditor/widgets/notifications/weaponlevelup/weaponlevelupnotification_footerlabel01.lua
rawfile,ui/uieditor/widgets/notifications/weaponlevelup/weaponlevelupnotification_footerlabel02.lua
rawfile,ui/uieditor/widgets/notifications/weaponlevelup/weaponlevelupnotification_linefade.lua
rawfile,ui/uieditor/widgets/notifications/weaponlevelup/weaponlevelupnotification_title.lua
rawfile,ui/uieditor/widgets/notifications/weaponlevelup/weaponlevelupnotification_titlebacking.lua
rawfile,ui/uieditor/widgets/notifications/weaponlevelup/weaponlevelupnotification_topbacking.lua
rawfile,ui/uieditor/widgets/onoffimage.lua
rawfile,ui/uieditor/widgets/playercard/identitybadge.lua
rawfile,ui/uieditor/widgets/primaryoffhandicon.lua
rawfile,ui/uieditor/widgets/raids/raidspurchaseitem.lua
rawfile,ui/uieditor/widgets/raids/raidspurchaseiteminternal.lua
rawfile,ui/uieditor/widgets/raids/raidspurchases.lua
rawfile,ui/uieditor/widgets/rankupnotificationtile.lua
rawfile,ui/uieditor/widgets/reticles/blackcell/target.lua
rawfile,ui/uieditor/widgets/reticles/blackcell/teammatelockon.lua
rawfile,ui/uieditor/widgets/reticles/blackcell/timer.lua
rawfile,ui/uieditor/widgets/reticles/magnifier/magnifierreticle_internal.lua
rawfile,ui/uieditor/widgets/reticles/magnifier/magnifierreticle_ui3d.lua
rawfile,ui/uieditor/widgets/reticles/mp/bowlauncherreticle.lua
rawfile,ui/uieditor/widgets/reticles/mp/bowlauncherreticle_dot.lua
rawfile,ui/uieditor/widgets/reticles/mp/bowlauncherreticle_internal.lua
rawfile,ui/uieditor/widgets/reticles/mp/bowlauncherreticle_l1.lua
rawfile,ui/uieditor/widgets/reticles/mp/bowlauncherreticle_l2.lua
rawfile,ui/uieditor/widgets/reticles/mp/bowlauncherreticle_l3.lua
rawfile,ui/uieditor/widgets/reticles/mp/bowlauncherreticle_l4.lua
rawfile,ui/uieditor/widgets/reticles/mp/bowlauncherreticle_shader.lua
rawfile,ui/uieditor/widgets/reticles/rocketlaunchers/rocketlauncherreticle.lua
rawfile,ui/uieditor/widgets/reticles/rocketlaunchers/rocketlauncherreticle_ui3d.lua
rawfile,ui/uieditor/widgets/reticles/rocketlaunchers/rocketlauncherreticle_ui3d_internal.lua
rawfile,ui/uieditor/widgets/secondaryoffhandicon.lua
rawfile,ui/uieditor/widgets/startmenu/startmenu_gameoptions_zm.lua
rawfile,ui/uieditor/widgets/startmenu/startmenu_linegraphics.lua
rawfile,ui/uieditor/widgets/systemoverlays/systemoverlay_democustomizehighlightreel_layout.lua
rawfile,ui/uieditor/widgets/textwithdisablestate.lua
rawfile,ui/uieditor/widgets/theater/theater_bottomframepanel.lua
rawfile,ui/uieditor/widgets/theater/theater_bottomframepanelcont.lua
rawfile,ui/uieditor/widgets/theater/theater_focusbar.lua
rawfile,ui/uieditor/widgets/theater/theater_framewidget.lua
rawfile,ui/uieditor/widgets/theater/theater_topframepanel.lua
rawfile,ui/uieditor/widgets/theater/theater_topframepanelcont.lua
rawfile,ui/uieditor/widgets/tos.lua
rawfile,ui/uieditor/widgets/utilities/progressbar_rank.lua
rawfile,ui/uieditor/widgets/zmbuildables/buildableborder.lua
rawfile,ui/uieditor/widgets/zmbuildables/buildableborder_internal.lua
rawfile,ui/uieditor/widgets/zmbuildables/buildableicon.lua
rawfile,ui/uieditor/widgets/zmbuildables/buildableiconbg.lua
rawfile,ui/uieditor/widgets/zmbuildables/questitemlist.lua
rawfile,ui/uieditor/widgets/zmpromotional/zm_promo_doublevialwidgetlistitem.lua
rawfile,ui/uieditor/widgets/zmpromotional/zm_promoiconlist.lua
rawfile,ui/uieditor/widgets/zmpromotional/zm_promolistitem.lua
scriptparsetree,scripts/zm/_ambient.csc
scriptparsetree,scripts/zm/_art.gsc
scriptparsetree,scripts/zm/_ballistic_knife.gsc
scriptparsetree,scripts/zm/_bb.gsc
scriptparsetree,scripts/zm/_callbacks.csc
scriptparsetree,scripts/zm/_callbacks.gsc
scriptparsetree,scripts/zm/_challenges.gsc
scriptparsetree,scripts/zm/_claymore.csc
scriptparsetree,scripts/zm/_destructible.csc
scriptparsetree,scripts/zm/_destructible.gsc
scriptparsetree,scripts/zm/_filter.csc
scriptparsetree,scripts/zm/_fx.csc
scriptparsetree,scripts/zm/_fx.gsc
scriptparsetree,scripts/zm/_global_fx.csc
scriptparsetree,scripts/zm/_load.csc
scriptparsetree,scripts/zm/_load.gsc
scriptparsetree,scripts/zm/_radiant_live_update.csc
scriptparsetree,scripts/zm/_rat.gsc
scriptparsetree,scripts/zm/_sticky_grenade.csc
scriptparsetree,scripts/zm/_sticky_grenade.gsc
scriptparsetree,scripts/zm/_util.csc
scriptparsetree,scripts/zm/_util.gsc
scriptparsetree,scripts/zm/_zm.csc
scriptparsetree,scripts/zm/_zm.gsc
scriptparsetree,scripts/zm/_zm_ai_dogs.gsc
scriptparsetree,scripts/zm/_zm_ai_faller.gsc
scriptparsetree,scripts/zm/_zm_altbody.csc
scriptparsetree,scripts/zm/_zm_altbody.gsc
scriptparsetree,scripts/zm/_zm_attackables.gsc
scriptparsetree,scripts/zm/_zm_audio.csc
scriptparsetree,scripts/zm/_zm_audio.gsc
scriptparsetree,scripts/zm/_zm_behavior.gsc
scriptparsetree,scripts/zm/_zm_behavior_utility.gsc
scriptparsetree,scripts/zm/_zm_bgb.csc
scriptparsetree,scripts/zm/_zm_bgb.gsc
scriptparsetree,scripts/zm/_zm_bgb_machine.csc
scriptparsetree,scripts/zm/_zm_bgb_machine.gsc
scriptparsetree,scripts/zm/_zm_bgb_token.gsc
scriptparsetree,scripts/zm/_zm_blockers.gsc
scriptparsetree,scripts/zm/_zm_bot.gsc
scriptparsetree,scripts/zm/_zm_clone.gsc
scriptparsetree,scripts/zm/_zm_daily_challenges.gsc
scriptparsetree,scripts/zm/_zm_demo.csc
scriptparsetree,scripts/zm/_zm_devgui.gsc
scriptparsetree,scripts/zm/_zm_equipment.csc
scriptparsetree,scripts/zm/_zm_equipment.gsc
scriptparsetree,scripts/zm/_zm_ffotd.csc
scriptparsetree,scripts/zm/_zm_ffotd.gsc
scriptparsetree,scripts/zm/_zm_game_module.gsc
scriptparsetree,scripts/zm/_zm_game_module_utility.gsc
scriptparsetree,scripts/zm/_zm_hero_weapon.gsc
scriptparsetree,scripts/zm/_zm_jump_pad.gsc
scriptparsetree,scripts/zm/_zm_laststand.csc
scriptparsetree,scripts/zm/_zm_laststand.gsc
scriptparsetree,scripts/zm/_zm_lightning_chain.csc
scriptparsetree,scripts/zm/_zm_lightning_chain.gsc
scriptparsetree,scripts/zm/_zm_magicbox.csc
scriptparsetree,scripts/zm/_zm_magicbox.gsc
scriptparsetree,scripts/zm/_zm_melee_weapon.gsc
scriptparsetree,scripts/zm/_zm_mgturret.gsc
scriptparsetree,scripts/zm/_zm_net.gsc
scriptparsetree,scripts/zm/_zm_pack_a_punch.csc
scriptparsetree,scripts/zm/_zm_pack_a_punch.gsc
scriptparsetree,scripts/zm/_zm_pack_a_punch_util.gsc
scriptparsetree,scripts/zm/_zm_perks.csc
scriptparsetree,scripts/zm/_zm_perks.gsc
scriptparsetree,scripts/zm/_zm_pers_upgrades.gsc
scriptparsetree,scripts/zm/_zm_pers_upgrades_functions.gsc
scriptparsetree,scripts/zm/_zm_pers_upgrades_system.gsc
scriptparsetree,scripts/zm/_zm_placeable_mine.gsc
scriptparsetree,scripts/zm/_zm_player.gsc
scriptparsetree,scripts/zm/_zm_playerhealth.csc
scriptparsetree,scripts/zm/_zm_playerhealth.gsc
scriptparsetree,scripts/zm/_zm_power.gsc
scriptparsetree,scripts/zm/_zm_powerup_bonus_points_player.csc
scriptparsetree,scripts/zm/_zm_powerup_bonus_points_player.gsc
scriptparsetree,scripts/zm/_zm_powerups.csc
scriptparsetree,scripts/zm/_zm_powerups.gsc
scriptparsetree,scripts/zm/_zm_puppet.gsc
scriptparsetree,scripts/zm/_zm_score.csc
scriptparsetree,scripts/zm/_zm_score.gsc
scriptparsetree,scripts/zm/_zm_server_throttle.gsc
scriptparsetree,scripts/zm/_zm_sidequests.csc
scriptparsetree,scripts/zm/_zm_sidequests.gsc
scriptparsetree,scripts/zm/_zm_spawner.gsc
scriptparsetree,scripts/zm/_zm_stats.gsc
scriptparsetree,scripts/zm/_zm_timer.gsc
scriptparsetree,scripts/zm/_zm_traps.csc
scriptparsetree,scripts/zm/_zm_traps.gsc
scriptparsetree,scripts/zm/_zm_turned.gsc
scriptparsetree,scripts/zm/_zm_unitrigger.gsc
scriptparsetree,scripts/zm/_zm_utility.csc
scriptparsetree,scripts/zm/_zm_utility.gsc
scriptparsetree,scripts/zm/_zm_weap_ballistic_knife.gsc
scriptparsetree,scripts/zm/_zm_weap_bouncingbetty.csc
scriptparsetree,scripts/zm/_zm_weap_bouncingbetty.gsc
scriptparsetree,scripts/zm/_zm_weapons.csc
scriptparsetree,scripts/zm/_zm_weapons.gsc
scriptparsetree,scripts/zm/_zm_zdraw.csc
scriptparsetree,scripts/zm/_zm_zonemgr.gsc
scriptparsetree,scripts/zm/aats/_zm_aat_blast_furnace.csc
scriptparsetree,scripts/zm/aats/_zm_aat_blast_furnace.gsc
scriptparsetree,scripts/zm/aats/_zm_aat_dead_wire.csc
scriptparsetree,scripts/zm/aats/_zm_aat_dead_wire.gsc
scriptparsetree,scripts/zm/aats/_zm_aat_fire_works.csc
scriptparsetree,scripts/zm/aats/_zm_aat_fire_works.gsc
scriptparsetree,scripts/zm/aats/_zm_aat_thunder_wall.csc
scriptparsetree,scripts/zm/aats/_zm_aat_thunder_wall.gsc
scriptparsetree,scripts/zm/aats/_zm_aat_turned.csc
scriptparsetree,scripts/zm/aats/_zm_aat_turned.gsc
scriptparsetree,scripts/zm/bgbs/_zm_bgb_aftertaste.csc
scriptparsetree,scripts/zm/bgbs/_zm_bgb_aftertaste.gsc
scriptparsetree,scripts/zm/bgbs/_zm_bgb_alchemical_antithesis.csc
scriptparsetree,scripts/zm/bgbs/_zm_bgb_alchemical_antithesis.gsc
scriptparsetree,scripts/zm/bgbs/_zm_bgb_always_done_swiftly.csc
scriptparsetree,scripts/zm/bgbs/_zm_bgb_always_done_swiftly.gsc
scriptparsetree,scripts/zm/bgbs/_zm_bgb_anywhere_but_here.csc
scriptparsetree,scripts/zm/bgbs/_zm_bgb_anywhere_but_here.gsc
scriptparsetree,scripts/zm/bgbs/_zm_bgb_armamental_accomplishment.csc
scriptparsetree,scripts/zm/bgbs/_zm_bgb_armamental_accomplishment.gsc
scriptparsetree,scripts/zm/bgbs/_zm_bgb_arms_grace.csc
scriptparsetree,scripts/zm/bgbs/_zm_bgb_arms_grace.gsc
scriptparsetree,scripts/zm/bgbs/_zm_bgb_arsenal_accelerator.csc
scriptparsetree,scripts/zm/bgbs/_zm_bgb_arsenal_accelerator.gsc
scriptparsetree,scripts/zm/bgbs/_zm_bgb_board_games.csc
scriptparsetree,scripts/zm/bgbs/_zm_bgb_board_games.gsc
scriptparsetree,scripts/zm/bgbs/_zm_bgb_board_to_death.csc
scriptparsetree,scripts/zm/bgbs/_zm_bgb_board_to_death.gsc
scriptparsetree,scripts/zm/bgbs/_zm_bgb_bullet_boost.csc
scriptparsetree,scripts/zm/bgbs/_zm_bgb_bullet_boost.gsc
scriptparsetree,scripts/zm/bgbs/_zm_bgb_burned_out.csc
scriptparsetree,scripts/zm/bgbs/_zm_bgb_burned_out.gsc
scriptparsetree,scripts/zm/bgbs/_zm_bgb_cache_back.csc
scriptparsetree,scripts/zm/bgbs/_zm_bgb_cache_back.gsc
scriptparsetree,scripts/zm/bgbs/_zm_bgb_coagulant.csc
scriptparsetree,scripts/zm/bgbs/_zm_bgb_coagulant.gsc
scriptparsetree,scripts/zm/bgbs/_zm_bgb_crate_power.csc
scriptparsetree,scripts/zm/bgbs/_zm_bgb_crate_power.gsc
scriptparsetree,scripts/zm/bgbs/_zm_bgb_crawl_space.csc
scriptparsetree,scripts/zm/bgbs/_zm_bgb_crawl_space.gsc
scriptparsetree,scripts/zm/bgbs/_zm_bgb_danger_closest.csc
scriptparsetree,scripts/zm/bgbs/_zm_bgb_danger_closest.gsc
scriptparsetree,scripts/zm/bgbs/_zm_bgb_dead_of_nuclear_winter.csc
scriptparsetree,scripts/zm/bgbs/_zm_bgb_dead_of_nuclear_winter.gsc
scriptparsetree,scripts/zm/bgbs/_zm_bgb_disorderly_combat.csc
scriptparsetree,scripts/zm/bgbs/_zm_bgb_disorderly_combat.gsc
scriptparsetree,scripts/zm/bgbs/_zm_bgb_ephemeral_enhancement.csc
scriptparsetree,scripts/zm/bgbs/_zm_bgb_ephemeral_enhancement.gsc
scriptparsetree,scripts/zm/bgbs/_zm_bgb_extra_credit.csc
scriptparsetree,scripts/zm/bgbs/_zm_bgb_extra_credit.gsc
scriptparsetree,scripts/zm/bgbs/_zm_bgb_eye_candy.csc
scriptparsetree,scripts/zm/bgbs/_zm_bgb_eye_candy.gsc
scriptparsetree,scripts/zm/bgbs/_zm_bgb_fatal_contraption.csc
scriptparsetree,scripts/zm/bgbs/_zm_bgb_fatal_contraption.gsc
scriptparsetree,scripts/zm/bgbs/_zm_bgb_fear_in_headlights.csc
scriptparsetree,scripts/zm/bgbs/_zm_bgb_fear_in_headlights.gsc
scriptparsetree,scripts/zm/bgbs/_zm_bgb_firing_on_all_cylinders.csc
scriptparsetree,scripts/zm/bgbs/_zm_bgb_firing_on_all_cylinders.gsc
scriptparsetree,scripts/zm/bgbs/_zm_bgb_flavor_hexed.csc
scriptparsetree,scripts/zm/bgbs/_zm_bgb_flavor_hexed.gsc
scriptparsetree,scripts/zm/bgbs/_zm_bgb_head_drama.csc
scriptparsetree,scripts/zm/bgbs/_zm_bgb_head_drama.gsc
scriptparsetree,scripts/zm/bgbs/_zm_bgb_idle_eyes.csc
scriptparsetree,scripts/zm/bgbs/_zm_bgb_idle_eyes.gsc
scriptparsetree,scripts/zm/bgbs/_zm_bgb_im_feelin_lucky.csc
scriptparsetree,scripts/zm/bgbs/_zm_bgb_im_feelin_lucky.gsc
scriptparsetree,scripts/zm/bgbs/_zm_bgb_immolation_liquidation.csc
scriptparsetree,scripts/zm/bgbs/_zm_bgb_immolation_liquidation.gsc
scriptparsetree,scripts/zm/bgbs/_zm_bgb_impatient.csc
scriptparsetree,scripts/zm/bgbs/_zm_bgb_impatient.gsc
scriptparsetree,scripts/zm/bgbs/_zm_bgb_in_plain_sight.csc
scriptparsetree,scripts/zm/bgbs/_zm_bgb_in_plain_sight.gsc
scriptparsetree,scripts/zm/bgbs/_zm_bgb_kill_joy.csc
scriptparsetree,scripts/zm/bgbs/_zm_bgb_kill_joy.gsc
scriptparsetree,scripts/zm/bgbs/_zm_bgb_killing_time.csc
scriptparsetree,scripts/zm/bgbs/_zm_bgb_killing_time.gsc
scriptparsetree,scripts/zm/bgbs/_zm_bgb_licensed_contractor.csc
scriptparsetree,scripts/zm/bgbs/_zm_bgb_licensed_contractor.gsc
scriptparsetree,scripts/zm/bgbs/_zm_bgb_lucky_crit.csc
scriptparsetree,scripts/zm/bgbs/_zm_bgb_lucky_crit.gsc
scriptparsetree,scripts/zm/bgbs/_zm_bgb_mind_blown.csc
scriptparsetree,scripts/zm/bgbs/_zm_bgb_mind_blown.gsc
scriptparsetree,scripts/zm/bgbs/_zm_bgb_near_death_experience.csc
scriptparsetree,scripts/zm/bgbs/_zm_bgb_near_death_experience.gsc
scriptparsetree,scripts/zm/bgbs/_zm_bgb_newtonian_negation.csc
scriptparsetree,scripts/zm/bgbs/_zm_bgb_newtonian_negation.gsc
scriptparsetree,scripts/zm/bgbs/_zm_bgb_now_you_see_me.csc
scriptparsetree,scripts/zm/bgbs/_zm_bgb_now_you_see_me.gsc
scriptparsetree,scripts/zm/bgbs/_zm_bgb_on_the_house.csc
scriptparsetree,scripts/zm/bgbs/_zm_bgb_on_the_house.gsc
scriptparsetree,scripts/zm/bgbs/_zm_bgb_perkaholic.csc
scriptparsetree,scripts/zm/bgbs/_zm_bgb_perkaholic.gsc
scriptparsetree,scripts/zm/bgbs/_zm_bgb_phoenix_up.csc
scriptparsetree,scripts/zm/bgbs/_zm_bgb_phoenix_up.gsc
scriptparsetree,scripts/zm/bgbs/_zm_bgb_pop_shocks.csc
scriptparsetree,scripts/zm/bgbs/_zm_bgb_pop_shocks.gsc
scriptparsetree,scripts/zm/bgbs/_zm_bgb_power_vacuum.csc
scriptparsetree,scripts/zm/bgbs/_zm_bgb_power_vacuum.gsc
scriptparsetree,scripts/zm/bgbs/_zm_bgb_profit_sharing.csc
scriptparsetree,scripts/zm/bgbs/_zm_bgb_profit_sharing.gsc
scriptparsetree,scripts/zm/bgbs/_zm_bgb_projectile_vomiting.csc
scriptparsetree,scripts/zm/bgbs/_zm_bgb_projectile_vomiting.gsc
scriptparsetree,scripts/zm/bgbs/_zm_bgb_reign_drops.csc
scriptparsetree,scripts/zm/bgbs/_zm_bgb_reign_drops.gsc
scriptparsetree,scripts/zm/bgbs/_zm_bgb_respin_cycle.csc
scriptparsetree,scripts/zm/bgbs/_zm_bgb_respin_cycle.gsc
scriptparsetree,scripts/zm/bgbs/_zm_bgb_round_robbin.csc
scriptparsetree,scripts/zm/bgbs/_zm_bgb_round_robbin.gsc
scriptparsetree,scripts/zm/bgbs/_zm_bgb_secret_shopper.csc
scriptparsetree,scripts/zm/bgbs/_zm_bgb_secret_shopper.gsc
scriptparsetree,scripts/zm/bgbs/_zm_bgb_self_medication.csc
scriptparsetree,scripts/zm/bgbs/_zm_bgb_self_medication.gsc
scriptparsetree,scripts/zm/bgbs/_zm_bgb_shopping_free.csc
scriptparsetree,scripts/zm/bgbs/_zm_bgb_shopping_free.gsc
scriptparsetree,scripts/zm/bgbs/_zm_bgb_slaughter_slide.csc
scriptparsetree,scripts/zm/bgbs/_zm_bgb_slaughter_slide.gsc
scriptparsetree,scripts/zm/bgbs/_zm_bgb_soda_fountain.csc
scriptparsetree,scripts/zm/bgbs/_zm_bgb_soda_fountain.gsc
scriptparsetree,scripts/zm/bgbs/_zm_bgb_stock_option.csc
scriptparsetree,scripts/zm/bgbs/_zm_bgb_stock_option.gsc
scriptparsetree,scripts/zm/bgbs/_zm_bgb_sword_flay.csc
scriptparsetree,scripts/zm/bgbs/_zm_bgb_sword_flay.gsc
scriptparsetree,scripts/zm/bgbs/_zm_bgb_temporal_gift.csc
scriptparsetree,scripts/zm/bgbs/_zm_bgb_temporal_gift.gsc
scriptparsetree,scripts/zm/bgbs/_zm_bgb_tone_death.csc
scriptparsetree,scripts/zm/bgbs/_zm_bgb_tone_death.gsc
scriptparsetree,scripts/zm/bgbs/_zm_bgb_unbearable.csc
scriptparsetree,scripts/zm/bgbs/_zm_bgb_unbearable.gsc
scriptparsetree,scripts/zm/bgbs/_zm_bgb_undead_man_walking.csc
scriptparsetree,scripts/zm/bgbs/_zm_bgb_undead_man_walking.gsc
scriptparsetree,scripts/zm/bgbs/_zm_bgb_unquenchable.csc
scriptparsetree,scripts/zm/bgbs/_zm_bgb_unquenchable.gsc
scriptparsetree,scripts/zm/bgbs/_zm_bgb_wall_power.csc
scriptparsetree,scripts/zm/bgbs/_zm_bgb_wall_power.gsc
scriptparsetree,scripts/zm/bgbs/_zm_bgb_whos_keeping_score.csc
scriptparsetree,scripts/zm/bgbs/_zm_bgb_whos_keeping_score.gsc
scriptparsetree,scripts/zm/craftables/_zm_craftables.csc
scriptparsetree,scripts/zm/craftables/_zm_craftables.gsc
scriptparsetree,scripts/zm/gametypes/_clientids.gsc
scriptparsetree,scripts/zm/gametypes/_damagefeedback.gsc
scriptparsetree,scripts/zm/gametypes/_dev.gsc
scriptparsetree,scripts/zm/gametypes/_globallogic.gsc
scriptparsetree,scripts/zm/gametypes/_globallogic_actor.gsc
scriptparsetree,scripts/zm/gametypes/_globallogic_audio.gsc
scriptparsetree,scripts/zm/gametypes/_globallogic_defaults.gsc
scriptparsetree,scripts/zm/gametypes/_globallogic_player.gsc
scriptparsetree,scripts/zm/gametypes/_globallogic_score.gsc
scriptparsetree,scripts/zm/gametypes/_globallogic_spawn.gsc
scriptparsetree,scripts/zm/gametypes/_globallogic_ui.gsc
scriptparsetree,scripts/zm/gametypes/_globallogic_utils.gsc
scriptparsetree,scripts/zm/gametypes/_globallogic_vehicle.gsc
scriptparsetree,scripts/zm/gametypes/_hostmigration.gsc
scriptparsetree,scripts/zm/gametypes/_hud_message.gsc
scriptparsetree,scripts/zm/gametypes/_perplayer.gsc
scriptparsetree,scripts/zm/gametypes/_scoreboard.gsc
scriptparsetree,scripts/zm/gametypes/_serversettings.gsc
scriptparsetree,scripts/zm/gametypes/_shellshock.gsc
scriptparsetree,scripts/zm/gametypes/_spawning.gsc
scriptparsetree,scripts/zm/gametypes/_spawnlogic.gsc
scriptparsetree,scripts/zm/gametypes/_spectating.gsc
scriptparsetree,scripts/zm/gametypes/_weapon_utils.gsc
scriptparsetree,scripts/zm/gametypes/_weaponobjects.csc
scriptparsetree,scripts/zm/gametypes/_weaponobjects.gsc
scriptparsetree,scripts/zm/gametypes/_weapons.gsc
scriptparsetree,scripts/zm/gametypes/_zm_gametype.gsc
scriptparsetree,scripts/zm/gametypes/zclassic.csc
scriptparsetree,scripts/zm/gametypes/zclassic.gsc
keyvaluepairs,zm_patch
texturecombo,zm_patch
