ai_,previewModel,c_t7_ally_fb
ch_,previewModel,c_t7_ally_fb
_base,previewModel,c_t7_ally_fb
_sniper,previewModel,c_t7_ally_fb
_supp,previewModel,c_t7_ally_fb
_rock,previewModel,c_t7_ally_fb
_cqb,previewModel,c_t7_ally_fb
_gren,previewModel,c_t7_ally_fb
_robot,previewModel,c_54i_robot_1
_wrlrd,previewModel,c_54i_warlord_fullbody
_rbtrush,previewModel,c_test_robot_blockout_fullbody_t7
_rbtgun,previewModel,c_test_robot_blockout_fullbody_t7
_rbtang,previewModel,c_test_robot_blockout_fullbody_t7
_rbtcmdr,previewModel,c_test_robot_blockout_fullbody_t7
_fem,previewModel,c_civ_sin_chinatown_3_1_fb
_quadtank,previewModel,veh_t7_drone_quadtank
_hunter,previewModel,veh_t6_drone_hunterkiller
_croc,previewModel,c_gen_croc_fb
_zombie,previewModel,c_zom_test_t7_fb
_zombiedog,previewModel,zombie_wolf
ai_,previewAttachModel,wpn_t7_base_rifle_world
ch_,previewAttachModel,wpn_t7_base_rifle_world
_rifle,previewAttachModel,wpn_t7_base_rifle_world
_pistol,previewAttachModel,wpn_t7_base_pistol_world
_shotgun,previewAttachModel,wpn_t7_base_rifle_world
_knife,previewAttachModel,wpn_t7_knife_combat_world
_smg,previewAttachModel,wpn_t7_knife_combat_world
ai_,previewAlignParentTag,tag_weapon_right
ch_,previewAlignParentTag,tag_weapon_right
_rifle,previewAlignParentTag,tag_weapon_right
_pistol,previewAlignParentTag,tag_weapon_right
_shotgun,previewAlignParentTag,tag_weapon_right
_knife,previewAlignParentTag,tag_weapon_right
_smg,previewAlignParentTag,tag_weapon_right
ai_,previewAlignChildTag,tag_weapon
ch_,previewAlignChildTag,tag_weapon
_rifle,previewAlignChildTag,tag_weapon
_pistol,previewAlignChildTag,tag_weapon
_shotgun,previewAlignChildTag,tag_weapon
_knife,previewAlignChildTag,tag_weapon
_smg,previewAlignChildTag,tag_weapon