2d_image_debug.hlsl,_FUO6NHEU2XIDNLCYSVWYF7Q24A
adaptive_transparency.hlsl,_O7XJQBCHOAWZIY45UMNLQDBPVG
adrian.gcn,_WATNORJMDZ6TNLDO33QS7WYG4O
bc7_encode.hlsl,_5AXB2TXZ2NX5LKSJD6XRWM2M6B
bloom/bloom_apply_lut.hlsl,_56IJDJXXSQSLH76SCMNC2PO36P
bloom/bloom_blur_mip_x_l1.hlsl,_SYATF42L3UM7PNRIHFVCLNIOIE
bloom/bloom_blur_mip_x_l2.hlsl,_YUC5DM5P7UY2YMEUU4BCWSU64Q
bloom/bloom_blur_mip_x_l3.hlsl,_TSE64SGV4WZILITJA74CJOQWU6
bloom/bloom_blur_mip_x_l4.hlsl,_LROEIF5FQDGDSCZNN3256VT6TT
bloom/bloom_blur_mip_x_l5.hlsl,_MXP3P4ZJWEKF4ZBE3YIIR6XV7S
bloom/bloom_blur_mip_y_l1.hlsl,_QSSR23SQSFX2THZSZSJ6RIAYUT
bloom/bloom_blur_mip_y_l2.hlsl,_VWSZSRPAMNNL4H7ISTL5KWZPZV
bloom/bloom_blur_mip_y_l3.hlsl,_W2O733VFQLKP37M7ZKP6UBIZYO
bloom/bloom_blur_mip_y_l4.hlsl,_GGHKR5H6EMMPNWPNYTPTE53B7E
bloom/bloom_blur_mip_y_l5.hlsl,_YYMUPGRPWP74O2SPPDNYFGGS6A
bloom/bloom_constants.hlsl,_W5NY2AVIIUVCMHRPWJR53P777R
bloom/bloom_downsample_ev.hlsl,_RVXJQZDFQS7LCL7RGQKN6KTL74
bloom/bloom_downsample_l0.hlsl,_QUEPQ4BK2YHK2IRHAQQ3ARKU6E
bloom/bloom_downsample_l1.hlsl,_JHSFZKIXLSYASAR3XVHFBQ4R4K
bloom/bloom_downsample_lx.hlsl,_IR7GVXE2TI52VWOFMWW4Y3LFL5
bloom/createlut_common.hlsl,_Z2P456KBLIFWL5ZM7JK2YRT5T4
bloom_blur_x.hlsl,_77VGXSC3E4C6PQRQQEIGTG3X7B
bloom_blur_y.hlsl,_A3V4NNPCTKXNDBGNMMZEAXBSBI
bloom_downsample_convolution.hlsl,_AA4YSJMR3W75XNBVPVWTX5NL5Q
cinematic_mp4.hlsl,_5XCUU5S4PYH3WYFHMLNYZDKP6U
cinematic_mp4_rect.hlsl,_3G2FSZUPN2VVASCWG433572E6F
cinematic_mp4_srgb.hlsl,_A7KK6DLVAYXMOQXECUIQZ4XJ7C
code/fx_cloud_process.h,_6WIQDZB7T52TP4XDTMDZ6U2A26
code/fx_cloud_process_pack.h,_3TVJBNVJFRRVAYWNYA3GX7VZ5G
code/fx_compute_sprite_pack.h,_MCXUKT4CQG543SX36KT7RXXI7E
code/fx_gpufx_defines.h,_RTRIFM3GNOOGYTU3XU5BF3FOVH
code/fx_gpufx_enums.h,_TSVLAZUPFEFYDRDY22DBNIYLYQ
code/fx_gpufx_structs.h,_3YH76E3ZOGFKN5XTA34ONGGPWZ
code/fx_gpufx_structs_pack.h,_3VKKCBWUC6RCOPE55UNFDQIIYK
code/gpufx_structs.h,_HBQF5WP7CEN2ZMB3PHMBCBJJ5W
code/gpufx_structs_pack.h,_NVYBRSSUEZBBNDZUHHYGK3MQ4K
code/hlslcodeconstantbuffers.h,_AIQAPXPSX6GAY5AOZ2AJIXZ4ZM
code/hlslcodedefines.h,_CI5EGZELWUD62TW5UWHPN3M74A
code/hlslcodeinstancing.h,_WBT32SBQ3XXDCP34HXDC2EARIG
code/hlslcodereflectionprobes.h,_6YAT6ZI5P2WRBEMKS26DYG5D5S
code/hlslregreserve.h,_FCZNPW4VGEMVR7IXS6RGA2LFPD
code/htiles_globals.h,_BXX7JRW4FEONWPMDGG3KQUKA2D
code/lensflare_flags.h,_OWQRJQ56KPLHTDAEVLQSPNB6ZZ
code/lighting.h,_GRUQACG6R74SDG47SFVW4YNF5E
code/lighting_pack.h,_H4XLHWGGTVPDNWJJOVQIDWMDM4
code/motion_vector_globals.h,_ZQU5Q2ZLKDEVSH65QFL57ACJ2O
code/oit.h,_JRSEIUEFXFHVSB2OYL7CHI5Y5D
code/ssao_globals.h,_7HHP2HX4KQBJNQFS6FPS7MFOV7
code/ssao_globals_pack.h,_53AALDMDLYHSM6SIMOZJ6JZE52
compositefx.hlsl,_CQT2WVKFPQ4PMTNLYA5RWQCAC5
copy_rect.hlsl,_2XAKY55F5DN3RQS4OIDRCYSJ22
create_lut2d.hlsl,_QCWLQ7OM5B7N6IYK4DBXXNUZ4F
create_lut2dv.hlsl,_HEMLKHGPLBWQZWP4TB3ENLMI44
create_lut2dv_cs.hlsl,_HYTE5R3EXKA3NNX5U7HBSYEYMK
cubemapfilterggx/average_colors.hlsl,_WY73F7C6JVN5GJMIFUO2BCVW5J
cubemapfilterggx/downsample_wrap.hlsl,_IXIIYPGNX44PC5A5Z5AKKMOM6W
cubemapfilterggx/sample_ggx_bilinear16.hlsl,_22H35VTAQ6IYT4BJ56LO7ZDSHU
cubemapfilterggx/sample_ggx_bilinear32.hlsl,_JCERB5NQ6V37WRLTG4EYPK2W6Q
cubemapfilterggx/sample_ggx_bilinear64.hlsl,_QI3DRRASRPPOJCXP6IGDK74K4J
cubemapfilterggx/sample_ggx_wrap16.hlsl,_PKBONJUIZJCSCVSKGZQSW5BQFV
cubemapfilterggx/sample_ggx_wrap32.hlsl,_AH7TQ4RZDQ23244PZYGWQLQTYT
cubemapfilterggx/sample_ggx_wrap64.hlsl,_RUIXOUAVAP67ZCUUMBIZLRDEL2
debugfog_overlay.hlsl,_B6KXZAD4VGDIHZGF7FKVL3DFPQ
decal_emissive_mask.hlsl,_RTRH5QRK2NXZMXF7HO2COKF257
deferred_lighting.hlsl,_RQBAGLX46DE3M2PONPL6U4272C
deferred_pbr_check.hlsl,_52AOBRZBWYPH2I2ZVKKIVZT43B
deferred_permute_classify.hlsl,_MNHERU2EZXENWGJZAIGO7B7G7N
deferred_permute_clear.hlsl,_V4EDFLL75R4MO6T6TUGHTWN55K
deferred_permute_debug_counts.hlsl,_SNSWN6TLRQA2HSTA2ENB7BEMEC
deferred_permute_draw.hlsl,_LXFV2K53PVUJBVOOAE2MEKXD7X
deferred_permute_uber_resolve.hlsl,_IW6LWS5VOTXY76Q2GSVARFRMZU
deferred_permute_uber_resolve2.hlsl,_ICRQRVWKS7KL4VC7V6PICPIIMX
depth_clear_cache_tile.hlsl,_ZH6B7BVKN3ACQEPRUNPRT5FNVQ
depth_copy_in_place.hlsl,_WPJKERQ6PB5KXKODHV5W6OVMV2
depth_fill_from_sst.hlsl,_DEXOGUMVTIUM2YTU67JQX6CCKN
diffuseprobe_compute.hlsl,_VCCLQK7T4VVRDHDRPFGCD3TRTG
dof/adsblur_downsample.hlsl,_V3IY5C44PEVBABV4GGQMWSD4LU
dof/adsblur_downsample_mips.hlsl,_DTUZQQ2RQBYLPSP642YZMW7375
dof/adsblur_large_x.hlsl,_ZQOHW2S2ZEKRJQRJVRHRWZ5N52
dof/adsblur_large_y.hlsl,_JPFFWPUCBVFRGGNQYN3TNYYT4U
dof/adsblur_near.hlsl,_F23G4UKEIGEPQRAZXZVEDC7J7K
dof/adsblur_near_fill.hlsl,_QFMGLYVZA4OI7PNMSC3P3OD3DC
dof/adsblur_small.hlsl,_HXOOFD26E3PN6O5RXJX4YHKO6B
dof/adsblur_update.hlsl,_IWBWFR7ZELFY5P2INHQUZJZPZX
dof/dof_ads_combine_near_far_coc.hlsl,_XOMYJPKDYLJH4L67IEL47OUO4O
dof/dof_ads_near_coc.hlsl,_H6ZCNLOBXG6MUDQSHIDJA3JHZI
dof/dof_blur_lo.hlsl,_E32NUZXIZWIGUI4GSPAOABEE4T
dof/dof_blur_mip.hlsl,_NCTQMUKF5OIJDI6VVAMSIXTK3Y
dof/dof_blur_smooth.hlsl,_LWIDOYN74AHBZMYNNHTENXRRVT
dof/dof_blur_upsample_mip1.hlsl,_IOYLBTENOODSBTOXFKEZESXDXT
dof/dof_coc_blur.hlsl,_C7K53HJJRMFBFRCJTN7ZQXTSX4
dof/dof_coc_blur_fill.hlsl,_XBF5MZHOD3IENAFINJDXIIS4SY
dof/dof_coc_blur_t24.hlsl,_PSHMU4VLR5QQVSTZ24S6FJKNOP
dof/dof_coc_blur_t81.hlsl,_2S54FA5JC6FLPWHD4LT5JFKSOO
dof/dof_coc_downsample.hlsl,_KE2ROP6U25S2K3HPJZS2PW7H7Y
dof/dof_coc_final.hlsl,_TGYIWNINOIPRKNZMCNI25NS46Z
dof/dof_coc_final_common.hlsl,_BYJOTVTU6QHMALWW2V45STEUUV
dof/dof_coc_final_low_quality.hlsl,_Y45UGSV746YKXMAVRYLKSHDD76
dof/dof_coc_final_peaking.hlsl,_YQ7OHM5PARY5YLO2ECYI2F5C5O
dof/dof_coc_max_tile_downsample.hlsl,_RU32LO5FP4KGLVPV3WEYE2U544
dof/dof_coc_mip_downsample.hlsl,_O6JDWLL6VF4D64NRPAPURD4N4R
dof/dof_coc_mix_near_far.hlsl,_W7UJYHIFMJFSGM3UE3HUEDIAMK
dof/dof_coc_mix_near_far_acuity.hlsl,_S7Y26FIFSBF67LAZUZHNTY6565
dof/dof_coc_near_downsample.hlsl,_6TVXAN5CRJ7A3X5FK4WTR4G6O5
dof/dof_coc_near_downsample_blur.hlsl,_OPURM2P6HAMSMVAN4LH3OVJAZY
dof/dof_coc_near_x_blur.hlsl,_OGUZ7S2WYBDOUO3TF3S46XTZ7Z
dof/dof_coc_near_y_blur.hlsl,_OIUR4LMQYPB2JR3XQDPXLRUPU6
dof/dof_coc_stencil_downsample.hlsl,_CZ5KT25KIJZQO4P7G5HZMNRMZ3
dof/dof_coc_stencil_downsample_low_quality.hlsl,_HCYSHIYZSSAHZJXZRQOPXGNL5Y
dof/dof_combine_near_far_coc.hlsl,_DQ65H44HXURB6454QQV2S44N46
dof/dof_debug.hlsl,_R4OFC5NHAYBCTEDT6XPXFTN35E
dof/dof_downsample.hlsl,_VEN4TUZI57U2NJRZC4UERIAAY5
dof/dof_downsample_rgb_coc.hlsl,_3R4OJ4W2PV3RHJOVV24PEEFGVF
dof/dof_far_coc.hlsl,_BGPB3Q4BRYLF6RI6BXXZRV3C3R
dof/dof_fill.hlsl,_47OJ4U6YPHVFZZNQNHJQ4WPE7F
dof/dof_final_blend.hlsl,_JYAJKPLYIT2NMXKIFO6ZBNOA6W
dof/dof_hq_blur.hlsl,_7QTEMQF76LNFYPPGYUJFOKKVKW
dof/dof_hq_blur_mask.hlsl,_5RPJ5SRBOFI3CSVM4IBE6A2A6Q
dof/dof_hq_downsample.hlsl,_BCCA64CMBDCAQ55FAEXX2L7H7Y
dof/dof_hq_final.hlsl,_NR3K5IC2IWGWYFE75P3T5VK7OU
dof/dof_hq_final_extra.hlsl,_GTC3DVQQUZZDUQAMYIVBIVVF5Z
dof/dof_near_coc.hlsl,_3G5ESPFPKZVTZWIRUDODECF5NM
dof/dof_near_coc_blur_x.hlsl,_FSD5JBODUPMN3VXVSJRLYME7MM
dof/dof_near_coc_blur_y.hlsl,_5GAAZFFCWCAWAYNOF6WP5LIDY6
dof/dof_near_coc_downsample.hlsl,_JCTLO7MWEE5DF3TOYT6ZCUGYOR
dof/dof_near_coc_upsample_mix.hlsl,_2DS5GWAUDL7JVSVIEXICWNV55I
dof/scene_blur_downsample.hlsl,_AGFNPCRBNCV5M6LGCH5ELKWD65
dof/scene_blur_upsample.hlsl,_G7AOIWXPE4FZ6VKA3PPWL3JZ5S
dof/scene_blur_x.hlsl,_KIR5KHBJCA65JGGGSDBAVI3B74
dof/scene_blur_y.hlsl,_6DPAAVQ4QPZ2JHLDCGV4UQV5V4
dof/underwater_blur_downsample.hlsl,_566DP7QQXESGROOBF25BM56N6P
dof/underwater_blur_upsample.hlsl,_2XJECP337LMG2ATR32V2VBXQXF
dof/underwater_blur_x.hlsl,_X44SZORAXFPIH5DPXUNU6Q6Z6G
dof/underwater_blur_y.hlsl,_G3FXJGSHZ3ITT2QEXLGBMQFYF4
downsample_depth_4x_compute.hlsl,_IAFROGKPR2GWJ2A44L6UEQASUI
downsample_quasi_convolution.hlsl,_X3IQJIXJN45PSICP3V4P76RU5B
downsample_z.hlsl,_6WQHKVLGBQ5AK64JTTIQV5ZCZR
effect_cloud_process.hlsl,_FWEMFCQDGSS5GHNLAZGDRFSL6B
effect_cloud_simple.hlsl,_XKPIEMP4Y3WPAIEUY2FAXOYN45
effect_distortion.hlsl,_TMG27FN4VND6DKBHFM4SLW7376
effect_flame.hlsl,_PNZC6L3WTYMIGWXJGTXYIPSO22
effect_simple.hlsl,_U4KYCLMJUVKGMSYRCWJQLVEBUQ
emblem.hlsl,_FEVRGAJEJO47BJZUURVYDXQV43
emissive_decal.hlsl,_347TMNJCQKAH34XP3OGC2I2Z63
exposure_compute.hlsl,_PLPOXIFBU6XCMXRA2LQ3WPWRW6
eye_utils.hlsl,_QIW53GGPYEZM2BBADBG57C7S7C
fontcache.hlsl,_7FCHULT4V4XIYCU2FSU7Y77F7Q
fx_compute_sprite_cull.hlsl,_PKT4ZEZG7S7QTTAJ4WQHBVM7MI
fx_compute_sprite_cull_clear.hlsl,_2DZVIIDCIMQPBOEWNGK77KBLRR
fx_compute_sprite_cull_down.hlsl,_4K2WMSFM52LKACSAH2VOP6S3SK
fx_compute_sprite_cull_qtree.hlsl,_UGMVIDJVIT3TVUFQC23SR3OS6L
fx_compute_sprite_fill_indices.hlsl,_XFEFAG4LW756WNZ7EKUHMEU4UN
fx_compute_sprite_light.hlsl,_4U2QG3PSWD6T37YG47Q64KC3WN
fx_compute_sprite_light_lmap.hlsl,_I4I4Z4C2SPHEVJKZNIHS4EQ4QY
fx_compute_sprite_light_shadow.hlsl,_ZRXJWU3G7A2GYHEJB2NTPJHWXE
fx_compute_sprite_pack.hlsl,_ZQP73CA4ABV2PIJ7Y62RPWF5NE
fx_gpufx_clamp_min.hlsl,_55VRZ3KAQ2PMGTPI7MTEJGDJDQ
fx_gpufx_draw_elems.hlsl,_BPARTOQ7MEE2JBWCUTT57HTV3V
fx_gpufx_gen_dispatch.hlsl,_ERZKUQNGYPJBVWYK4GDYIXUEU6
fx_gpufx_sprite_sort.hlsl,_3TRRA6MHUHP3N55YTKEDLNKTKD
fx_gpufx_update_elem_spawners.hlsl,_DCYX4RJYG36ZWIWSOSFBWRHOPJ
fx_gpufx_update_elems.hlsl,_WFV22AVQYWV6V7RPZRXL7TOFOH
fxaa_hemi_aa_pass1_compute.hlsl,_FQGN5BXW3ZSP6CRNYABUNL3E7M
fxaa_hemi_aa_pass2_compute.hlsl,_TUC537CMQYZPNHA6II4PPJKQ6Q
fxaa_hemi_aa_resolve_work_queue_compute.hlsl,_UM2LPPWCA3YLWBAA4BPLVRYK4O
gbuffer_backlit.hlsl,_GLQLLAWWBAXEDGAMAFUEU4555E
gbuffer_backlit_emblem.hlsl,_TIQM2FZIB2VZ4BCBPILT6AU34N
gbuffer_base_color_micro_tiled.hlsl,_BR4W3YFDAZ5NY2XFD5DHVYJDNL
gbuffer_character.hlsl,_XA3OO64F6JMJMTG3KM2Z5XSSSK
gbuffer_cloth.hlsl,_P5VBZQ3IHYZMXSQ7MEQIIJ3H7C
gbuffer_cracks.hlsl,_OGZY2XIWQEGDSCTCTGKGBX2V27
gbuffer_decal.hlsl,_YONKG52O3NWS7SZBSOIRWF5V5V
gbuffer_decal_ao.hlsl,_2DLQ4H5Q3OZRLFSELYJ5ATQGUC
gbuffer_decal_diffuse.hlsl,_6TSU2472KIVG7KGUVVMAJOO76K
gbuffer_decal_diffuse_normal.hlsl,_4MVTR6E66IZ277M6IFBYQQP677
gbuffer_decal_diffuse_spec_gloss.hlsl,_ZZC5J6U6P6OWU5L6W6CUFDGGOB
gbuffer_decal_metallic.hlsl,_M4KXOJPCYCVQYQ45TJIM2EGC6D
gbuffer_decal_micro_tile_mix.hlsl,_FB6CNSGRBEKH7EZMGR3B2JNZ5O
gbuffer_decal_mp4.hlsl,_N2BVP5S7DVTA2KQPINLYAHSX6F
gbuffer_decal_normal.hlsl,_R6XJAYMW42RVBIZSEA6RXE3G77
gbuffer_decal_normal_gloss_reveal.hlsl,_IIGD2LEQXRYTLX3H47A5KZKR2B
gbuffer_decal_raindrops.hlsl,_WOX3VECKD4BVWNWE4FVUQBFRVT
gbuffer_decal_reveal_script.hlsl,_OKEXI6GRACR5SLQZCGRAT2KC6F
gbuffer_decal_scroll.hlsl,_TFCFUX3AARWEWCBGBXXD4QYK4P
gbuffer_decal_sparkle_reveal.hlsl,_3IK44TUPRMQ27GQBL55BN5LP3N
gbuffer_decal_specular.hlsl,_4UM542H2R44BIADG2WU4V6MPML
gbuffer_eye.hlsl,_FAM6G5HEMCKQUC7DV3GHWN3T75
gbuffer_flag.hlsl,_5RZIYULGLLPLJZNHIJZWJRB5JG
gbuffer_lit.hlsl,_MIJFZBYZBZ23EL2IES6ZACK3OX
gbuffer_lit_scroll.hlsl,_SPEFAS6QBGYUIDNHYXY6GIWP6K
gbuffer_micro_tile_blend.hlsl,_WT3P2D6F5VYBARO57HHKUUKMOP
gbuffer_micro_tile_triple_mix.hlsl,_GQSBS2JPHNI25OGLJ5RH2ANDNP
gbuffer_paintshop.hlsl,_WMOCV5AA5BB47CCACPRLYEZN53
gbuffer_skin.hlsl,_P5BWR6CTV3CHGPXK5FQHMHMJ44
gbuffer_stub.hlsl,_BEGBHCIP3NEZ2TOMKQWPD3W76Y
gbuffer_vegetation.hlsl,_5LEPL7FY4GAJYA4ZMQ6EKRF5F7
gbuffer_vehicle_tread.hlsl,_ZI7NFR273I5IKQODJWTSXYETU7
gbuffer_waterfall.hlsl,_GI3MVONW5WRQR5NCX3BOTE6A6N
gbuffer_weapon_camo.hlsl,_PCMTGAK2GSXPSAEZQ5LPHDUYUY
gfxcore/amddxextshaderintrinsics.hlsl,_AMR4M7A5L2K624PXTLVCG4RE5D
gfxcore/fx_compute_sprite.h,_MEMWIZYD7H67ST75DK22JL3W3G
gfxcore/gfxcorepacktypes.h,_HE6VUQNAQ3NEF4DJCWYMK7AGUC
gfxcore/hlslcoreattenuationvolumes.h,_CCAMB5KXSQET5YKHESAIIFU4UR
gfxcore/hlslcorecommon.h,_FWCS3NYQGZPZR4D4YJ6PXWYHY6
gfxcore/hlslcorecomputeshader.h,_4ZNOIYRWMSWZMD5AASYOH5SH2P
gfxcore/hlslcoreculling.h,_KG7Q5ZWOOYDX53HFETH7GG2I63
gfxcore/hlslcoredeferredvisibility.h,_CQPATAIECYGMC5YJNPQIAACYGL
gfxcore/hlslcoredefines.h,_VY5KFQXEZMRWCYQXVCTTRUBAZO
gfxcore/hlslcoreencode.h,_CYG3BCCR6T5GV3II2WBJX34U4U
gfxcore/hlslcoreencodevelocity.h,_4US6HXJYIFHMUE76IHR6YAFP5H
gfxcore/hlslcoreenums.h,_7JDNQZVRQE4IIBXQQNXKTZZL5I
gfxcore/hlslcorefog.h,_JLDTUHZVB3NIQRCUG2ESWPCUCG
gfxcore/hlslcoreforwardoutput.h,_ZH3AJLH5IZPY4XKMHGSAK3ABEP
gfxcore/hlslcoregbuffercommon.h,_HCMSUXAFPFYVJCF5YIFBUDB5VL
gfxcore/hlslcoregbufferinput.h,_4HDSCWZQ5DM7HANDIUR5J6PIPI
gfxcore/hlslcoregbufferoutput.h,_UW74X3IUBOKT3VJBHWSDI2UM4I
gfxcore/hlslcoreimportancesampling.h,_IYEFTPV2YPOEC7UJINKIUXWB6B
gfxcore/hlslcorelighting.h,_VDVBQHMMTXN4FFAD7MBIVY565Y
gfxcore/hlslcorelightingcalcs.h,_5FQ7IUSNFTEQ4SB6TFUV5MCNC5
gfxcore/hlslcorelightingsums.h,_E5UDU5GGTLSJHO4ENI5U67NKNW
gfxcore/hlslcorelitcommon.h,_I76PHRFLIWEDT324BMIUFUCZ2M
gfxcore/hlslcoremath.h,_P3LQBH5UKLOS5BNKHZQKH4474V
gfxcore/hlslcoreoutdoor.h,_WMHNDZ3C6BAHKYGUZNHUNSUI4E
gfxcore/hlslcorepermutedtiling.h,_3MWPBX2QQDO3TWN53FOPVSLRLN
gfxcore/hlslcoreplatform.h,_SQESUET6OFB7QY2JJS5S5QUT4L
gfxcore/hlslcorepssl_to_hlsl.h,_2J6DWVSJZQKABJIRTH5DVNBRVS
gfxcore/hlslcorerept.h,_FIY63DUXZN5HC7V7AR7OQ4OS6A
gfxcore/hlslcoreshadowbuild.h,_DNCL23XYKIYJKG7AVQBOJRI2ME
gfxcore/hlslcoreshadowfiltering.h,_LG7SSXUBSWI3JWDJETTDN6FWVA
gfxcore/hlslcoresparseshadowtree.h,_MEOBEVGWJ4LDJWGMRV6C5FDPDC
gfxcore/hlslcoresparseshadowtreecs.h,_KUXW3PYWBQ3DH6N33Z7JN3D4LU
gfxcore/hlslcoresunsplitcopycs.h,_COGO7QWIAIBWUSX7ZZNAXXBVRP
gfxcore/hlslcoretexture.h,_UROTHX2PIDVPO5JZYOF7FHIBIL
gfxcore/hlslcoretransform.h,_SCH2DGOCSAFIECEIIAO534DQ7B
gfxcore/hlslcoretypes.h,_4CKQWLNDXE7SMT4ATI534GLQ32
gfxcore/hlslcorevertexmotion.h,_7BCRLJZQ3CWCP6XRXKWKHO3L3O
gfxcore/hlslcorevolumedecal.h,_UJCU4GJB26A3Q4P42PCSBE2C2P
gfxcore/hlslint.h,_TLOYQG2LXI23MCU3SG6U4E6M6U
gfxcore/hlslminmax.h,_KQGGHNMPNHMFD5B7VOX3RRSESU
gfxcore/nvhlslextns.h,_GTJAHJFOHLXVVNV2ZFAEWCKB6N
gfxcore/nvhlslextnsinternal.h,_GU4DRP4VFWRSZKZZ7FEKNYM54T
gfxcore/nvshaderextnenums.h,_WUAARH57EXDFFXJO2366UOFDFF
lens_distortion_by.hlsl,_Q24WGAYQTGLTF3L5KLT42MPE7X
lens_distortion_debug.hlsl,_QRCXRUJUO7QQJM2E5WZLYL3R3D
lens_distortion_rc.hlsl,_2GZ6ZSRMX7KG2ZZAQWVLE6UU4K
lens_filter.hlsl,_EY5CRQUPPQRUGQEA7FMLVFRUVN
lens_filter_dof_coc.hlsl,_NNKDENIK2WSYOKASNBLLL7CGC6
lib/alpha_test.hlsl,_P3HUM53NKMVHJCP73GZGQJR4V5
lib/camo_common.hlsl,_WFMEHERTLCUX7EGCS6CJFOMD4A
lib/cin_export.hlsl,_ZASUWBYKOKE4MUOPCWJLAQBVBA
lib/cinematic.hlsl,_WRHBCX5IXABLT5FFGRV4LB646E
lib/cod7watershore.hlsl,_AGJLKKH352RH6N2VFQZMOIZLZF
lib/color_manipulation.hlsl,_Z7TNXY4WFWSNSJ6HS72VDBCF2Z
lib/debug.hlsl,_4RVAF6DZRLVUH6SHVR2HP6GLO5
lib/distortion.hlsl,_APOZZEOWDSMCG2TZQW34622O6E
lib/emblem_utils.hlsl,_Z77MHMGUCO5RRJPO3MHPQKCXOF
lib/filter_symmetric_large.hlsl,_EC246REYARWLKGWHANSVQHDBTK
lib/filter_symmetric_small.hlsl,_R232F5PRHONEMX4ANMOVVOMX4U
lib/flag.hlsl,_BCX2QTBNYUN4J2YXL5VQHJPM76
lib/floatz.hlsl,_2YYMKIQILVY3CS6KULZX7IRZVB
lib/flow_utils.hlsl,_7LMF4YE4IHN5F457IE4TFEJIJI
lib/fog.hlsl,_OZH76CZWS4U5AWVVHGHZG7ZLZA
lib/fx_gpufx.hlsl,_USCDRTRCN3MU7PWL46ZEFMVC5D
lib/fx_gpufx_atlas.hlsl,_4FBVPXMMKHW4AGI3ANBNSII34H
lib/fx_gpufx_random.hlsl,_U4D35AQLU35YQVMFKHOVSCFDFX
lib/gamma.hlsl,_DO3RFICPE5Y2A6FO5R47YXKJKI
lib/gbuffer.hlsl,_NKQSX4FAZ4NU6TIAHGA5SG7S7B
lib/gbuffer_common.hlsl,_2P5XEPIRJUL3OTBOPSA766ILI5
lib/glass_shard.hlsl,_PZEUNUH6KRAIORBZEWYUJZQDYJ
lib/globals.hlsl,_5HBQ3JFDDMHI7NAYR6LBBADHXV
lib/gpu_skin.hlsl,_UU6QRWLARJSP7GCE7KYSB24X46
lib/hdrold.hlsl,_U5CLES4BX5UJV2V4M43XUOI64M
lib/hlsl_to_pssl.h,_4NVC4IVA6NSXNXHOMQT7IDKIKX
lib/infrared.hlsl,_TIJUSNTXO5ENFE3FMI5TFNY44N
lib/karis_weight.hlsl,_7VICET7Z3UGC6JIYD3SHXJQEU2
lib/lean_lighting.hlsl,_PF4QRCIOC6FZGSQHKVLM4RVUV6
lib/lens_distortion.hlsl,_OFK3QWA3PNKU22S7MMVN2JZH5I
lib/lensflare.hlsl,_TYQVWSDWFRCWLLTXEZYKNRGEWO
lib/lighting_common.hlsl,_USBC5VPPROSPIVMS3FGQAOGE6H
lib/lit_common.hlsl,_5M3WBSYAHG6TIT535HRC7L4N4X
lib/mp4.hlsl,_S7WY6MSRYEVTX7Y774BAS7E5MC
lib/normalmap.hlsl,_7VRT6THHYY4W5AEUOUP7LERVVL
lib/oit_draw.hlsl,_O6HRRJQWSWBXQJU24H4AMP626V
lib/oit_draw2.hlsl,_H2SJ4U4X5NG2WKWN52ZHG42S2A
lib/paintshop_common.hlsl,_3SI7WAEU456HYYSOGBBZQHI444
lib/particle_common.hlsl,_BQWTCOMGIUJ4VH3MGBUX2G7P7I
lib/particle_lighting.hlsl,_RJM7YYE4E5H6PSWVI4WSCAUVUU
lib/particle_sprite.hlsl,_Q5GWQNSD6OGAC5Q4G6SQTCVCVX
lib/pc_resolve_floatz.hlsl,_OFZOV5NXQM4PUT3YUM6APXMIMV
lib/pixel_pos_col.hlsl,_DSG7JCOOWKDKI2EZZBFWW5F4FA
lib/pixel_pos_col_tex.hlsl,_AG2UMVCZE6VRVG2QAXQA66Y34G
lib/pixeloutput_color.hlsl,_ZIMQJRVFP3ZSVW7GRJCOH42H6U
lib/pixeloutput_color_depth.hlsl,_BOSJDQPBTZKUCTKHVSWRYIFTFZ
lib/pixeloutput_distance.hlsl,_6BR5USN27AVFOSZ426LXDNUH4Q
lib/quaternion.hlsl,_3PTNV7TKWTJH6V3676YPG3QJQQ
lib/relative_hdr.hlsl,_X2LPMIN3Q3G7EK623SSAHVW4WD
lib/reveal_map.hlsl,_L2ZYWYZJR7K7MCVPWEA5FI5B52
lib/shade.hlsl,_GMZSDOW6DQKSOUFR7ZPXNSJLN3
lib/sky_common.hlsl,_K246X6EI7JRUOC42XBCJ3NBPFZ
lib/sort3.hlsl,_76MCM3MS2CMMR4FNDNRLVH555V
lib/texscroll.hlsl,_7HNWPNMVXRBU6C2Y4U3UWWDR3R
lib/transform.hlsl,_6ZWEY4N2CQNI4WJTSDR35T6D6P
lib/ui3d.hlsl,_N5Y5HJPPOJRNM3B7H2VTFEYCYO
lib/vertdecl_packedunitvec.hlsl,_3RYRXS5UGNAQOF4HYPOFST4G4M
lib/vertdecl_pixel.hlsl,_IKAHTC5BRLLDLWNEEZ3VO6MM4D
lib/vertdecl_vertex.hlsl,_G3CEZW6OYRMBAJZZ3KSF5SVW5M
lib/vertdecl_vertex_binormal.hlsl,_KMUUIGSDAPGWERJJKTDZFZK6OK
lib/vertdecl_vertex_tangentspace.hlsl,_ETUPS4OJCGIGUKOAZXBB7KYL4N
lib/vertex_color_simple.hlsl,_LKZ4K6TYUKFO4RJH2SMCWJ266Z
lib/vertex_particlecloud.hlsl,_DBCQZIPFWRNWYYCTMNUZLW3H3U
lib/vertex_pos.hlsl,_4XEZMS7RX4HWTYHY4DVGWJF65D
lib/vertex_pos_col.hlsl,_RRZRDD6PVOWDSQXRBBIIDJXWXL
lib/vertex_pos_col_tex.hlsl,_JUBZSVJV6NWRNH2V5MBKADTN7U
lib/vertex_pos_nor_tex.hlsl,_NXZW54CTGXZHYSPFQFBHMYG66F
lib/vertex_pos_tex.hlsl,_KWVDXX25IEJIH35XSCEG2EGIGI
light_culling.hlsl,_ZQEF6QJHUKCWPJRVXZDNCIPP7U
lit.hlsl,_E3HAJ6VKBCGOYBGBK7NTU7SL24
lit_anisotropic.hlsl,_TJJT4YFG2YELN4AR2SZ4FQG7OW
lit_backlit.hlsl,_2A2A4MGZVIW3UAXRT4FAZXUVUG
lit_decal_sparkle.hlsl,_MVN566NUE2XMCCUZWPBNATZX5T
lit_diamonds.hlsl,_O3Y3RZECIIMNSXJDQHXYYG232Q
lit_emissive_layers.hlsl,_5QOVHY4ZI26I55V4UTKBW55G55
lit_emissive_transparent.hlsl,_HWI7WX7WJQ4ATPLQE6DYIDYW4E
lit_eye.hlsl,_O7ZHFIFURL4SFIYIWL46KPKUO6
lit_flag.hlsl,_GNHXAINQYFTX2FIQ7RPLIFPVPZ
lit_glass.hlsl,_3JTB7V6EEUPS3TTZOOCNUKMVMA
lit_glass_nocolor.hlsl,_6CLUCX2QN4III5F6VFZPPMCSSB
lit_hair.hlsl,_D2QY5WCJQNNO3T2IGJ3NTPHFXQ
lit_hair_advanced.hlsl,_GTQJQXUCA6HWHILWKRRUM4XMXI
lit_micro_tile_blend.hlsl,_JSWMGVFKBFRU7TQVULPQYRHQHF
lit_paintshop.hlsl,_EZPA5IJN32ELPGWVRWVAWBYX4O
lit_skin_advanced.hlsl,_VRD736XBKVMEIHDPCO3WDYLJL3
lit_transition_emissive.hlsl,_LIKN63ED2G2EZCB3O36VO2747V
lit_vehicle.hlsl,_HT7MWXBGUWNOZVLGC7P3KTGRWG
lit_water_sim.hlsl,_UJDHKA7VVWVLHPNW3YM2WKCN6Z
lit_water_sim_bugfix.hlsl,_MZ5GWYDO6HXS7UDRARKDVUITMQ
lit_waterfall.hlsl,_IMRG45YGROQCFGCTNFQLFWC6SR
lit_wvl_mag.hlsl,_2RO7X4UFQ7DTK5UBKQO2MMQUQU
lut_alt.hlsl,_Q7TAVQJ6V7GVPPMCA7AKHZKGOO
matrix_mode.hlsl,_PR7DAA2THVP4Q5RXLVZREUEUM6
monitor_calibrate.hlsl,_XHKM4XOHQAHEBBIKQHDLRBKN27
motion_vector_static.hlsl,_QX5OE5ZQIMNGSHCSI57IWSL3LU
motion_vector_static_compute.hlsl,_XNUHLYDCCQHM22EKX43FAISHWR
motion_vector_utils.hlsl,_R66KFPXWNGRLMSC2T5E6X64F4U
oit_apply.hlsl,_AWWLIRLBRH4JTD2PVEL2F5IE4I
oit_apply_debug.hlsl,_4XFGR37JC55RUTMRWJKQUCVZVD
oit_apply_shadow.hlsl,_ZD4JXE57LAORQUC3OEK7N3NQNX
oit_apply_ship.hlsl,_E67GWTZNZVS25MGIKDR6OFTET6
orbis_clear_gbuffer_ps.hlsl,_FUAQABDVUUETQUUMPA6KGQAEUF
orbis_clear_ps.hlsl,_VU4QGDFKOVDLUI6BMIFGNUA3YY
orbis_cs_fastclear_c.hlsl,_NBK47KQ2NEPX7IX5QLI3OTNZN6
orbis_cs_fastcopy_c.hlsl,_M23FK63ENVJBN6JZKW45AOTNXF
orbis_cs_fastcopy_c2.hlsl,_QLPZ5LB5U27HO5CX2QVSPTEWMH
orbis_full_quad_vs.hlsl,_KOOSYKAJGN3DRP2AV4L56JWIWT
orbis_zero_ps.hlsl,_BBRFVAAQWSTPMI25VGMY65SJW3
overdraw.hlsl,_VIJLB6644F33GQFMTRSNUTZZ5I
overdraw_overlay.hlsl,_33QNQRMDB3WRIJTKYXPB6VUX4N
pc_resolve_floatz1.hlsl,_CCHZOUAHGX6NGDLEMLFTVOISYA
pc_resolve_floatz16.hlsl,_PIJBWMFAHAQPXVHTMQ2DDXGW6T
pc_resolve_floatz2.hlsl,_LMDC6AXSJBDLLFP3N7C2C5O2O2
pc_resolve_floatz4.hlsl,_U56EBRQ65KTO3QRSZRSXUPQR4D
pc_resolve_floatz8.hlsl,_DSI7F3LJNJBSPGMP7WIHMAXM7F
pimp_objective.hlsl,_LSCKSDO2MPDUYQ44IFCFCHWN6Z
pimp_textured_simple.hlsl,_Q5NVJ4X7LESWXETUPB4PBFG6GG
postfx/2d_out_of_bounds.hlsl,_N5AZGYMONM6H5M4JPH4P752V24
postfx/2d_tactical_damage.hlsl,_UKH7OTVB2R7WRE7HUPPTID7E72
postfx/2d_teleportation.hlsl,_SDEYX5AIJ2XWWHQ4DJLVDD6A63
postfx/2d_water_dive.hlsl,_XNRLSXTLHSS7E52NTSTHOSLF3L
postfx/2d_water_sheeting.hlsl,_JCKWL3YNC6YQIR3GCZ72FMJJZ6
postfx/ability_clone.hlsl,_EI2533RP6WHIDBSTP7G6D7LE3V
postfx/alpha_blend.hlsl,_K7NPMYGMXWLUVX4GD2MIUA5K5N
postfx/checkerboard_separate.hlsl,_4LSMRF4OG2OI5LD55LQHSYE6ML
postfx/checkerboard_upsample.hlsl,_PIG3RXMEM4N2ZMFAFHJEGPA3UC
postfx/checkerboard_upsample_smaa.hlsl,_CD5CADOBLAAAVLOKTG7UWJ6U6M
postfx/darken_screen.hlsl,_HHTYI34HRXDA3ABXJLAWYEYS4B
postfx/dni_interference.hlsl,_36UVUMIBIGYMKBAVNUGN7HP5PN
postfx/drowntown.hlsl,_33U4KXWV52FNU3N47UE2LNQ3QQ
postfx/engineer.hlsl,_BUK345OHBWRKKAIQZW2V7G7U7I
postfx/ev_interference.hlsl,_4SHZ33ZZ6L2PIGNWVVHP26LB7M
postfx/feedback_blood.hlsl,_DLGAILHZ5Y4MDLFF3G2TGAYA4I
postfx/feedback_burn.hlsl,_7VT6VRX2UUORMBUMHUG37PDKHF
postfx/feedback_frost.hlsl,_2TJSTZDSKZKF22QYCJW2BU7573
postfx/flir.hlsl,_N6YRM6JZSWWQ4ZT45IMS3AL7PY
postfx/frame_transition.hlsl,_ZCDJA6H3P4RYPOIGUFENAFAMM7
postfx/frame_transition_dest.hlsl,_QH5VLWBYWAIMGNW7AVJMSO6G6N
postfx/frontend_gun.hlsl,_RIX4WKOTRXB4ZFJBWFWUGR3G3V
postfx/heat_pulse.hlsl,_2AW7GQXVOZYYMDQPCB3QGXL2LL
postfx/keyline_blend.hlsl,_O7UXH6EQXNNYVLGILHZUYWJJN7
postfx/mblur.hlsl,_LX5N4OU2YJ3SRQZ4267GNGI4IK
postfx/mblur_decl.hlsl,_4MRU2KOPEEGVXN44A5G3RTGVWS
postfx/mblur_mv_depth_composite.hlsl,_YCXRWIEZIQNA3FXFBQDXSXERUV
postfx/mblur_tile_downsample_0.hlsl,_PUASKN5KUBBLOWRUMGF6TGIXMW
postfx/mblur_tile_downsample_1.hlsl,_IKP2QXOKAOHS2RVY2HPBTLQG4R
postfx/mblur_tile_downsample_common.hlsl,_ZD2X2XDFKPWIQWBXJO5CBVWG6Q
postfx/mblur_tile_neighbor.hlsl,_TWBNH7PI3WHBCKDFXK52WZZU5A
postfx/moon_helmet.hlsl,_H6VAALK23IPPBAQ2XX5YGUHDXM
postfx/multiple_overlay.hlsl,_7BK3DOWN73QR4CMRMI2AEYZBZN
postfx/passthru_clamped.hlsl,_B7XVWLWBXKUWX3QQFNWPKZLOPZ
postfx/postfx_aberration.hlsl,_NBYOYYE5ZXMUTBI7FWBTX6CRSV
postfx/postfx_blur_gaussian.hlsl,_QAQAQH3TEW57J5J3IIUGSE327P
postfx/postfx_bundle_test.hlsl,_RSQNMQ4J2SXLCUQKFGEE5HINYK
postfx/postfx_catseye.hlsl,_BKUM7XTPY7SILVYPPNFYUZXQX2
postfx/postfx_chaser.hlsl,_S2BZYYIM3MULZ4RZFEFWCUTZXK
postfx/postfx_circlemask.hlsl,_ME2QF3R2ZUQGBR4J57U7LU7V72
postfx/postfx_cleanse.hlsl,_WYUL55FY64VF6UZAKU5NVU6R6E
postfx/postfx_cleansepulse.hlsl,_S5XSOEZFMA3PWN7LJRE4457C7U
postfx/postfx_codcaster_keyline.hlsl,_KU6BX6LZCM3F34X5WAB5BHEDE4
postfx/postfx_common.h,_N5AL4K473TU5OQ3IXT4ICOVF57
postfx/postfx_dragonstrike.hlsl,_H5DBRZSDDUDOICSQFN6OM6JT53
postfx/postfx_eacpath.hlsl,_HF5DXFI7GZUI2GHVNP6DFQZBZZ
postfx/postfx_edge.hlsl,_UOX6IOCLKQ2DLNKAIPT7GH777M
postfx/postfx_electrified.hlsl,_VOJKES2B5E4YNREE2DC6WA6I6G
postfx/postfx_fsblur.hlsl,_DRZGK5A7CTR57AUBURYSGILUP7
postfx/postfx_heatpulse.hlsl,_24FQ6WKMAVADTWZEJCXS5BLFLK
postfx/postfx_hitzone.hlsl,_Z5S7VIDPGUKQHN7IHPRK3PI5ME
postfx/postfx_hotzone.hlsl,_PFRGNNLPFUCOWTN6NZ2XECSXWA
postfx/postfx_hotzone1.hlsl,_SYPHLAAFAZYZRUFFTYT4P64B4B
postfx/postfx_hotzone2.hlsl,_DQ5JXNDZQIBJBDXJDZQ76DME4I
postfx/postfx_hotzone3.hlsl,_7TQ7MXND6TP7G4KV7RGZKIXL7L
postfx/postfx_hotzone4.hlsl,_3PDJE3HHCBRKW4GKMMHNWBQXU3
postfx/postfx_hotzone5.hlsl,_6XOECQLR24VQWIEX3J6A5HD6LT
postfx/postfx_infrared.hlsl,_GBWP7MZOKZTBJRWDI2NLMSFC5U
postfx/postfx_keyline.hlsl,_35WMQZVN34AFEKWPMN2SHMDXP3
postfx/postfx_keyline_depth.hlsl,_AN5TWMILMGC67GTTPIHJVWEME6
postfx/postfx_keyline_zombies.hlsl,_6T474VBHYW5V6XRYLB5U36MDMM
postfx/postfx_keyline_zombies_friendly.hlsl,_C3H5SQANIUTWPD22F3EJTSKY2T
postfx/postfx_motionpulse.hlsl,_4JMSGXBMAXDS67EA26TY7B6B6U
postfx/postfx_radialpulse.hlsl,_KPGCDNN5NPEGU2QMZKIEFAE4U7
postfx/postfx_radioactive.hlsl,_ISYJC4CYSRDOZBI64NBEHYJ5Z6
postfx/postfx_randomfade.hlsl,_C7RBUXETLUQLOZM2DMDHGBRF5Q
postfx/postfx_speedblur.hlsl,_WNUW2774RRHQFRTWFV5KFT6T62
postfx/postfx_swirl.hlsl,_4BMWLOBNPLBSQVMY4FLO3NG7W4
postfx/postfx_tacscan.hlsl,_FHLFVSQZKM5BRCPXUDXGXZINID
postfx/postfx_thermal.hlsl,_DCWMDER5TKNACGNI7W6W5UXT7L
postfx/postfx_thermal_scanlines.hlsl,_CW66IGZ2CQCSYMGSNDHLGMMR4S
postfx/postfx_transported.hlsl,_VOJKES2B5E4YNREE2DC6WA6I6G
postfx/postfx_uihud.hlsl,_NCG2G52AZWU5FPIQ6UQ36ELMP7
postfx/postfx_uihudx.hlsl,_37BF7FGXNHSUNYBVJ3EQNXB5BK
postfx/postfx_uihudy.hlsl,_C7HY7JHALJTAWONV7CMLMMDNLS
postfx/postfx_weakpoint.hlsl,_USUZRI6EFEE3FS3ODBUJEPCPWS
postfx/postfx_wobble.hlsl,_6LH525AAXOASRK25YHIRGS2Z6F
postfx/postfx_xray.hlsl,_ZYSIFSQTJ7N7W6TRX5J447O5O2
postfx/refract_reveal_blend.hlsl,_U3M7ED2AZFQKUTVJAINOFP2Q6B
postfx/reveal_blend.hlsl,_AMG4VSOZ4YY7UHAI6VXU3LU6UZ
postfx/screen_warp.hlsl,_ZZ7DB56ZYBNXYGX3HIPSFQYL4M
postfx/speed_burst.hlsl,_DEI53WLMCYMZUROAA2NLQRAVQB
postfx/sprite_additive.hlsl,_LA6Z3KAUQXV2GUNAILPNMHD2TB
postfx/sprite_blood.hlsl,_IIMAUFERI4M546FXF6QRZJPPPE
postfx/sprite_dirt.hlsl,_B4WJCNIDUDPUS6XLB4YVJGVFVL
postfx/sprite_flipbook.hlsl,_YZ5YT3H7FOUV3ARDZK632O3A3X
postfx/sprite_rain.hlsl,_FCSO2BNX7AJEUQCUFVKFQ7UNUE
postfx/sprite_transition.hlsl,_K4MVML2ECAGX2FICAL2UBEJGJP
postfx/vehicle_takeover.hlsl,_NRZE54VY4T275RTUOCTLUHYG4E
postfx/velocity_util.hlsl,_73IRQI5AY4HZ45F4Z6JBS3JNZZ
postfx/vision_pulse.hlsl,_MS4J6SX4PMTZR4I262CZJSOJON
postfx/world_construction.hlsl,_Y3VWSEYAJCPMYO7WICKLQJJGN6
postfx/zm_beast_mode.hlsl,_7MKPQOW2ANCGRKQAWN5W5SMG47
postfx/zm_screen_warp.hlsl,_CASHURV6F7ZLPY3U3VTSP25U5S
postfx/zm_teleporter_background.hlsl,_BIDK5USNHW2N7LOLWKLIWEFIVA
postfx/zombie_blood.hlsl,_636M27IQP6EG7KTDQGRSWBP377
purkinje_filter_dof_coc_camera.hlsl,_62A6XAJ6WK6IBJXG6JGFIZYUYU
purkinje_filter_dof_coc_view_model.hlsl,_N2DXV6U3AXDEVGVBIX6M7XNGNH
reflectionprobe_common.hlsl,_FKBB4V5WIMPYEB7F56DGZIX37P
reflectionprobe_compute.hlsl,_YO2ZPLJFEYKTMGU2K2D23ENXND
reflectionprobe_compute_cube.hlsl,_R5LF32SEWE4U3A2HQ3VIP7S52Z
reflectionprobe_compute_cube_debug1.hlsl,_MQ7Q4HEJCS7BQW5X6SWZABDR3N
reflectionprobe_compute_cube_debug2.hlsl,_L6PSJ7UDGLLVE45YSOH2JPOOOD
reflectionprobe_compute_cube_internal.hlsl,_2EINJP2M4JUM3HUSJ3ECPAYUYF
reflectionprobe_utils.hlsl,_AXOQVXKXNMLY2ZKHNDDSN2KC6U
resample_compute.hlsl,_W4P7P2DTZD5U6PB5ZSY4A7ABYO
resample_cubic_final.hlsl,_GORD3IQK722NKXIKLM56AOAKU3
resample_dfe_color_circle.hlsl,_LY5DKXTYFBR4V3ZA3FQAR5ZDZH
resample_dfe_downsample.hlsl,_LY5DKXTYFBR4V3ZA3FQAR5ZDZH
resample_dfe_outline.hlsl,_TIERWAYFADG3IWJUZSVCYIVVVR
resample_final.hlsl,_CQPO5WFGGQKPCFOTNGRFUUUM4E
resample_final_bm.hlsl,_PP5Y5TU4677CX64LOBD46OBHRI
resample_final_bm_1886.hlsl,_5FGYMHOOSV4VQ7WVDJBYEUTIXQ
resample_final_bm_null.hlsl,_SXTFSU7IWUGIFH2P76UF2PAFEF
resample_linear_clamp.hlsl,_IGPITF6D4D4IM2ZMQVOK4OAWYA
resample_shift.hlsl,_GCICSGI5D6QQGLPLB36MRJWKWH
resample_video_r709_f.hlsl,_C4LEE6PXSBUGIHX2RFXKEKUL47
resample_video_r709_l.hlsl,_RCGKWDNAJK6DWR3RPT6PO4IIM7
resample_video_srgb_cb.hlsl,_O6MKFNIRSVCUTU7ZBWZSDET333
sampling_noise.hlsl,_LPN3YPJMERWGYOK44RAD2KVPVL
screenshot.hlsl,_NBO54JWD5MUPHMRHVZDWAQMM4K
separable_sss.h,_SQUBQ5YH2NQQE4PN5ST6VZRFVE
shaderworks/sw4_2d_80s_text_single.fx,_63LHBIZ6OSEPXNLYW3PMIJDTDV
shaderworks/sw4_2d_alphafont.fx,_I6UXTF2X2GMCEWL7LMYDWWIB4B
shaderworks/sw4_2d_alphafont_glow.fx,_I75A6JBYIP3EPHSTEUR6AC3S7U
shaderworks/sw4_2d_anim_icon.fx,_5B3DEO5PRR5Y3GG6UYTTGOHFHL
shaderworks/sw4_2d_anim_icon_offset.fx,_FOUT7E5IN3KJT2UGBUYBB7HFHH
shaderworks/sw4_2d_arc_outline.fx,_J4XVVJWQ5Q75UBI56AK5CAMJMG
shaderworks/sw4_2d_bink_visor_warp.fx,_W77DFHQVCS2YUEE3WBQ6233434
shaderworks/sw4_2d_binoculars.fx,_6WPAQGRF6BBHJCMDIFPDN5V65K
shaderworks/sw4_2d_bitchin_clock.fx,_MUUJBPRRLBTHLW2OMFDJTDEUEL
shaderworks/sw4_2d_bitchin_desaturate.fx,_NKZHKAH2BTEULNSOUGJEXCX374
shaderworks/sw4_2d_bitchin_flash.fx,_Q5PHXEH5ZDCP7JLUAAR6YSD6LV
shaderworks/sw4_2d_bitchin_glint.fx,_3UA66D7KFHLB2Y2TB7VVQGGX6Z
shaderworks/sw4_2d_bitchin_glint_reveal.fx,_PPPSPLSR5NOLQ76ZC2VFV5246Z
shaderworks/sw4_2d_bitchin_grid.fx,_6BYSZ3PP2F26BUMLNYQYIAIIII
shaderworks/sw4_2d_bitchin_mosaic.fx,_N5FY4AVRFDS3WLV6YQDYLNU24D
shaderworks/sw4_2d_bitchin_tiles.fx,_T7QHLQP5DBFGHHHYUN65WLM6MA
shaderworks/sw4_2d_bitchin_twist.fx,_6WMMPPFRGHUVSMJJ33I24GMGMY
shaderworks/sw4_2d_blood.fx,_7JUWNDUDOFO7RECMQEGDQ6QHUL
shaderworks/sw4_2d_circle.fx,_5ADY2WRJMX5KQKE2MLNFV5EIM5
shaderworks/sw4_2d_clear.fx,_H6L3OJU62N5WAOKPXT3CU6KH64
shaderworks/sw4_2d_color_add.fx,_OFWPKO3LKTFBU3WGBE3JRGDKPE
shaderworks/sw4_2d_compass_map_static.fx,_ERQNPPDVICU2HXDBFZLMWWNO5J
shaderworks/sw4_2d_compass_map_static_mask.fx,_VW5VMCBOLINMC2WKRAEQWYSUSB
shaderworks/sw4_2d_default_add.fx,_AN6MXDOK6W6YLHWRGJUVAJRMZI
shaderworks/sw4_2d_digitalnoise_no_signal.fx,_TV77C3QXDHMRF2DJ4GDVZLCPKD
shaderworks/sw4_2d_digitalnoise_projected_grid.fx,_5XMWSBCAIENZNAKX6ZRESRUB4Q
shaderworks/sw4_2d_digitalnoise_qrdrone.fx,_QYXBW6GSPPN3E6CPXYPNN5ZEZG
shaderworks/sw4_2d_distfield_passthrough.fx,_EYVIQTOSTLSOBU52OMV7WDXM74
shaderworks/sw4_2d_dual_color_gradient.fx,_MB4ZCUBFB4UM6UP5VCTOPH3N3Y
shaderworks/sw4_2d_ekg.fx,_6D5K7KWX4NC6FWQAIIU6GE2G2V
shaderworks/sw4_2d_emp.fx,_G2LPJXY6GHUKKOAKJVEGKWHKHY
shaderworks/sw4_2d_emp_damage.fx,_IHZDW5SRBIIVPT4JBJWR3JUBU7
shaderworks/sw4_2d_emp_dpad.fx,_ZZP7WOYDVYQEDYI6XTJDNJAQUE
shaderworks/sw4_2d_flicker.fx,_QILPTA3MRHTQTFU37N5KFQCH2T
shaderworks/sw4_2d_font.fx,_WXSM6ZBHKEQN6PPWFFQPHDXNXM
shaderworks/sw4_2d_font_cached.fx,_DXCRQQ2LJ7F2LOQN545XRXLH7K
shaderworks/sw4_2d_font_cached_distfield.fx,_6G7QBWCLSFKSP2VLNPLYYKXAXM
shaderworks/sw4_2d_font_cached_glow.fx,_SCF6M4HEYPXGFSDSFT4SIQQOYW
shaderworks/sw4_2d_font_cached_outline.fx,_42XJ2W36SXOSGWN53TJCMEFINY
shaderworks/sw4_2d_future_text_single.fx,_YEYAAYAH5DHNP3H6MWM4DOLDPG
shaderworks/sw4_2d_globe.fx,_EU5BS45EXXKV2HFNO7TZDBAEMF
shaderworks/sw4_2d_globe_game_controlled.fx,_VBU5II6LYXQ4CULEU2FJINC66C
shaderworks/sw4_2d_grain_overlay.fx,_7EEBAZS6SZU7WAYVU2OILPLZPK
shaderworks/sw4_2d_heatmap.fx,_OX3T5WXNWQAQ242QVSM7E4VEVZ
shaderworks/sw4_2d_hexagon.fx,_XWUH46KKVZKNONJRYCLUNKSX2O
shaderworks/sw4_2d_holotable_grid.fx,_ULHNZGMSGS2K7CNMIGDSZWFHF2
shaderworks/sw4_2d_holotable_grid2.fx,_7LYF567VQ4KDTO5P5F3GKKJLNF
shaderworks/sw4_2d_horizontal_scroll.fx,_LOK6H7KPFFXWG6SKK4KMBOUM4M
shaderworks/sw4_2d_hud_outline.fx,_AC6YL67QQE3W6VZYZ4Y4FWCOOF
shaderworks/sw4_2d_hud_quad_rotor.fx,_ZXDH5VSKHP7AUR4SE4FRN3757Q
shaderworks/sw4_2d_infrared.fx,_7NAZ3RV3VDDSCRVIUUKUEZPT7R
shaderworks/sw4_2d_karma_spiderbot.fx,_6AIKJVB2GOMZPOBTA3TAHGUCUK
shaderworks/sw4_2d_laser_scan.fx,_EBEDSEJ4YUG34XQ7SVJUFISJ6B
shaderworks/sw4_2d_league_icon.fx,_NZDR6UURRV3PU276D4UEODD7HD
shaderworks/sw4_2d_league_icon_small.fx,_K2WOHPREQRNUXAIELVFIXYFVFH
shaderworks/sw4_2d_line.fx,_4ZBBNZRAOWWBQKMQWDYJOHHCHP
shaderworks/sw4_2d_model_outline.fx,_YVMDK4DDGFU43CDZIGORNDIP4L
shaderworks/sw4_2d_momentum_meter.fx,_62W6BFJ55KBMDJVRHGKDU7QDYX
shaderworks/sw4_2d_oxygenmask_overlay.fx,_VDBZ4VQGNH2ESA4SG7BFIH5G56
shaderworks/sw4_2d_oxygenmask_postfx.fx,_YCEQKTU5G7ZDFCUUDVGZGJTB7X
shaderworks/sw4_2d_piechart.fx,_HBO5EVNA4BD3ZWTRPL36FLEC42
shaderworks/sw4_2d_reticule_wa2000.fx,_A65AHINK7DKY4NMKELPTQXX4XE
shaderworks/sw4_2d_scrolling_smoke.fx,_NPME6MEPP3C74QSHIGCJ44DHX6
shaderworks/sw4_2d_sonar_attachment.fx,_4M3UXYTEX7K6FXQXSKBDZPYGYB
shaderworks/sw4_2d_sprite_raindrops.fx,_5BEYCMYEMV4GIQKUP5H7CGLOPA
shaderworks/sw4_2d_stencil2color.fx,_QT5IY2WQL3QVNSPOYP423DPG7D
shaderworks/sw4_2d_tick_mark_gauge.fx,_22YEAA44AFVIOYZHCFNHSYATYL
shaderworks/sw4_2d_tile.fx,_RWWRIB4O4BZX4CVAKZ5RFIDSXW
shaderworks/sw4_2d_ui_mp_blur.fx,_5NZ4PFQ54ZB43INDODJBTCT775
shaderworks/sw4_2d_uie_font_cached_glow.fx,_XFDSLCTCTGKBHC2AVQ7LIESZWF
shaderworks/sw4_2d_uie_font_cached_outline.fx,_XH2YCSHJEHZHVH77LQNMD6OOOG
shaderworks/sw4_2d_vehicle_damage_nogrime.fx,_VDNCTMXVGCEITMMJFCRNADFIV3
shaderworks/sw4_2d_visor_rgb_separate.fx,_RLGMJQRCXFDUTUUEHBSELWIUYK
shaderworks/sw4_2d_visor_warp.fx,_YEUODDYR2WSWOHDUJSX4EJXE7W
shaderworks/sw4_2d_yuv420_to_rgb.fx,_RFZKYGQ2XZL7FGJFM2GC2WU74P
shaderworks/sw4_2d_zm_turned.fx,_V5HMQTH2BAAHEPBXSRUVCECKKR
shaderworks/sw4_uie_dashed_line.fx,_276LYT4ARZ2CROL56JF4KGYIY2
shaderworks/sw4_uie_simple.fx,_FVQNYL5UXMCOEHEM2YRT3JPCPM
shaderworks/sw_system.hlsl,_R4CSS4MWLXX7E4VXBWKLM5GEWM
shell_shock.hlsl,_PJVTNH65GGICL6WCMCZIDHR3VS
shell_shock_flashed.hlsl,_NWYENXIOGAP2ELCH4N6LHMM44F
show_probe_blends.hlsl,_42T4EER4VPJEBF6XCTGJ6I6766
skin_blur_ps.hlsl,_EIUI4WX7JF6ORE5CVS6QHWAZEY
skin_composite_ps.hlsl,_UYFMZQYLUSMNAU4FRFNQRRL536
skin_hblur_ps.hlsl,_HK6D6PVYTD5PJ4WZY4HGCYND5O
skin_vblur_ps.hlsl,_MV56LJUFJJ4Z5WPT2HINCCB4JI
sky_latlong_parallax_hdr.hlsl,_JSZTHQWQ27HGXPYZ3DNV7YIQYN
smaa.hlsl,_J2HSD25LC4NBJ74U446EHTMB4J
smaa_common.hlsl,_HIAHC24SEUAWYKQQ2WULUMF656
smaa_compute_common.hlsl,_6UHBQBLN5DKS7FLJWFQTPPYE4B
smaa_config.hlsl,_NMH2J3SCOR4C4EPWQEPXF6256G
smaa_neo.hlsl,_AA35QRMUY7XTRE6RKT6KMPP277
smaa_new.hlsl,_BDZ3OVWJE4RJCZC3BZBFBSD77U
smaa_pass1.hlsl,_YO4LY5I7S6BWDPIKRE44CQFDFF
smaa_pass1_compute.hlsl,_ANA2UKBAO6EW7JDRV7GAE66I62
smaa_pass2.hlsl,_NJ5AAIGTOAK7RIYXDVPOLBGLGB
smaa_pass2_compute.hlsl,_6I6VZSHPWLZS7D3AODVJDFGNOW
smaa_pass2_work_item.hlsl,_PCHJSA27FQ7EMJQVPQVLTIBOFU
smaa_pass3.hlsl,_CEZ3DB5FPGCJA6O5A6ENK43L7H
smaa_pass4.hlsl,_W4EGHS4MYLPSBYFESDTF5RLN7I
smaa_pass4_compute.hlsl,_WD2QQU5VIXVNSOBVMPUDUJCPKF
smaa_pass4_work_item.hlsl,_NFLBPFV6E3QNK7XSHKTM4BE745
smaa_resolve_work_queue_compute.hlsl,_FO4YPDDC5BMLKBYMVHDADO4T4F
small_blur.hlsl,_WJQHRIHHOO2NWZBPS73FL43W7E
specialty/cloaking.hlsl,_2B2WFRJXZMNIF747FCLG5XI64H
specialty/cloaking_fade.hlsl,_SLPB2YUF3EJKX6EFJPHQC35R5I
specialty/decal_emissive_dragon_wound.hlsl,_WJ7TZQCKEVZIEMCQDEGMNENHND
specialty/emissive_objective.hlsl,_KWTWYLBXOPMPS6IZI6JBFYBTV5
specialty/emissive_passthrough.hlsl,_BYWYTV3EZGLJEWJXAU4LDCQ6UH
specialty/emissive_passthrough_flow.hlsl,_XJVYZU3GCET6EZYXDGWKWVEZEP
specialty/emissive_passthrough_scroll.hlsl,_F4PESRFFTVMGKZK52DRU4JIX4L
specialty/extracam_multiple_overlay.hlsl,_K63L7QRBZ3TWM5OF5XJNSH3G7M
specialty/gbuffer_license_plate.hlsl,_WHNNVF477POLGO4AYQC2FS5T5S
specialty/gbuffer_tread_micro_tile_triple_mix.hlsl,_BUEUL7ILI7UAKJA76OFSPCASAF
specialty/ghost.hlsl,_W6VJBD4AOR74YJNP2NVBPRZZ5H
specialty/hacked.hlsl,_6PUKHLJRWICVQGVTH3VK7EN4NQ
specialty/hud_outline_model.hlsl,_74CSLYDN7DIETLWPV7DHV55C5O
specialty/lit_emissive_aberration.hlsl,_4ZSLRFDAPOKMMPUTJY4E5TG2GU
specialty/lit_emissive_clone.hlsl,_RHCKUU23MDKJB5MOK6J53T2362
specialty/lit_emissive_dni.hlsl,_TYO7YERBTIAE2ZMRP3YHUTT43B
specialty/lit_emissive_fx.hlsl,_IPZ3PHFGDKR6LLDCKLTY6YJHNA
specialty/lit_emissive_lava_flow.hlsl,_RUFTUMWXSMLA7L243T4BVHY3YF
specialty/lit_emissive_sky.hlsl,_SDFN3CFJV6JVFEAZS5ZHXLQEYS
specialty/lit_emissive_spectre.hlsl,_5X264QSTYC6765ACSYLWYJNYNS
specialty/lit_emissive_synapse.hlsl,_TSKQSODTOWXX2NPVJFDY7LIOIH
specialty/lit_emissive_transparent_vectorpick.hlsl,_TDW6PVNWR7GGB6H5H35GM5X27G
specialty/lit_emissive_wobble.hlsl,_HPKURXBBL3BYSVQBI6WHB7KWOU
specialty/lit_extracam_reflection.hlsl,_PAW4CA6OVDHFXNNZPVBCWHFH5I
specialty/lit_sparkle.hlsl,_RRFX6DGPVLX65O2BYBNMMT7G7T
specialty/lit_transparent_scroll_cloud.hlsl,_VIF7V5TV6WGR5Q4QXEFOEURQR7
specialty/power_armor.hlsl,_VQJGSD5ZOHMXBPJL7JMPPW2T6J
specialty/shock_field.hlsl,_O7AIY5IRUPWDM5IXBRUIHMKZK4
specialty/sonar_normal.hlsl,_OWGP3JJHM7VQSVWFN6QD5XZNZ3
specialty/thermal_scope.hlsl,_I3CSRSP3CMWGDQCFL5JG7RA3M4
specialty/thermal_solid.hlsl,_GQ6DAAIKMVQ7WKD2KESUX5AXUI
ss_raytrace.hlsl,_X6E3AGP3OFTGPRVFZNNCUCLI3P
ssao_debug.hlsl,_5CJMYRYM6CK3EAKQRM76MIQYY4
ssao_denoiser.hlsl,_EE2PDBKE2OG6PYTRMSNWRRSSWX
ssao_denoiser_include.hlsl,_S6V3LKANHTRYUIT4GWDR7JSYW7
ssao_gtao.hlsl,_MTYFVXW27OLA7D5H5FIZPZYJYL
ssao_gtao_include.hlsl,_S4EO3RRUZDC2NXH6UFNEBCPR7L
ssao_hemi_ao_blur_and_upsample_compute.hlsl,_TEHXTVADCY7STKCWEYN3O2W6WV
ssao_hemi_ao_common.hlsl,_XUWAOCE6B7QIY46FMYJ2Y2YI4U
ssao_hemi_ao_linearize_depth.hlsl,_JJZ6DYHKMNRO3CL3CKA57HPN7N
ssao_hemi_ao_prepare_depth_buffers1_inc_compute.hlsl,_CAKMSPSBPOYEIV26Z4TOVXIEMX
ssao_hemi_ao_prepare_depth_buffers2_inc_compute.hlsl,_URDTNPFULTXAAIAB42Q3PNFS5C
ssao_hemi_ao_render_compute.hlsl,_23NCKB67MCA3WJKUMC4EUCXDXI
techsetdef_2d.hlsl,_4V3PJFS5ZG24VKQHWCCYCPOOOU
techsetdef_2d_minimap.hlsl,_CT3EKERWZK5JRWNFFFERYIMKMN
techsetdef_2d_minimap_emp.hlsl,_O7JNK2ON26GGGIFELTM3RGHRHF
techsetdef_2d_minimap_overlay.hlsl,_VJTQD2BX7S6DCGHMF44XDBDVDP
techsetdef_buildshadowmap.hlsl,_BSBLNUWSYIVFD6CFXBOIFJBRJA
techsetdef_cinematic.hlsl,_FGRDFJESFM3SWYYL6ARWBXN4NQ
techsetdef_depth_clear.hlsl,_J3CF2Z5HHRMGTPFFNPYLOUCB6Y
techsetdef_distortion.hlsl,_UFOOXRFBSSBUVIWE3OZ2ERIMYQ
techsetdef_effect_distortion.hlsl,_D6Y4MJSBLKJHO22S5MK7LV545K
techsetdef_extracam.hlsl,_GKURUPEJKSLI4W5OQOBS35DDPK
techsetdef_feedbackreplacegamma2.hlsl,_O2RWO3MXQZOTISQVKRZUSJTC7L
techsetdef_filter_symmetric.hlsl,_LXY7X5WXH3T3QIXPHBQ5W2NB5D
techsetdef_floatz_writedepth.hlsl,_OEY7L27E2VDMO6MFKQDATXJQ5H
techsetdef_floatz_writedepth_omni.hlsl,_2LJGOKYLGSDT6DOLXGGAO6ML4L
techsetdef_lensflare_clear_compute.hlsl,_QEEKROTPZDFJIYYWTIYVB5WJ65
techsetdef_lensflare_effect.hlsl,_4H7DSGNDDYWVH5P5QWFX3EHJXH
techsetdef_lensflare_query.hlsl,_FZ7SQ52ZXZYEZ2K4VFZRZXK4O3
techsetdef_motion_vector_debug.hlsl,_HSQCH73VV4OMW2YSEROMP44V4O
techsetdef_objective.hlsl,_CDD2U7KUIZIFT6RW5WDSQZTDXZ
techsetdef_prepass.hlsl,_ACHWN34TTTFMMNOZETOXVYY44X
techsetdef_prepass_eye.hlsl,_56ZZEN4CCJLUH752H3IALDN452
techsetdef_prime.hlsl,_REFLD64P7VHYJUGC3EUBYV7M7J
techsetdef_resolve.hlsl,_REMFCVLUVP77FQ45ZNXXRTIT4H
techsetdef_shadowoverlay.hlsl,_J2BCMD5F3F5ZKQCIMKBP2N6M6G
techsetdef_sky_hdr.hlsl,_6XJ45FEKUDUV7EAY6BS5LKYDYR
techsetdef_sky_latlong_hdr.hlsl,_BQ4B7KFMJSMBURRVAES4SLZMZA
techsetdef_sonar.hlsl,_NZBMCRERCATEJ5YWMONMHNP37A
techsetdef_stenciloverlay.hlsl,_G6OOHFG2OT3NLHGFIYMNMJG7O3
techsetdef_ui_3d.hlsl,_HAM242UCB5I6DIRPQ47UT6MBMQ
techsetdef_unlit.hlsl,_OUJGYMXG2ZIHCCDGRYBGC3DF7M
techsetdef_unlit_simple.hlsl,_3UASOX4QZXMWYRFSRLRUL6PVPX
techsetdef_vertcolorsimple.hlsl,_MW6SJCLX5ZLGVFJLX2P5T4SB2U
uie/ui_multiply.hlsl,_EFOJEJ6ZXETAH6N6FO6OFVYS4E
uie/uie_aar_segment.hlsl,_FRECEV7VTU7PFSRT5J4QIWRWRO
uie/uie_aberration.hlsl,_ZZ7PYUS5UFRMNNSJV3SN2HIPY6
uie/uie_aberration_base.hlsl,_P75OGPQMSNRU5GBVOOWYEOKCOW
uie/uie_aberration_blur_only.hlsl,_EGKQIJ2LSBGRIN545BBS3RSMSN
uie/uie_aberration_cheap_blur.hlsl,_EYSDQNF7UXBDL7JWJJRINZAOMY
uie/uie_aberration_no_blur.hlsl,_TWEI2U67IKMAZDQWRAI35ICROL
uie/uie_angled_wipe.hlsl,_FKYUSEYQ5ZOPT7Y5S2VUR4X2X6
uie/uie_angled_wipe_add.hlsl,_EMDYZGO7WLNHHPZDCN274KU6U5
uie/uie_angled_wipe_multiply.hlsl,_EMDYZGO7WLNHHPZDCN274KU6U5
uie/uie_angled_wipe_normal.hlsl,_EMDYZGO7WLNHHPZDCN274KU6U5
uie/uie_blackhat_waveform.hlsl,_EEPNXFXGF5ZPMUPOEWSKSUQVUI
uie/uie_bow_launcher_reticle.hlsl,_OISFXLW7ZOUAK5F4UYOFIPNTND
uie/uie_clock.hlsl,_FXRPPTINYES75K4RXORMBJWBWD
uie/uie_clock_add.hlsl,_GH7EYYO2O4GYHAM2E2NLLX747M
uie/uie_clock_multiply.hlsl,_GH7EYYO2O4GYHAM2E2NLLX747M
uie/uie_clock_normal.hlsl,_GH7EYYO2O4GYHAM2E2NLLX747M
uie/uie_comms_radial_distortion.hlsl,_SVNPBCP5O4BLDQUZZJ3MZX4A4R
uie/uie_digital_noise.hlsl,_F54ME5FZWI4FFGOZQ77DSQKIKY
uie/uie_digital_noise_include.hlsl,_ZSQV2WRTRHIN3Y4W6W6KWHR3VK
uie/uie_ekg.hlsl,_W5IUSQTWXGZ253KGY4RJSQV45X
uie/uie_ellipse_helper.hlsl,_AMIPQ6KSGEGWT7GGN5KEVCXV7Q
uie/uie_elliptical_ring.hlsl,_JFIOVUQKNAUWM7746FQCTI6J62
uie/uie_emp.hlsl,_QTVJG3XSMQDXKVDAWYSPH6O365
uie/uie_emp_include.hlsl,_4JJH3E6S3IEHFY4MTEJTITYC4F
uie/uie_expensive_blur.hlsl,_LBER2E6HML3RILQZGAFK7JML46
uie/uie_extracam_base.hlsl,_CQA5PSUIB3HYE7N7IXNRX47P7O
uie/uie_feather.hlsl,_GICQGNO4D6JASYFLRNQTLDOQOK
uie/uie_feather_add.hlsl,_4A7OWTEEF75CLKO3MT2QNAEGEO
uie/uie_feather_blend.hlsl,_4A7OWTEEF75CLKO3MT2QNAEGEO
uie/uie_feather_edges.hlsl,_YJ7PU3A2GN5727DSL6SAXWWC6O
uie/uie_feather_multiply.hlsl,_4A7OWTEEF75CLKO3MT2QNAEGEO
uie/uie_flipbook.hlsl,_JWG5BGLBC3DYFBLH22I7WAZ4ZQ
uie/uie_flipbook_add.hlsl,_QVJT4RXMRJD6EX3RJDW2TJPX7D
uie/uie_flipbook_animated.hlsl,_WRF2JUVJKGVTMFFGAVUTGN6W64
uie/uie_fractal.hlsl,_DOT4OI323U3YREOERUA2UD7A7Y
uie/uie_fractal_reveal.hlsl,_QVWE56PQ3PZUO54VGXN6TG5M5R
uie/uie_fractal_reveal_grid.hlsl,_UVGX3OQWC4YBSLO4HACTJYELM3
uie/uie_fractal_string_reveal.hlsl,_JJC6KKL7ACVOQXNHDYEWF7646Z
uie/uie_gaussian.hlsl,_D75INZJCHUSYESWWM3UVQ2D27B
uie/uie_gaussian_kernel.hlsl,_HPZNYRR44OKNA5QIMBCKIJWP65
uie/uie_glow.hlsl,_XZGOLIEK73YIHONXT2GHYDR5RT
uie/uie_gradient.hlsl,_KP7ITEVIWIP7UODMVL7TG5KKKH
uie/uie_include.hlsl,_SBM5U2MIAKDJQTDAI4QBGFGOWG
uie/uie_mesh.hlsl,_NJTVAH66OR4SAR5SBNLJS5464H
uie/uie_mosaic.hlsl,_BPPJIN4WF7SQFUTKQYTHVA6L6N
uie/uie_mosaic_include.hlsl,_5PGJWENNYZGSIUVBARVU6Z4Z4J
uie/uie_mosaic_scene.hlsl,_ACJUUUK5DYRAQJICAMN5Q5DIXC
uie/uie_mstart_stage1.hlsl,_QBQEQ6B775AYF6PPNJ5PK6VS5C
uie/uie_mstart_stage2.hlsl,_6F5XIJPXFHH7KBQ6S452QTNDNC
uie/uie_mstart_stage3.hlsl,_MZDHT3KNTYZQOH72RKOBWQXG7N
uie/uie_nineslice_add.hlsl,_QSOVYXBYQ5J4YB2ESKH2ALDV3M
uie/uie_nineslice_normal.hlsl,_QLJATSABTPHI63ZUF3LYLUDNHE
uie/uie_number_a.hlsl,_AJ2VGDN3R4ZMN5GK6T2JKFQLQ2
uie/uie_pixel_tear.hlsl,_AULEXKKZYRPFFWR2TFWCDC7Y74
uie/uie_rocket_launcher_lockon.hlsl,_H47HLVGOCCD7IOPXBOFYOPHRXW
uie/uie_saturation_normal.hlsl,_QOWTQSTHBLR6SFHY5YDUULCZ2G
uie/uie_scanlines.hlsl,_HNX7MU4EQPXSQNTDS26CRF4Z4U
uie/uie_scanlines_add.hlsl,_HNX7MU4EQPXSQNTDS26CRF4Z4U
uie/uie_scanlines_base.hlsl,_UQIDG3RZ6UOAWNFLZSRYEG4A4U
uie/uie_scene_blur_pass_1.hlsl,_4MQTDSBYQ5ZKPEJG4FJH4WOF6V
uie/uie_scene_blur_pass_1_nineslice.hlsl,_TBSC7CQIMYKFBEWSOX7GDVFCVM
uie/uie_scene_blur_pass_2.hlsl,_767VGYVJFXFWAC56JHEEDCETMV
uie/uie_slice.hlsl,_UMPQFGZBR3WVDDDYZWPONTBOB5
uie/uie_smoke.hlsl,_FOLJV5PKHFAZH6W6KQCGLQUY47
uie/uie_tile_scroll.hlsl,_DDTCGMQWQCSGQLMRFQCNWFRJ5M
uie/uie_tile_scroll_animated.hlsl,_KLZQEJWH6553PM6FZ54RHXTD33
uie/uie_tile_scroll_normal.hlsl,_EFNYBRP2ZB557AWIKE5BEQWFWS
uie/uie_wipe.hlsl,_3Z6SUILFDDPAZDBN3CZTU67Z7N
uie/uie_wipe_base.hlsl,_LBTZOV3TNC5DDOUASBY7UR7S7K
uie/uie_wipe_delta.hlsl,_NST4KQOO25BQBVBWGIRO5OF45B
uie/uie_wipe_delta_normal.hlsl,_R3ZJ6S27N223X44GTBWY3QSSSD
uie/uie_wipe_normal.hlsl,_XUM7IPM55OS6N76T6SJPFNGNG6
utils/clear_compute_texture.hlsl,_UQIGHZ3OF5OXVCIZA6VVPLRKZ3
utils/clear_compute_texture_array.hlsl,_S5YSDB6FNADRRS3LXZONLEHTXG
utils/compute_bitwise_invert_buffer.hlsl,_CJQ7VDKSDYOOYJWB3TXPCHIGID
utils/copy_compute_256.hlsl,_FCOEY6C7DXC2HL5R5MHHAGWZW2
utils/copy_compute_4.hlsl,_CQEMS3K64Y2X6V6RXLZXK5LNLX
utils/copy_compute_subregion.hlsl,_QM6BLJSLHOKNXLEKVFXUQJ434Q
utils/copy_compute_texture.hlsl,_AFZLV4A3JCDTI6Q3RRLCJV2E6X
utils/copy_depth.hlsl,_2SKA6SNNAGCXTQ356G5BEK7I7F
utils/fill_ps.hlsl,_7GBBUKDVD5MWN3ESBZMONFFGVY
utils/paintshop_debug.hlsl,_L2KAITCSBSSSH52N555Z252D64
vbloom_blurx_rgb.hlsl,_GW5L6PMU7XDLU2XMGGX62RPL76
vbloom_blurx_rgba.hlsl,_HXO3Z5HJXKWYR6OSWNJNHGXYXT
vbloom_blury_rgb.hlsl,_5QNSXJVKODGFK72WO7KNWIESEP
vbloom_blury_rgba.hlsl,_DTB7TMIHHW6S7INZYCGLQ2FWNY
vbloom_combine_mip23.hlsl,_ICRRE4NE5IFNCZMSXTQHB55Z55
vbloom_combine_mip34.hlsl,_TWQA3GLPYW6WF6SAU4AI6NQQYH
vbloom_downsample.hlsl,_7SGI2464SZBYPBU4F2IAEX747S
vbloom_downsample_compute.hlsl,_TKHYJ52C7I3AXT53WJDP65PJPB
vbloom_downsample_remap.hlsl,_3E5CZSWBMBDAHJ5L4VIH7EWF6H
vbloom_update.hlsl,_6RSIFPE54DUFLGDYPJXQI4CA2J
vcolor_update.hlsl,_CYGSU7ZFE24HAGX3XGYREXJFJL
vehicletread_buildshadowmap.hlsl,_2M443UDBGTA3THGU2JGKWBKK6G
vertcol_notexalpha.hlsl,_MLYV6R7NUCDBTWD7N4WXODQI4E
vertexmotion_buildshadowmap.hlsl,_R6SINNBUIF57UAUWHHPJGPRQRR
vertexmotion_prepass.hlsl,_TDOOZPZWCJXUQM6ZEOST763X7N
vol_decal_common.hlsl,_YFHYF6FBVTVM7KPYZNWQTBJANX
vol_decal_unlit_simple.hlsl,_ZTZGYFR5XVDCBUO4CY2TIQZBZR
volumetric_accumulated_light_scatter_apply.hlsl,_KIQZKH45LNUO52LAX5M3USO5O5
volumetric_accumulated_light_scatter_compute.hlsl,_IGSBP4SAZC65DWECR6NP6HK36B
volumetric_light.hlsl,_EOJOWHIMUZ2OFEHIVO433KEQMV
volumetric_light_apply.hlsl,_TJLOAVNIKBTFMZXZEDP2NDIBIO
volumetric_light_blur_common_compute.hlsl,_FUT6PGCBLUMBB63K22RQKZN4NU
volumetric_light_common.hlsl,_EBKVJTNRYTH4CS7NNLVZZJQF46
volumetric_light_compute.hlsl,_P4W3UHLOCCTHMTLZRTJY42IM4O
volumetric_light_cull_compute.hlsl,_KOZXOZNL7LE6JHGTEKPSTICPK2
volumetric_light_half_res_apply.hlsl,_NCNGOTKY5T3K6G3HTWQW54S26T
volumetric_light_hblur_compute.hlsl,_2BM7LG35XTEJQRCXRBGN2WXO7U
volumetric_light_scatter_common.hlsl,_2ZD6AXL7RBNV5ZTG3KFSDOZE5U
volumetric_light_scatter_compute.hlsl,_AYDBEAZMZEZQ3AYX3FYF72XDXI
volumetric_light_skip_samples.hlsl,_DKBNQUFN2HWDGBOMJQS7CNRHVN
volumetric_light_sun.hlsl,_A67EEJZUFEVODTXP7HQFGOTZXZ
volumetric_light_sun_skip_samples.hlsl,_NOQHCWBRI27FJCOJIKR6EAYMYV
volumetric_light_unified.hlsl,_GEBL3DKC5RO2LCXDO24ZJ2C2SI
volumetric_light_upsample.hlsl,_NH5VFF66JCI7GFXLA56ZP5HSPW
volumetric_light_vblur_compute.hlsl,_7WGHWPBQPFVLZCZVRDJUCONVNN
volumetric_probe_cull_compute.hlsl,_DLZ2CEOVF5MAXDZCUQMRJAAT4P
water_shore.hlsl,_KRLDCJ3UDLYK6UR2JOMQ5D2I25
weapons/reticle.hlsl,_HXI5C5MJV7JMSD3VSHV256OQOP
weapons/reticle_dynamic.hlsl,_XOIHKZF54SCCNOU7N547I2E74D
wireframe.hlsl,_4DFG4GLBIRRFXEJZBDNX5TZUZJ
