physpreset,p7_cinder_block
xanim,ai_zm_dlc1_zombie_climb_up_192_down_40
xanim,ai_zm_dlc1_zombie_climb_up_256_down_32
xanim,ai_zm_dlc1_zombie_climb_up_256_down_40
xanim,ai_zm_dlc1_zombie_crawl_climb_up_192_down_40
xanim,ai_zm_dlc1_zombie_crawl_climb_up_256_down_32
xanim,ai_zm_dlc1_zombie_crawl_jump_down_190
xanim,ai_zm_dlc1_zombie_crawl_jump_up_180_down_36
xanim,ai_zm_dlc1_zombie_crawl_jump_up_244_down_36
xanim,ai_zm_dlc1_zombie_crawl_jump_up_36_down_180
xanim,ai_zm_dlc1_zombie_crawl_jump_up_36_down_244
xanim,ai_zm_dlc1_zombie_jump_down_190
xanim,ai_zm_dlc1_zombie_jump_up_180_down_36
xanim,ai_zm_dlc1_zombie_jump_up_244_down_36
xanim,ai_zm_dlc1_zombie_jump_up_36_down_180
xanim,ai_zm_dlc1_zombie_jump_up_36_down_244
xanim,ai_zm_dlc4_zombie_crawl_jump_across_192
xanim,ai_zm_dlc4_zombie_crawl_jump_across_296
xanim,ai_zm_dlc4_zombie_crawl_jump_down_148
xanim,ai_zm_dlc4_zombie_crawl_jump_down_200
xanim,ai_zm_dlc4_zombie_crawl_jump_down_224
xanim,ai_zm_dlc4_zombie_crawl_jump_up_148
xanim,ai_zm_dlc4_zombie_crawl_jump_up_224
xanim,ai_zm_dlc4_zombie_jump_across_192
xanim,ai_zm_dlc4_zombie_jump_across_296
xanim,ai_zm_dlc4_zombie_jump_across_down_148
xanim,ai_zm_dlc4_zombie_jump_across_up_148
xanim,ai_zm_dlc4_zombie_jump_down_200
xanim,ai_zm_dlc4_zombie_jump_down_224
xanim,ai_zm_dlc4_zombie_jump_up_224
xanim,ai_zombie_base_ad_attack_v1
xanim,ai_zombie_base_ad_attack_v2
xanim,ai_zombie_base_ad_attack_v3
xanim,ai_zombie_base_ad_attack_v4
xanim,ai_zombie_base_au_attack_v1
xanim,ai_zombie_base_au_attack_v2
xanim,ai_zombie_base_au_attack_v3
xanim,ai_zombie_base_au_attack_v4
xanim,ai_zombie_base_boardtear_aligned_l_1_grab
xanim,ai_zombie_base_boardtear_aligned_l_1_hold
xanim,ai_zombie_base_boardtear_aligned_l_1_pull
xanim,ai_zombie_base_boardtear_aligned_l_2_grab
xanim,ai_zombie_base_boardtear_aligned_l_2_hold
xanim,ai_zombie_base_boardtear_aligned_l_2_pull
xanim,ai_zombie_base_boardtear_aligned_l_3_grab
xanim,ai_zombie_base_boardtear_aligned_l_3_hold
xanim,ai_zombie_base_boardtear_aligned_l_3_pull
xanim,ai_zombie_base_boardtear_aligned_l_4_grab
xanim,ai_zombie_base_boardtear_aligned_l_4_hold
xanim,ai_zombie_base_boardtear_aligned_l_4_pull
xanim,ai_zombie_base_boardtear_aligned_l_5_grab
xanim,ai_zombie_base_boardtear_aligned_l_5_hold
xanim,ai_zombie_base_boardtear_aligned_l_5_pull
xanim,ai_zombie_base_boardtear_aligned_l_6_grab
xanim,ai_zombie_base_boardtear_aligned_l_6_hold
xanim,ai_zombie_base_boardtear_aligned_l_6_pull
xanim,ai_zombie_base_boardtear_aligned_m_1_grab
xanim,ai_zombie_base_boardtear_aligned_m_1_hold
xanim,ai_zombie_base_boardtear_aligned_m_1_pull
xanim,ai_zombie_base_boardtear_aligned_m_2_grab
xanim,ai_zombie_base_boardtear_aligned_m_2_hold
xanim,ai_zombie_base_boardtear_aligned_m_2_pull
xanim,ai_zombie_base_boardtear_aligned_m_3_grab
xanim,ai_zombie_base_boardtear_aligned_m_3_hold
xanim,ai_zombie_base_boardtear_aligned_m_3_pull
xanim,ai_zombie_base_boardtear_aligned_m_4_grab
xanim,ai_zombie_base_boardtear_aligned_m_4_hold
xanim,ai_zombie_base_boardtear_aligned_m_4_pull
xanim,ai_zombie_base_boardtear_aligned_m_5_grab
xanim,ai_zombie_base_boardtear_aligned_m_5_hold
xanim,ai_zombie_base_boardtear_aligned_m_5_pull
xanim,ai_zombie_base_boardtear_aligned_m_6_grab
xanim,ai_zombie_base_boardtear_aligned_m_6_hold
xanim,ai_zombie_base_boardtear_aligned_m_6_pull
xanim,ai_zombie_base_boardtear_aligned_r_1_grab
xanim,ai_zombie_base_boardtear_aligned_r_1_hold
xanim,ai_zombie_base_boardtear_aligned_r_1_pull
xanim,ai_zombie_base_boardtear_aligned_r_2_grab
xanim,ai_zombie_base_boardtear_aligned_r_2_hold
xanim,ai_zombie_base_boardtear_aligned_r_2_pull
xanim,ai_zombie_base_boardtear_aligned_r_3_grab
xanim,ai_zombie_base_boardtear_aligned_r_3_hold
xanim,ai_zombie_base_boardtear_aligned_r_3_pull
xanim,ai_zombie_base_boardtear_aligned_r_4_grab
xanim,ai_zombie_base_boardtear_aligned_r_4_hold
xanim,ai_zombie_base_boardtear_aligned_r_4_pull
xanim,ai_zombie_base_boardtear_aligned_r_5_grab
xanim,ai_zombie_base_boardtear_aligned_r_5_hold
xanim,ai_zombie_base_boardtear_aligned_r_5_pull
xanim,ai_zombie_base_boardtear_aligned_r_6_grab
xanim,ai_zombie_base_boardtear_aligned_r_6_hold
xanim,ai_zombie_base_boardtear_aligned_r_6_pull
xanim,ai_zombie_base_crawl_attack_v1
xanim,ai_zombie_base_crawl_attack_v2
xanim,ai_zombie_base_crawl_boardtear_aligned_l_1_grab
xanim,ai_zombie_base_crawl_boardtear_aligned_l_1_hold
xanim,ai_zombie_base_crawl_boardtear_aligned_l_1_pull
xanim,ai_zombie_base_crawl_boardtear_aligned_l_2_grab
xanim,ai_zombie_base_crawl_boardtear_aligned_l_2_hold
xanim,ai_zombie_base_crawl_boardtear_aligned_l_2_pull
xanim,ai_zombie_base_crawl_boardtear_aligned_l_3_grab
xanim,ai_zombie_base_crawl_boardtear_aligned_l_3_hold
xanim,ai_zombie_base_crawl_boardtear_aligned_l_3_pull
xanim,ai_zombie_base_crawl_boardtear_aligned_l_4_grab
xanim,ai_zombie_base_crawl_boardtear_aligned_l_4_hold
xanim,ai_zombie_base_crawl_boardtear_aligned_l_4_pull
xanim,ai_zombie_base_crawl_boardtear_aligned_l_5_grab
xanim,ai_zombie_base_crawl_boardtear_aligned_l_5_hold
xanim,ai_zombie_base_crawl_boardtear_aligned_l_5_pull
xanim,ai_zombie_base_crawl_boardtear_aligned_l_6_grab
xanim,ai_zombie_base_crawl_boardtear_aligned_l_6_hold
xanim,ai_zombie_base_crawl_boardtear_aligned_l_6_pull
xanim,ai_zombie_base_crawl_boardtear_aligned_m_1_grab
xanim,ai_zombie_base_crawl_boardtear_aligned_m_1_hold
xanim,ai_zombie_base_crawl_boardtear_aligned_m_1_pull
xanim,ai_zombie_base_crawl_boardtear_aligned_m_2_grab
xanim,ai_zombie_base_crawl_boardtear_aligned_m_2_hold
xanim,ai_zombie_base_crawl_boardtear_aligned_m_2_pull
xanim,ai_zombie_base_crawl_boardtear_aligned_m_3_grab
xanim,ai_zombie_base_crawl_boardtear_aligned_m_3_hold
xanim,ai_zombie_base_crawl_boardtear_aligned_m_3_pull
xanim,ai_zombie_base_crawl_boardtear_aligned_m_4_grab
xanim,ai_zombie_base_crawl_boardtear_aligned_m_4_hold
xanim,ai_zombie_base_crawl_boardtear_aligned_m_4_pull
xanim,ai_zombie_base_crawl_boardtear_aligned_m_5_grab
xanim,ai_zombie_base_crawl_boardtear_aligned_m_5_hold
xanim,ai_zombie_base_crawl_boardtear_aligned_m_5_pull
xanim,ai_zombie_base_crawl_boardtear_aligned_m_6_grab
xanim,ai_zombie_base_crawl_boardtear_aligned_m_6_hold
xanim,ai_zombie_base_crawl_boardtear_aligned_m_6_pull
xanim,ai_zombie_base_crawl_boardtear_aligned_r_1_grab
xanim,ai_zombie_base_crawl_boardtear_aligned_r_1_hold
xanim,ai_zombie_base_crawl_boardtear_aligned_r_1_pull
xanim,ai_zombie_base_crawl_boardtear_aligned_r_2_grab
xanim,ai_zombie_base_crawl_boardtear_aligned_r_2_hold
xanim,ai_zombie_base_crawl_boardtear_aligned_r_2_pull
xanim,ai_zombie_base_crawl_boardtear_aligned_r_3_grab
xanim,ai_zombie_base_crawl_boardtear_aligned_r_3_hold
xanim,ai_zombie_base_crawl_boardtear_aligned_r_3_pull
xanim,ai_zombie_base_crawl_boardtear_aligned_r_4_grab
xanim,ai_zombie_base_crawl_boardtear_aligned_r_4_hold
xanim,ai_zombie_base_crawl_boardtear_aligned_r_4_pull
xanim,ai_zombie_base_crawl_boardtear_aligned_r_5_grab
xanim,ai_zombie_base_crawl_boardtear_aligned_r_5_hold
xanim,ai_zombie_base_crawl_boardtear_aligned_r_5_pull
xanim,ai_zombie_base_crawl_boardtear_aligned_r_6_grab
xanim,ai_zombie_base_crawl_boardtear_aligned_r_6_hold
xanim,ai_zombie_base_crawl_boardtear_aligned_r_6_pull
xanim,ai_zombie_base_crawl_death_v1
xanim,ai_zombie_base_crawl_death_v2
xanim,ai_zombie_base_crawl_idle_v1
xanim,ai_zombie_base_crawl_jump_across_128
xanim,ai_zombie_base_crawl_jump_across_256
xanim,ai_zombie_base_crawl_jump_down_128
xanim,ai_zombie_base_crawl_jump_down_160
xanim,ai_zombie_base_crawl_jump_down_36
xanim,ai_zombie_base_crawl_jump_down_48
xanim,ai_zombie_base_crawl_jump_down_72
xanim,ai_zombie_base_crawl_jump_down_96
xanim,ai_zombie_base_crawl_jump_up_128
xanim,ai_zombie_base_crawl_jump_up_160
xanim,ai_zombie_base_crawl_jump_up_36
xanim,ai_zombie_base_crawl_jump_up_48
xanim,ai_zombie_base_crawl_jump_up_72
xanim,ai_zombie_base_crawl_jump_up_96
xanim,ai_zombie_base_crawl_mantle_over_128
xanim,ai_zombie_base_crawl_mantle_over_36
xanim,ai_zombie_base_crawl_mantle_over_48
xanim,ai_zombie_base_crawl_mantle_over_72
xanim,ai_zombie_base_crawl_mantle_over_96
xanim,ai_zombie_base_crawl_run_win_trav_l_v1
xanim,ai_zombie_base_crawl_run_win_trav_r_v1
xanim,ai_zombie_base_crawl_sprint_v1
xanim,ai_zombie_base_crawl_sprint_v2
xanim,ai_zombie_base_crawl_sprint_v3
xanim,ai_zombie_base_crawl_sprint_win_trav_l_v1
xanim,ai_zombie_base_crawl_sprint_win_trav_r_v1
xanim,ai_zombie_base_crawl_v1
xanim,ai_zombie_base_crawl_v2
xanim,ai_zombie_base_crawl_v3
xanim,ai_zombie_base_crawl_v4
xanim,ai_zombie_base_crawl_v5
xanim,ai_zombie_base_crawl_win_trav_l_v1
xanim,ai_zombie_base_crawl_win_trav_m_v1
xanim,ai_zombie_base_crawl_win_trav_m_v2
xanim,ai_zombie_base_crawl_win_trav_r_v1
xanim,ai_zombie_base_death_v1
xanim,ai_zombie_base_death_v2
xanim,ai_zombie_base_death_v3
xanim,ai_zombie_base_dth_b_id_gun
xanim,ai_zombie_base_dth_b_id_gun_crush
xanim,ai_zombie_base_dth_b_v1
xanim,ai_zombie_base_dth_b_v2
xanim,ai_zombie_base_dth_b_v3
xanim,ai_zombie_base_dth_f_id_gun
xanim,ai_zombie_base_dth_f_id_gun_crush
xanim,ai_zombie_base_dth_f_v1
xanim,ai_zombie_base_dth_f_v10
xanim,ai_zombie_base_dth_f_v11
xanim,ai_zombie_base_dth_f_v12
xanim,ai_zombie_base_dth_f_v13
xanim,ai_zombie_base_dth_f_v2
xanim,ai_zombie_base_dth_f_v3
xanim,ai_zombie_base_dth_f_v4
xanim,ai_zombie_base_dth_f_v5
xanim,ai_zombie_base_dth_f_v6
xanim,ai_zombie_base_dth_f_v7
xanim,ai_zombie_base_dth_f_v8
xanim,ai_zombie_base_dth_f_v9
xanim,ai_zombie_base_dth_l_id_gun
xanim,ai_zombie_base_dth_l_id_gun_crush
xanim,ai_zombie_base_dth_r_id_gun
xanim,ai_zombie_base_dth_r_id_gun_crush
xanim,ai_zombie_base_fast_sprint_01
xanim,ai_zombie_base_fast_sprint_01_pain_chest_f
xanim,ai_zombie_base_fast_sprint_01_pain_chest_f_alt
xanim,ai_zombie_base_fast_sprint_02
xanim,ai_zombie_base_fast_sprint_02_pain_chest_f
xanim,ai_zombie_base_fast_sprint_02_pain_chest_f_alt
xanim,ai_zombie_base_fwd_ad_attack_v1
xanim,ai_zombie_base_fwd_ad_attack_v2
xanim,ai_zombie_base_idle_ad_v1
xanim,ai_zombie_base_idle_au_v1
xanim,ai_zombie_base_jump_across_128
xanim,ai_zombie_base_jump_across_256
xanim,ai_zombie_base_jump_down_128
xanim,ai_zombie_base_jump_down_160
xanim,ai_zombie_base_jump_down_36
xanim,ai_zombie_base_jump_down_48
xanim,ai_zombie_base_jump_down_72
xanim,ai_zombie_base_jump_down_96
xanim,ai_zombie_base_jump_up_128
xanim,ai_zombie_base_jump_up_160
xanim,ai_zombie_base_jump_up_36
xanim,ai_zombie_base_jump_up_48
xanim,ai_zombie_base_jump_up_72
xanim,ai_zombie_base_jump_up_96
xanim,ai_zombie_base_mantle_over_128
xanim,ai_zombie_base_mantle_over_36
xanim,ai_zombie_base_mantle_over_48
xanim,ai_zombie_base_mantle_over_72
xanim,ai_zombie_base_mantle_over_96
xanim,ai_zombie_base_run_ad_attack_v1
xanim,ai_zombie_base_run_ad_attack_v2
xanim,ai_zombie_base_run_ad_attack_v3
xanim,ai_zombie_base_run_ad_attack_v4
xanim,ai_zombie_base_run_ad_sidestep_left_long_a
xanim,ai_zombie_base_run_ad_sidestep_left_long_b
xanim,ai_zombie_base_run_ad_sidestep_left_short_a
xanim,ai_zombie_base_run_ad_sidestep_right_long
xanim,ai_zombie_base_run_ad_sidestep_right_long_a
xanim,ai_zombie_base_run_ad_sidestep_right_short
xanim,ai_zombie_base_run_ad_v1
xanim,ai_zombie_base_run_ad_v11
xanim,ai_zombie_base_run_ad_v11_pain_chest_f
xanim,ai_zombie_base_run_ad_v11_pain_chest_f_alt
xanim,ai_zombie_base_run_ad_v12
xanim,ai_zombie_base_run_ad_v12_pain_chest_f
xanim,ai_zombie_base_run_ad_v12_pain_chest_f_alt
xanim,ai_zombie_base_run_ad_v14
xanim,ai_zombie_base_run_ad_v14_pain_chest_f
xanim,ai_zombie_base_run_ad_v14_pain_chest_f_alt
xanim,ai_zombie_base_run_ad_v1_pain_chest_f
xanim,ai_zombie_base_run_ad_v1_pain_chest_f_alt
xanim,ai_zombie_base_run_ad_v2
xanim,ai_zombie_base_run_ad_v20
xanim,ai_zombie_base_run_ad_v20_pain_chest_f
xanim,ai_zombie_base_run_ad_v20_pain_chest_f_alt
xanim,ai_zombie_base_run_ad_v21
xanim,ai_zombie_base_run_ad_v21_pain_chest_f
xanim,ai_zombie_base_run_ad_v21_pain_chest_f_alt
xanim,ai_zombie_base_run_ad_v22
xanim,ai_zombie_base_run_ad_v22_pain_chest_f
xanim,ai_zombie_base_run_ad_v22_pain_chest_f_alt
xanim,ai_zombie_base_run_ad_v23
xanim,ai_zombie_base_run_ad_v23_pain_chest_f
xanim,ai_zombie_base_run_ad_v23_pain_chest_f_alt
xanim,ai_zombie_base_run_ad_v24
xanim,ai_zombie_base_run_ad_v24_pain_chest_f
xanim,ai_zombie_base_run_ad_v24_pain_chest_f_alt
xanim,ai_zombie_base_run_ad_v2_pain_chest_f
xanim,ai_zombie_base_run_ad_v2_pain_chest_f_alt
xanim,ai_zombie_base_run_ad_v4
xanim,ai_zombie_base_run_ad_v4_pain_chest_f
xanim,ai_zombie_base_run_ad_v4_pain_chest_f_alt
xanim,ai_zombie_base_run_ad_v7
xanim,ai_zombie_base_run_ad_v7_pain_chest_f
xanim,ai_zombie_base_run_ad_v7_pain_chest_f_alt
xanim,ai_zombie_base_run_ad_v8
xanim,ai_zombie_base_run_ad_v8_pain_chest_f
xanim,ai_zombie_base_run_ad_v8_pain_chest_f_alt
xanim,ai_zombie_base_run_ad_win_trav_l_v1
xanim,ai_zombie_base_run_ad_win_trav_m_v1
xanim,ai_zombie_base_run_ad_win_trav_r_v1
xanim,ai_zombie_base_run_au_attack_v1
xanim,ai_zombie_base_run_au_attack_v2
xanim,ai_zombie_base_run_au_attack_v3
xanim,ai_zombie_base_run_au_attack_v4
xanim,ai_zombie_base_run_au_sidestep_left_long_a
xanim,ai_zombie_base_run_au_sidestep_left_long_b
xanim,ai_zombie_base_run_au_sidestep_left_long_c
xanim,ai_zombie_base_run_au_sidestep_left_short
xanim,ai_zombie_base_run_au_sidestep_left_short_a
xanim,ai_zombie_base_run_au_sidestep_left_short_b
xanim,ai_zombie_base_run_au_sidestep_right_long_a
xanim,ai_zombie_base_run_au_sidestep_right_long_b
xanim,ai_zombie_base_run_au_sidestep_right_long_c
xanim,ai_zombie_base_run_au_sidestep_right_short_a
xanim,ai_zombie_base_run_au_sidestep_right_short_b
xanim,ai_zombie_base_run_au_sidestep_right_short_c
xanim,ai_zombie_base_run_au_sidestep_right_short_d
xanim,ai_zombie_base_run_au_v1
xanim,ai_zombie_base_run_au_v11
xanim,ai_zombie_base_run_au_v11_pain_chest_f
xanim,ai_zombie_base_run_au_v11_pain_chest_f_alt
xanim,ai_zombie_base_run_au_v13
xanim,ai_zombie_base_run_au_v13_pain_chest_f
xanim,ai_zombie_base_run_au_v1_pain_chest_f
xanim,ai_zombie_base_run_au_v1_pain_chest_f_alt
xanim,ai_zombie_base_run_au_v2
xanim,ai_zombie_base_run_au_v20
xanim,ai_zombie_base_run_au_v20_pain_chest_f
xanim,ai_zombie_base_run_au_v20_pain_chest_f_alt
xanim,ai_zombie_base_run_au_v21
xanim,ai_zombie_base_run_au_v21_pain_chest_f
xanim,ai_zombie_base_run_au_v21_pain_chest_f_alt
xanim,ai_zombie_base_run_au_v22
xanim,ai_zombie_base_run_au_v22_pain_chest_f
xanim,ai_zombie_base_run_au_v22_pain_chest_f_alt
xanim,ai_zombie_base_run_au_v23
xanim,ai_zombie_base_run_au_v23_pain_chest_f
xanim,ai_zombie_base_run_au_v23_pain_chest_f_alt
xanim,ai_zombie_base_run_au_v24
xanim,ai_zombie_base_run_au_v24_pain_chest_f
xanim,ai_zombie_base_run_au_v24_pain_chest_f_alt
xanim,ai_zombie_base_run_au_v2_pain_chest_f
xanim,ai_zombie_base_run_au_v2_pain_chest_f_alt
xanim,ai_zombie_base_run_au_v4
xanim,ai_zombie_base_run_au_v4_pain_chest_f
xanim,ai_zombie_base_run_au_v4_pain_chest_f_alt
xanim,ai_zombie_base_run_au_v5
xanim,ai_zombie_base_run_au_v5_pain_chest_f
xanim,ai_zombie_base_run_au_v5_pain_chest_f_alt
xanim,ai_zombie_base_run_au_v9
xanim,ai_zombie_base_run_au_v9_pain_chest_f
xanim,ai_zombie_base_run_au_v9_pain_chest_f_alt
xanim,ai_zombie_base_run_au_win_trav_l_v1
xanim,ai_zombie_base_run_au_win_trav_m_v1
xanim,ai_zombie_base_run_au_win_trav_r_v1
xanim,ai_zombie_base_run_jump_down_36
xanim,ai_zombie_base_run_jump_down_48
xanim,ai_zombie_base_run_jump_down_72
xanim,ai_zombie_base_run_jump_down_96
xanim,ai_zombie_base_run_jump_up_36
xanim,ai_zombie_base_run_jump_up_48
xanim,ai_zombie_base_run_jump_up_72
xanim,ai_zombie_base_run_jump_up_96
xanim,ai_zombie_base_run_mantle_over_36
xanim,ai_zombie_base_run_mantle_over_48
xanim,ai_zombie_base_run_mantle_over_72
xanim,ai_zombie_base_run_mantle_over_96
xanim,ai_zombie_base_run_turn_135_l_v2
xanim,ai_zombie_base_run_turn_135_r_v2
xanim,ai_zombie_base_run_turn_180_l_v2
xanim,ai_zombie_base_run_turn_180_r_v2
xanim,ai_zombie_base_run_turn_45_l_v2
xanim,ai_zombie_base_run_turn_45_r_v2
xanim,ai_zombie_base_run_turn_90_l_v3
xanim,ai_zombie_base_run_turn_90_r_v2
xanim,ai_zombie_base_sprint_ad_sidestep_left_long_a
xanim,ai_zombie_base_sprint_ad_sidestep_left_long_b
xanim,ai_zombie_base_sprint_ad_sidestep_left_short_a
xanim,ai_zombie_base_sprint_ad_sidestep_right_long
xanim,ai_zombie_base_sprint_ad_sidestep_right_long_a
xanim,ai_zombie_base_sprint_ad_sidestep_right_long_b
xanim,ai_zombie_base_sprint_ad_sidestep_right_short_a
xanim,ai_zombie_base_sprint_ad_v1
xanim,ai_zombie_base_sprint_ad_v1_pain_chest_f
xanim,ai_zombie_base_sprint_ad_v1_pain_chest_f_alt
xanim,ai_zombie_base_sprint_ad_v2
xanim,ai_zombie_base_sprint_ad_v21
xanim,ai_zombie_base_sprint_ad_v21_pain_chest_f
xanim,ai_zombie_base_sprint_ad_v21_pain_chest_f_alt
xanim,ai_zombie_base_sprint_ad_v22
xanim,ai_zombie_base_sprint_ad_v22_pain_chest_f
xanim,ai_zombie_base_sprint_ad_v22_pain_chest_f_alt
xanim,ai_zombie_base_sprint_ad_v23
xanim,ai_zombie_base_sprint_ad_v23_pain_chest_f
xanim,ai_zombie_base_sprint_ad_v23_pain_chest_f_alt
xanim,ai_zombie_base_sprint_ad_v24
xanim,ai_zombie_base_sprint_ad_v24_pain_chest_f
xanim,ai_zombie_base_sprint_ad_v24_pain_chest_f_alt
xanim,ai_zombie_base_sprint_ad_v2_pain_chest_f
xanim,ai_zombie_base_sprint_ad_v2_pain_chest_f_alt
xanim,ai_zombie_base_sprint_ad_v5
xanim,ai_zombie_base_sprint_ad_v5_pain_chest_f
xanim,ai_zombie_base_sprint_ad_v5_pain_chest_f_alt
xanim,ai_zombie_base_sprint_ad_win_trav_l_v1
xanim,ai_zombie_base_sprint_ad_win_trav_m_v1
xanim,ai_zombie_base_sprint_ad_win_trav_m_v2
xanim,ai_zombie_base_sprint_ad_win_trav_r_v1
xanim,ai_zombie_base_sprint_au_sidestep_left_long_a
xanim,ai_zombie_base_sprint_au_sidestep_left_long_b
xanim,ai_zombie_base_sprint_au_sidestep_left_short_a
xanim,ai_zombie_base_sprint_au_sidestep_left_short_b
xanim,ai_zombie_base_sprint_au_sidestep_right_long_a
xanim,ai_zombie_base_sprint_au_sidestep_right_long_b
xanim,ai_zombie_base_sprint_au_sidestep_right_short_a
xanim,ai_zombie_base_sprint_au_sidestep_right_short_b
xanim,ai_zombie_base_sprint_au_v1
xanim,ai_zombie_base_sprint_au_v1_pain_chest_f
xanim,ai_zombie_base_sprint_au_v1_pain_chest_f_alt
xanim,ai_zombie_base_sprint_au_v2
xanim,ai_zombie_base_sprint_au_v20
xanim,ai_zombie_base_sprint_au_v20_pain_chest_f
xanim,ai_zombie_base_sprint_au_v20_pain_chest_f_alt
xanim,ai_zombie_base_sprint_au_v21
xanim,ai_zombie_base_sprint_au_v21_pain_chest_f
xanim,ai_zombie_base_sprint_au_v21_pain_chest_f_alt
xanim,ai_zombie_base_sprint_au_v22
xanim,ai_zombie_base_sprint_au_v22_pain_chest_f
xanim,ai_zombie_base_sprint_au_v22_pain_chest_f_alt
xanim,ai_zombie_base_sprint_au_v25
xanim,ai_zombie_base_sprint_au_v25_pain_chest_f
xanim,ai_zombie_base_sprint_au_v25_pain_chest_f_alt
xanim,ai_zombie_base_sprint_au_v2_pain_chest_f
xanim,ai_zombie_base_sprint_au_v2_pain_chest_f_alt
xanim,ai_zombie_base_sprint_au_win_trav_l_v1
xanim,ai_zombie_base_sprint_au_win_trav_m_v1
xanim,ai_zombie_base_sprint_au_win_trav_m_v2
xanim,ai_zombie_base_sprint_au_win_trav_r_v1
xanim,ai_zombie_base_sprint_turn_135_l_v2
xanim,ai_zombie_base_sprint_turn_135_r_v2
xanim,ai_zombie_base_sprint_turn_180_l_v2
xanim,ai_zombie_base_sprint_turn_180_r_v3
xanim,ai_zombie_base_sprint_turn_45_l_v2
xanim,ai_zombie_base_sprint_turn_45_r_v2
xanim,ai_zombie_base_sprint_turn_90_l_v2
xanim,ai_zombie_base_sprint_turn_90_r_v2
xanim,ai_zombie_base_supersprint_ad_v1
xanim,ai_zombie_base_supersprint_ad_v2
xanim,ai_zombie_base_supersprint_au_v1
xanim,ai_zombie_base_supersprint_au_v2
xanim,ai_zombie_base_taunts_v1
xanim,ai_zombie_base_taunts_v2
xanim,ai_zombie_base_taunts_v3
xanim,ai_zombie_base_taunts_v4
xanim,ai_zombie_base_taunts_v5
xanim,ai_zombie_base_taunts_v6
xanim,ai_zombie_base_taunts_v7
xanim,ai_zombie_base_taunts_v8
xanim,ai_zombie_base_taunts_v9
xanim,ai_zombie_base_traverse_procedural_idle
xanim,ai_zombie_base_traverse_procedural_idle_alt1
xanim,ai_zombie_base_traverse_procedural_idle_alt2
xanim,ai_zombie_base_traverse_procedural_jump
xanim,ai_zombie_base_traverse_procedural_jump_alt1
xanim,ai_zombie_base_traverse_procedural_jump_alt2
xanim,ai_zombie_base_traverse_procedural_land
xanim,ai_zombie_base_traverse_procedural_land_alt1
xanim,ai_zombie_base_traverse_procedural_land_alt2
xanim,ai_zombie_base_walk_ad_attack_v1
xanim,ai_zombie_base_walk_ad_attack_v2
xanim,ai_zombie_base_walk_ad_attack_v3
xanim,ai_zombie_base_walk_ad_attack_v4
xanim,ai_zombie_base_walk_ad_sidestep_left_long_b
xanim,ai_zombie_base_walk_ad_sidestep_left_short
xanim,ai_zombie_base_walk_ad_sidestep_left_short_b
xanim,ai_zombie_base_walk_ad_sidestep_right_a
xanim,ai_zombie_base_walk_ad_sidestep_right_long_a
xanim,ai_zombie_base_walk_ad_sidestep_right_long_b
xanim,ai_zombie_base_walk_ad_sidestep_right_short
xanim,ai_zombie_base_walk_ad_sidestep_right_short_a
xanim,ai_zombie_base_walk_ad_v1
xanim,ai_zombie_base_walk_ad_v19
xanim,ai_zombie_base_walk_ad_v19_pain_chest_f
xanim,ai_zombie_base_walk_ad_v19_pain_chest_f_alt
xanim,ai_zombie_base_walk_ad_v1_pain_chest_f
xanim,ai_zombie_base_walk_ad_v1_pain_chest_f_alt
xanim,ai_zombie_base_walk_ad_v2
xanim,ai_zombie_base_walk_ad_v20
xanim,ai_zombie_base_walk_ad_v20_pain_chest_f
xanim,ai_zombie_base_walk_ad_v20_pain_chest_f_alt
xanim,ai_zombie_base_walk_ad_v21
xanim,ai_zombie_base_walk_ad_v21_pain_chest_f
xanim,ai_zombie_base_walk_ad_v21_pain_chest_f_alt
xanim,ai_zombie_base_walk_ad_v22
xanim,ai_zombie_base_walk_ad_v22_pain_chest_f
xanim,ai_zombie_base_walk_ad_v22_pain_chest_f_alt
xanim,ai_zombie_base_walk_ad_v23
xanim,ai_zombie_base_walk_ad_v23_pain_chest_f
xanim,ai_zombie_base_walk_ad_v23_pain_chest_f_alt
xanim,ai_zombie_base_walk_ad_v24
xanim,ai_zombie_base_walk_ad_v24_pain_chest_f
xanim,ai_zombie_base_walk_ad_v24_pain_chest_f_alt
xanim,ai_zombie_base_walk_ad_v25
xanim,ai_zombie_base_walk_ad_v25_pain_chest_f
xanim,ai_zombie_base_walk_ad_v25_pain_chest_f_alt
xanim,ai_zombie_base_walk_ad_v2_pain_chest_f
xanim,ai_zombie_base_walk_ad_v2_pain_chest_f_alt
xanim,ai_zombie_base_walk_ad_v3
xanim,ai_zombie_base_walk_ad_v3_pain_chest_f
xanim,ai_zombie_base_walk_ad_v3_pain_chest_f_alt
xanim,ai_zombie_base_walk_ad_v4
xanim,ai_zombie_base_walk_ad_v4_pain_chest_f
xanim,ai_zombie_base_walk_ad_v4_pain_chest_f_alt
xanim,ai_zombie_base_walk_ad_v5
xanim,ai_zombie_base_walk_ad_v5_pain_chest_f
xanim,ai_zombie_base_walk_ad_v5_pain_chest_f_alt
xanim,ai_zombie_base_walk_ad_v6
xanim,ai_zombie_base_walk_ad_v6_pain_chest_f
xanim,ai_zombie_base_walk_ad_v6_pain_chest_f_alt
xanim,ai_zombie_base_walk_ad_v7
xanim,ai_zombie_base_walk_ad_v7_pain_chest_f
xanim,ai_zombie_base_walk_ad_v7_pain_chest_f_alt
xanim,ai_zombie_base_walk_ad_win_trav_l_v1
xanim,ai_zombie_base_walk_ad_win_trav_m_v1
xanim,ai_zombie_base_walk_ad_win_trav_m_v2
xanim,ai_zombie_base_walk_ad_win_trav_m_v3
xanim,ai_zombie_base_walk_ad_win_trav_r_v1
xanim,ai_zombie_base_walk_au_attack_v1
xanim,ai_zombie_base_walk_au_attack_v2
xanim,ai_zombie_base_walk_au_attack_v3
xanim,ai_zombie_base_walk_au_attack_v4
xanim,ai_zombie_base_walk_au_pain_head_v1
xanim,ai_zombie_base_walk_au_pain_legs_v1
xanim,ai_zombie_base_walk_au_pain_torso_v1
xanim,ai_zombie_base_walk_au_sidestep_left_long
xanim,ai_zombie_base_walk_au_sidestep_left_long_d
xanim,ai_zombie_base_walk_au_sidestep_left_short
xanim,ai_zombie_base_walk_au_sidestep_right_b
xanim,ai_zombie_base_walk_au_sidestep_right_short
xanim,ai_zombie_base_walk_au_v1
xanim,ai_zombie_base_walk_au_v10
xanim,ai_zombie_base_walk_au_v10_pain_chest_f
xanim,ai_zombie_base_walk_au_v10_pain_chest_f_alt
xanim,ai_zombie_base_walk_au_v11
xanim,ai_zombie_base_walk_au_v11_pain_chest_f
xanim,ai_zombie_base_walk_au_v11_pain_chest_f_alt
xanim,ai_zombie_base_walk_au_v12
xanim,ai_zombie_base_walk_au_v12_pain_chest_f
xanim,ai_zombie_base_walk_au_v12_pain_chest_f_alt
xanim,ai_zombie_base_walk_au_v13
xanim,ai_zombie_base_walk_au_v13_pain_chest_f
xanim,ai_zombie_base_walk_au_v13_pain_chest_f_alt
xanim,ai_zombie_base_walk_au_v15
xanim,ai_zombie_base_walk_au_v15_pain_chest_f
xanim,ai_zombie_base_walk_au_v15_pain_chest_f_alt
xanim,ai_zombie_base_walk_au_v1_pain_chest_f
xanim,ai_zombie_base_walk_au_v1_pain_chest_f_alt
xanim,ai_zombie_base_walk_au_v2
xanim,ai_zombie_base_walk_au_v20
xanim,ai_zombie_base_walk_au_v20_pain_chest_f
xanim,ai_zombie_base_walk_au_v20_pain_chest_f_alt
xanim,ai_zombie_base_walk_au_v21
xanim,ai_zombie_base_walk_au_v21_pain_chest_f
xanim,ai_zombie_base_walk_au_v21_pain_chest_f_alt
xanim,ai_zombie_base_walk_au_v23
xanim,ai_zombie_base_walk_au_v23_pain_chest_f
xanim,ai_zombie_base_walk_au_v23_pain_chest_f_alt
xanim,ai_zombie_base_walk_au_v2_pain_chest_f
xanim,ai_zombie_base_walk_au_v2_pain_chest_f_alt
xanim,ai_zombie_base_walk_au_v3
xanim,ai_zombie_base_walk_au_v3_pain_chest_f
xanim,ai_zombie_base_walk_au_v3_pain_chest_f_alt
xanim,ai_zombie_base_walk_au_v4
xanim,ai_zombie_base_walk_au_v4_pain_chest_f
xanim,ai_zombie_base_walk_au_v4_pain_chest_f_alt
xanim,ai_zombie_base_walk_au_v5
xanim,ai_zombie_base_walk_au_v5_pain_chest_f
xanim,ai_zombie_base_walk_au_v5_pain_chest_f_alt
xanim,ai_zombie_base_walk_au_v6
xanim,ai_zombie_base_walk_au_v6_pain_chest_f
xanim,ai_zombie_base_walk_au_v6_pain_chest_f_alt
xanim,ai_zombie_base_walk_au_v7
xanim,ai_zombie_base_walk_au_v7_pain_chest_f
xanim,ai_zombie_base_walk_au_v7_pain_chest_f_alt
xanim,ai_zombie_base_walk_au_v8
xanim,ai_zombie_base_walk_au_v8_pain_chest_f
xanim,ai_zombie_base_walk_au_v8_pain_chest_f_alt
xanim,ai_zombie_base_walk_au_win_trav_l_v1
xanim,ai_zombie_base_walk_au_win_trav_m_v1
xanim,ai_zombie_base_walk_au_win_trav_m_v2
xanim,ai_zombie_base_walk_au_win_trav_m_v3
xanim,ai_zombie_base_walk_au_win_trav_r_v1
xanim,ai_zombie_base_walk_turn_135_l_v3
xanim,ai_zombie_base_walk_turn_135_r_v2
xanim,ai_zombie_base_walk_turn_180_l_v3
xanim,ai_zombie_base_walk_turn_180_r_v3
xanim,ai_zombie_base_walk_turn_45_l_v2
xanim,ai_zombie_base_walk_turn_45_r_v2
xanim,ai_zombie_base_walk_turn_90_l_v2
xanim,ai_zombie_base_walk_turn_90_r_v2
xanim,ai_zombie_base_win_attack_arm_l_out
xanim,ai_zombie_base_win_attack_arm_r_out
xanim,ai_zombie_cp_crawl_jump_up_128_down_32
xanim,ai_zombie_cp_jump_up_128_down_32
xanim,ai_zombie_zod_crawl_stunned_electrobolt_a
xanim,ai_zombie_zod_crawl_stunned_electrobolt_b
xanim,ai_zombie_zod_crawl_stunned_electrobolt_c
xanim,ai_zombie_zod_crawl_stunned_electrobolt_d
xanim,ai_zombie_zod_crawl_stunned_electrobolt_e
xanim,ai_zombie_zod_margwa_smash_react_b_deadfallknee
xanim,ai_zombie_zod_margwa_smash_react_b_faceplant
xanim,ai_zombie_zod_margwa_smash_react_b_forwardtoface
xanim,ai_zombie_zod_margwa_smash_react_f
xanim,ai_zombie_zod_margwa_smash_react_f_doublebounce
xanim,ai_zombie_zod_margwa_smash_react_f_flatonback
xanim,ai_zombie_zod_margwa_smash_react_f_upontoback
xanim,ai_zombie_zod_margwa_smash_react_getup
xanim,ai_zombie_zod_margwa_smash_react_getup_a
xanim,ai_zombie_zod_margwa_smash_react_getup_b
xanim,ai_zombie_zod_margwa_smash_react_getup_c
xanim,ai_zombie_zod_margwa_smash_react_getup_quick_b
xanim,ai_zombie_zod_margwa_smash_react_getup_quick_c
xanim,ai_zombie_zod_margwa_smash_react_l_jackiespinright
xanim,ai_zombie_zod_margwa_smash_react_l_legsoutright
xanim,ai_zombie_zod_margwa_smash_react_r_jackiespinleft
xanim,ai_zombie_zod_margwa_smash_react_r_legsoutleft
xanim,ai_zombie_zod_stunned_electrobolt_a
xanim,ai_zombie_zod_stunned_electrobolt_b
xanim,ai_zombie_zod_stunned_electrobolt_c
xanim,ai_zombie_zod_stunned_electrobolt_d
xanim,ai_zombie_zod_stunned_electrobolt_e
xanim,o_zombie_base_packapunch_flag_down
xanim,o_zombie_base_packapunch_flag_up
xanim,o_zombie_base_packapunch_poweron
xanim,o_zombie_base_packapunch_working_eject_gun
xanim,o_zombie_base_packapunch_working_loop
xanim,o_zombie_base_packapunch_working_take_gun
xanim,o_zombie_base_packapunch_worldguns_ejected
xanim,o_zombie_base_packapunch_worldguns_taken
xanim,o_zombie_board_1_pull
xanim,o_zombie_board_1_repair
xanim,o_zombie_board_2_pull
xanim,o_zombie_board_2_repair
xanim,o_zombie_board_3_pull
xanim,o_zombie_board_3_repair
xanim,o_zombie_board_4_pull
xanim,o_zombie_board_4_repair
xanim,o_zombie_board_5_pull
xanim,o_zombie_board_5_repair
xanim,o_zombie_board_6_pull
xanim,o_zombie_board_6_repair
xanim,rtrg_ai_zm_dlc1_zombie_crawl_lowg_v1
xanim,rtrg_ai_zm_dlc1_zombie_crawl_lowg_v2
xanim,rtrg_ai_zm_dlc1_zombie_crawl_lowg_v3
xanim,rtrg_ai_zm_dlc1_zombie_run_lowg_v1
xanim,rtrg_ai_zm_dlc1_zombie_run_lowg_v2
xanim,rtrg_ai_zm_dlc1_zombie_run_lowg_v3
xanim,rtrg_ai_zm_dlc1_zombie_run_lowg_v4
xanim,rtrg_ai_zm_dlc1_zombie_sprint_lowg_v1
xanim,rtrg_ai_zm_dlc1_zombie_sprint_lowg_v2
xanim,rtrg_ai_zm_dlc1_zombie_sprint_lowg_v3
xanim,rtrg_ai_zm_dlc1_zombie_sprint_lowg_v4
xanim,rtrg_ai_zm_dlc1_zombie_walk_lowg_v1
xanim,rtrg_ai_zm_dlc1_zombie_walk_lowg_v2
xanim,rtrg_ai_zm_dlc1_zombie_walk_lowg_v3
xanim,rtrg_ai_zm_dlc1_zombie_walk_lowg_v4
xmodel,c_zom_der_zombie_body1_g_behead
xmodel,c_zom_der_zombie_body1_g_blegsoff
xmodel,c_zom_der_zombie_body1_g_llegoff
xmodel,c_zom_der_zombie_body1_g_lowclean
xmodel,c_zom_der_zombie_body1_g_rlegoff
xmodel,c_zom_der_zombie_body2
xmodel,c_zom_der_zombie_body2_g_behead
xmodel,c_zom_der_zombie_body2_g_blegsoff
xmodel,c_zom_der_zombie_body2_g_larmoff
xmodel,c_zom_der_zombie_body2_g_llegoff
xmodel,c_zom_der_zombie_body2_g_lowclean
xmodel,c_zom_der_zombie_body2_g_rarmoff
xmodel,c_zom_der_zombie_body2_g_rlegoff
xmodel,c_zom_der_zombie_body2_g_upclean
xmodel,c_zom_der_zombie_head1
xmodel,c_zom_der_zombie_head2
xmodel,c_zom_der_zombie_head3
xmodel,c_zom_der_zombie_helmet1
xmodel,c_zom_zod_zombie_fem_body1_g_larmspawn
xmodel,c_zom_zod_zombie_fem_body1_g_llegspawn
xmodel,c_zom_zod_zombie_fem_body1_g_rarmspawn
xmodel,c_zom_zod_zombie_fem_body1_g_rlegspawn
xmodel,p6_anim_zm_barricade_board_01_upgrade
xmodel,p6_anim_zm_barricade_board_02_upgrade
xmodel,p6_anim_zm_barricade_board_03_upgrade
xmodel,p6_anim_zm_barricade_board_04_upgrade
xmodel,p6_anim_zm_barricade_board_05_upgrade
xmodel,p6_anim_zm_barricade_board_06_upgrade
xmodel,p7_anim_zm_barricade_board_01
xmodel,p7_anim_zm_barricade_board_02
xmodel,p7_anim_zm_barricade_board_03
xmodel,p7_anim_zm_barricade_board_04
xmodel,p7_anim_zm_barricade_board_05
xmodel,p7_anim_zm_barricade_board_06
xmodel,p7_cinder_block
xmodel,p7_zm_der2_vending_packapunch_sign_wait
xmodel,p7_zm_der_pswitch_body
xmodel,p7_zm_der_pswitch_handle
xmodel,p7_zm_vending_packapunch
xmodel,p7_zm_vending_packapunch_on
xmodel,p7_zm_vending_packapunch_weapon
xmodel,skybox_default_black
xmodel,skybox_default_day
xmodelmesh,c_zom_der_head_1_lod07552e3d7
xmodelmesh,c_zom_der_head_1_lod17b771400
xmodelmesh,c_zom_der_head_1_lod22a74f240
xmodelmesh,c_zom_der_head_1_lod3e650584c
xmodelmesh,c_zom_der_head_1_lod4c1179c01
xmodelmesh,c_zom_der_head_1_lod5943b21d9
xmodelmesh,c_zom_der_head_1_lod6229e2b02
xmodelmesh,c_zom_der_head_2_lod0c8b48a35
xmodelmesh,c_zom_der_head_2_lod1177e7cdd
xmodelmesh,c_zom_der_head_2_lod2900ea178
xmodelmesh,c_zom_der_head_2_lod367983df6
xmodelmesh,c_zom_der_head_2_lod410b5a201
xmodelmesh,c_zom_der_head_2_lod51fd00a8a
xmodelmesh,c_zom_der_head_2_lod66291cdde
xmodelmesh,c_zom_der_head_3_lod054897ad0
xmodelmesh,c_zom_der_head_3_lod14fa358f7
xmodelmesh,c_zom_der_head_3_lod22700a248
xmodelmesh,c_zom_der_head_3_lod3a9afee46
xmodelmesh,c_zom_der_head_3_lod4e605e8d0
xmodelmesh,c_zom_der_head_3_lod53d40255c
xmodelmesh,c_zom_der_head_3_lod6b8e32972
xmodelmesh,c_zom_der_helmet_1_lod0c32b1d6c
xmodelmesh,c_zom_der_helmet_1_lod1cc9d111
xmodelmesh,c_zom_der_helmet_1_lod275993693
xmodelmesh,c_zom_der_helmet_1_lod3cd13d004
xmodelmesh,c_zom_der_helmet_1_lod440e19ebe
xmodelmesh,c_zom_der_helmet_1_lod55a672d53
xmodelmesh,c_zom_der_helmet_1_lod6b584e3ce
xmodelmesh,c_zom_der_zombie_body1_g_behead_lod0d7f0846c
xmodelmesh,c_zom_der_zombie_body1_g_behead_lod173bede7d
xmodelmesh,c_zom_der_zombie_body1_g_behead_lod2e0f4e454
xmodelmesh,c_zom_der_zombie_body1_g_behead_lod373e83067
xmodelmesh,c_zom_der_zombie_body1_g_behead_lod4e68ab97e
xmodelmesh,c_zom_der_zombie_body1_g_behead_lod586d08846
xmodelmesh,c_zom_der_zombie_body1_g_behead_lod6cfec6cba
xmodelmesh,c_zom_der_zombie_body1_g_blegsoff_lod028e897ab
xmodelmesh,c_zom_der_zombie_body1_g_blegsoff_lod19524f698
xmodelmesh,c_zom_der_zombie_body1_g_blegsoff_lod26f0a12a7
xmodelmesh,c_zom_der_zombie_body1_g_blegsoff_lod3776ad7c0
xmodelmesh,c_zom_der_zombie_body1_g_blegsoff_lod4e6f7b2a0
xmodelmesh,c_zom_der_zombie_body1_g_blegsoff_lod52a8483e9
xmodelmesh,c_zom_der_zombie_body1_g_blegsoff_lod6d37207be
xmodelmesh,c_zom_der_zombie_body1_g_llegoff_lod09befef1e
xmodelmesh,c_zom_der_zombie_body1_g_llegoff_lod1692bb2a1
xmodelmesh,c_zom_der_zombie_body1_g_llegoff_lod2f7127018
xmodelmesh,c_zom_der_zombie_body1_g_llegoff_lod32993a276
xmodelmesh,c_zom_der_zombie_body1_g_llegoff_lod472b7e0e
xmodelmesh,c_zom_der_zombie_body1_g_llegoff_lod514b66699
xmodelmesh,c_zom_der_zombie_body1_g_llegoff_lod67f9aa231
xmodelmesh,c_zom_der_zombie_body1_g_lowclean_lod05d3964f8
xmodelmesh,c_zom_der_zombie_body1_g_lowclean_lod1d5459dbe
xmodelmesh,c_zom_der_zombie_body1_g_lowclean_lod2118693d3
xmodelmesh,c_zom_der_zombie_body1_g_lowclean_lod330d513fe
xmodelmesh,c_zom_der_zombie_body1_g_lowclean_lod41da35f97
xmodelmesh,c_zom_der_zombie_body1_g_lowclean_lod517213356
xmodelmesh,c_zom_der_zombie_body1_g_lowclean_lod6fa3102be
xmodelmesh,c_zom_der_zombie_body1_g_rlegoff_lod0db873496
xmodelmesh,c_zom_der_zombie_body1_g_rlegoff_lod1c39344cc
xmodelmesh,c_zom_der_zombie_body1_g_rlegoff_lod27cd40052
xmodelmesh,c_zom_der_zombie_body1_g_rlegoff_lod38bc72a63
xmodelmesh,c_zom_der_zombie_body1_g_rlegoff_lod4b95a1e19
xmodelmesh,c_zom_der_zombie_body1_g_rlegoff_lod5cb3b0646
xmodelmesh,c_zom_der_zombie_body1_g_rlegoff_lod659e69f26
xmodelmesh,c_zom_der_zombie_body2_g_behead_lod010ea455a
xmodelmesh,c_zom_der_zombie_body2_g_behead_lod1f439b647
xmodelmesh,c_zom_der_zombie_body2_g_behead_lod229208994
xmodelmesh,c_zom_der_zombie_body2_g_behead_lod35d09dd7e
xmodelmesh,c_zom_der_zombie_body2_g_behead_lod4adfd81c9
xmodelmesh,c_zom_der_zombie_body2_g_behead_lod592058fd9
xmodelmesh,c_zom_der_zombie_body2_g_behead_lod633e7b02c
xmodelmesh,c_zom_der_zombie_body2_g_blegsoff_lod01ffc0dd6
xmodelmesh,c_zom_der_zombie_body2_g_blegsoff_lod1365920cf
xmodelmesh,c_zom_der_zombie_body2_g_blegsoff_lod27f4952d3
xmodelmesh,c_zom_der_zombie_body2_g_blegsoff_lod3ddb198f9
xmodelmesh,c_zom_der_zombie_body2_g_blegsoff_lod4b5d88c29
xmodelmesh,c_zom_der_zombie_body2_g_blegsoff_lod5c35191e1
xmodelmesh,c_zom_der_zombie_body2_g_blegsoff_lod6fec7049e
xmodelmesh,c_zom_der_zombie_body2_g_larmoff_lod0d46fba30
xmodelmesh,c_zom_der_zombie_body2_g_larmoff_lod13c8d67c7
xmodelmesh,c_zom_der_zombie_body2_g_larmoff_lod21d9f1d4b
xmodelmesh,c_zom_der_zombie_body2_g_larmoff_lod3d8212ec8
xmodelmesh,c_zom_der_zombie_body2_g_larmoff_lod4ca247a33
xmodelmesh,c_zom_der_zombie_body2_g_larmoff_lod5db695c0c
xmodelmesh,c_zom_der_zombie_body2_g_larmoff_lod62ba30807
xmodelmesh,c_zom_der_zombie_body2_g_llegoff_lod081901a33
xmodelmesh,c_zom_der_zombie_body2_g_llegoff_lod16b31acae
xmodelmesh,c_zom_der_zombie_body2_g_llegoff_lod26f41bbce
xmodelmesh,c_zom_der_zombie_body2_g_llegoff_lod3b27e2b15
xmodelmesh,c_zom_der_zombie_body2_g_llegoff_lod4501501a8
xmodelmesh,c_zom_der_zombie_body2_g_llegoff_lod51fe99774
xmodelmesh,c_zom_der_zombie_body2_g_llegoff_lod6a21441c3
xmodelmesh,c_zom_der_zombie_body2_g_lowclean_lod0cd620c1c
xmodelmesh,c_zom_der_zombie_body2_g_lowclean_lod1c0634905
xmodelmesh,c_zom_der_zombie_body2_g_lowclean_lod2fda2a6ea
xmodelmesh,c_zom_der_zombie_body2_g_lowclean_lod364af3fa9
xmodelmesh,c_zom_der_zombie_body2_g_lowclean_lod42f32ddfb
xmodelmesh,c_zom_der_zombie_body2_g_lowclean_lod5bcac4582
xmodelmesh,c_zom_der_zombie_body2_g_lowclean_lod69154bfa3
xmodelmesh,c_zom_der_zombie_body2_g_rarmoff_lod0ae687fe5
xmodelmesh,c_zom_der_zombie_body2_g_rarmoff_lod1f024c510
xmodelmesh,c_zom_der_zombie_body2_g_rarmoff_lod2dcbb4d50
xmodelmesh,c_zom_der_zombie_body2_g_rarmoff_lod36702fcec
xmodelmesh,c_zom_der_zombie_body2_g_rarmoff_lod4e6aed839
xmodelmesh,c_zom_der_zombie_body2_g_rarmoff_lod5c9791d5a
xmodelmesh,c_zom_der_zombie_body2_g_rarmoff_lod69af9f1c9
xmodelmesh,c_zom_der_zombie_body2_g_rlegoff_lod0ff39e779
xmodelmesh,c_zom_der_zombie_body2_g_rlegoff_lod19214c0d0
xmodelmesh,c_zom_der_zombie_body2_g_rlegoff_lod27b186e2f
xmodelmesh,c_zom_der_zombie_body2_g_rlegoff_lod3e6d99ea9
xmodelmesh,c_zom_der_zombie_body2_g_rlegoff_lod4f6abfafb
xmodelmesh,c_zom_der_zombie_body2_g_rlegoff_lod52ab33a06
xmodelmesh,c_zom_der_zombie_body2_g_rlegoff_lod6760fa259
xmodelmesh,c_zom_der_zombie_body2_g_upclean_lod0481334f6
xmodelmesh,c_zom_der_zombie_body2_g_upclean_lod14f4dd164
xmodelmesh,c_zom_der_zombie_body2_g_upclean_lod293d3d0c6
xmodelmesh,c_zom_der_zombie_body2_g_upclean_lod326a53a22
xmodelmesh,c_zom_der_zombie_body2_g_upclean_lod4e3ae1925
xmodelmesh,c_zom_der_zombie_body2_g_upclean_lod529f358be
xmodelmesh,c_zom_der_zombie_body2_g_upclean_lod62fc55a40
xmodelmesh,c_zom_der_zombie_body2_lod0649fdd92
xmodelmesh,c_zom_der_zombie_body2_lod149373e60
xmodelmesh,c_zom_der_zombie_body2_lod2d087cf51
xmodelmesh,c_zom_der_zombie_body2_lod351680dd2
xmodelmesh,c_zom_der_zombie_body2_lod42f45ba3f
xmodelmesh,c_zom_der_zombie_body2_lod57a787b77
xmodelmesh,c_zom_der_zombie_body2_lod69430e7c6
xmodelmesh,c_zom_zod_zombie_fem_body1_g_larmspawn_lod0504c0b52
xmodelmesh,c_zom_zod_zombie_fem_body1_g_larmspawn_lod0539c617e
xmodelmesh,c_zom_zod_zombie_fem_body1_g_larmspawn_lod0567f2c88
xmodelmesh,c_zom_zod_zombie_fem_body1_g_larmspawn_lod06611811f
xmodelmesh,c_zom_zod_zombie_fem_body1_g_larmspawn_lod071ee3647
xmodelmesh,c_zom_zod_zombie_fem_body1_g_larmspawn_lod0b5e99667
xmodelmesh,c_zom_zod_zombie_fem_body1_g_larmspawn_lod0e0592c13
xmodelmesh,c_zom_zod_zombie_fem_body1_g_larmspawn_lod0f35667dd
xmodelmesh,c_zom_zod_zombie_fem_body1_g_llegspawn_lod02a259e13
xmodelmesh,c_zom_zod_zombie_fem_body1_g_llegspawn_lod034c88b59
xmodelmesh,c_zom_zod_zombie_fem_body1_g_llegspawn_lod041c78fa2
xmodelmesh,c_zom_zod_zombie_fem_body1_g_llegspawn_lod044d1d262
xmodelmesh,c_zom_zod_zombie_fem_body1_g_llegspawn_lod056fb478
xmodelmesh,c_zom_zod_zombie_fem_body1_g_llegspawn_lod0cb3aa1bd
xmodelmesh,c_zom_zod_zombie_fem_body1_g_llegspawn_lod0d8f17acf
xmodelmesh,c_zom_zod_zombie_fem_body1_g_llegspawn_lod0ed640c28
xmodelmesh,c_zom_zod_zombie_fem_body1_g_rarmspawn_lod015c23f93
xmodelmesh,c_zom_zod_zombie_fem_body1_g_rarmspawn_lod02f5eed13
xmodelmesh,c_zom_zod_zombie_fem_body1_g_rarmspawn_lod05223ef7a
xmodelmesh,c_zom_zod_zombie_fem_body1_g_rarmspawn_lod075527b40
xmodelmesh,c_zom_zod_zombie_fem_body1_g_rarmspawn_lod08155b704
xmodelmesh,c_zom_zod_zombie_fem_body1_g_rarmspawn_lod08fd8a2fc
xmodelmesh,c_zom_zod_zombie_fem_body1_g_rarmspawn_lod0be021e3f
xmodelmesh,c_zom_zod_zombie_fem_body1_g_rarmspawn_lod0cc3184d5
xmodelmesh,c_zom_zod_zombie_fem_body1_g_rlegspawn_lod01414fc82
xmodelmesh,c_zom_zod_zombie_fem_body1_g_rlegspawn_lod019d1b9e0
xmodelmesh,c_zom_zod_zombie_fem_body1_g_rlegspawn_lod03da2116b
xmodelmesh,c_zom_zod_zombie_fem_body1_g_rlegspawn_lod053f29eef
xmodelmesh,c_zom_zod_zombie_fem_body1_g_rlegspawn_lod0c5acd6f
xmodelmesh,c_zom_zod_zombie_fem_body1_g_rlegspawn_lod0c7aec304
xmodelmesh,c_zom_zod_zombie_fem_body1_g_rlegspawn_lod0d0f95c7e
xmodelmesh,c_zom_zod_zombie_fem_body1_g_rlegspawn_lod0e81c06d8
xmodelmesh,p6_anim_zm_barricade_board_01_upgrade_lod05874aac2
xmodelmesh,p6_anim_zm_barricade_board_01_upgrade_lod17444bd68
xmodelmesh,p6_anim_zm_barricade_board_01_upgrade_lod2785e9a20
xmodelmesh,p6_anim_zm_barricade_board_02_upgrade_lod08f751df3
xmodelmesh,p6_anim_zm_barricade_board_02_upgrade_lod1ea3323ef
xmodelmesh,p6_anim_zm_barricade_board_02_upgrade_lod2676d82b2
xmodelmesh,p6_anim_zm_barricade_board_03_upgrade_lod02976caf3
xmodelmesh,p6_anim_zm_barricade_board_03_upgrade_lod1f8fe4790
xmodelmesh,p6_anim_zm_barricade_board_03_upgrade_lod25e7845a0
xmodelmesh,p6_anim_zm_barricade_board_04_upgrade_lod09f027b1c
xmodelmesh,p6_anim_zm_barricade_board_04_upgrade_lod1e4b02287
xmodelmesh,p6_anim_zm_barricade_board_04_upgrade_lod2b8bb9c80
xmodelmesh,p6_anim_zm_barricade_board_05_upgrade_lod05874aac2
xmodelmesh,p6_anim_zm_barricade_board_05_upgrade_lod17444bd68
xmodelmesh,p6_anim_zm_barricade_board_05_upgrade_lod2785e9a20
xmodelmesh,p6_anim_zm_barricade_board_06_upgrade_lod09f027b1c
xmodelmesh,p6_anim_zm_barricade_board_06_upgrade_lod1e4b02287
xmodelmesh,p6_anim_zm_barricade_board_06_upgrade_lod2b8bb9c80
xmodelmesh,p7_anim_zm_barricade_board_01_cole0f4e1d7
xmodelmesh,p7_anim_zm_barricade_board_01_lod0412080cf
xmodelmesh,p7_anim_zm_barricade_board_01_lod07626f791
xmodelmesh,p7_anim_zm_barricade_board_01_lod076cf1ef
xmodelmesh,p7_anim_zm_barricade_board_01_lod080d2d065
xmodelmesh,p7_anim_zm_barricade_board_01_lod08c31ae6e
xmodelmesh,p7_anim_zm_barricade_board_01_lod0bc86ed6b
xmodelmesh,p7_anim_zm_barricade_board_01_lod0db85d7d7
xmodelmesh,p7_anim_zm_barricade_board_01_lod0eadb8602
xmodelmesh,p7_anim_zm_barricade_board_02_col579fb52f
xmodelmesh,p7_anim_zm_barricade_board_02_lod014b845ac
xmodelmesh,p7_anim_zm_barricade_board_02_lod0491df694
xmodelmesh,p7_anim_zm_barricade_board_02_lod04fcaf952
xmodelmesh,p7_anim_zm_barricade_board_02_lod05e09503c
xmodelmesh,p7_anim_zm_barricade_board_02_lod0604c4d57
xmodelmesh,p7_anim_zm_barricade_board_02_lod06d33a86a
xmodelmesh,p7_anim_zm_barricade_board_02_lod0f2a4a649
xmodelmesh,p7_anim_zm_barricade_board_03_col13e5e318
xmodelmesh,p7_anim_zm_barricade_board_03_lod017d3dfbc
xmodelmesh,p7_anim_zm_barricade_board_03_lod01892047
xmodelmesh,p7_anim_zm_barricade_board_03_lod0790338f9
xmodelmesh,p7_anim_zm_barricade_board_03_lod0c46edce2
xmodelmesh,p7_anim_zm_barricade_board_03_lod0cbe10f4f
xmodelmesh,p7_anim_zm_barricade_board_03_lod0e436a2ad
xmodelmesh,p7_anim_zm_barricade_board_03_lod0fae16b96
xmodelmesh,p7_anim_zm_barricade_board_04_colda1f5f44
xmodelmesh,p7_anim_zm_barricade_board_04_lod01e93d5f
xmodelmesh,p7_anim_zm_barricade_board_04_lod05fa4f805
xmodelmesh,p7_anim_zm_barricade_board_04_lod06f193cd1
xmodelmesh,p7_anim_zm_barricade_board_04_lod0868fcf4e
xmodelmesh,p7_anim_zm_barricade_board_04_lod08bec52e8
xmodelmesh,p7_anim_zm_barricade_board_04_lod0bb3edfb6
xmodelmesh,p7_anim_zm_barricade_board_04_lod0f3b15342
xmodelmesh,p7_anim_zm_barricade_board_04_lod0fcb92db7
xmodelmesh,p7_anim_zm_barricade_board_05_col16c1373
xmodelmesh,p7_anim_zm_barricade_board_05_lod036c33cfe
xmodelmesh,p7_anim_zm_barricade_board_05_lod0535cbe9f
xmodelmesh,p7_anim_zm_barricade_board_05_lod0543f9a9a
xmodelmesh,p7_anim_zm_barricade_board_05_lod097777f8b
xmodelmesh,p7_anim_zm_barricade_board_05_lod09bc63c35
xmodelmesh,p7_anim_zm_barricade_board_05_lod0c0d9e76c
xmodelmesh,p7_anim_zm_barricade_board_05_lod0c7707369
xmodelmesh,p7_anim_zm_barricade_board_06_col77485ff6
xmodelmesh,p7_anim_zm_barricade_board_06_lod010010904
xmodelmesh,p7_anim_zm_barricade_board_06_lod036ecd2a1
xmodelmesh,p7_anim_zm_barricade_board_06_lod059c20517
xmodelmesh,p7_anim_zm_barricade_board_06_lod08f8bba21
xmodelmesh,p7_anim_zm_barricade_board_06_lod0ae9daec0
xmodelmesh,p7_anim_zm_barricade_board_06_lod0cfc142cf
xmodelmesh,p7_anim_zm_barricade_board_06_lod0f4c004fa
xmodelmesh,p7_cinder_block_lod0b4418509
xmodelmesh,p7_cinder_block_lod1b38eb3c5
xmodelmesh,p7_cinder_block_lod24d9945c2
xmodelmesh,p7_cinder_block_lod26133b898
xmodelmesh,p7_cinder_block_lod27dc31bbd
xmodelmesh,p7_cinder_block_lod2c5f233b5
xmodelmesh,p7_zm_der2_vending_packapunch_sign_wait_lod012e8b576
xmodelmesh,p7_zm_der2_vending_packapunch_sign_wait_lod0a262e7d3
xmodelmesh,p7_zm_der2_vending_packapunch_sign_wait_lod0a704097c
xmodelmesh,p7_zm_der_pswitch_body_lod01d89a5ff
xmodelmesh,p7_zm_der_pswitch_body_lod0324925aa
xmodelmesh,p7_zm_der_pswitch_body_lod03574d976
xmodelmesh,p7_zm_der_pswitch_body_lod05296e5de
xmodelmesh,p7_zm_der_pswitch_body_lod05e5bfa9f
xmodelmesh,p7_zm_der_pswitch_body_lod07da53bd6
xmodelmesh,p7_zm_der_pswitch_body_lod08f16cbc
xmodelmesh,p7_zm_der_pswitch_body_lod0c02f5a4a
xmodelmesh,p7_zm_der_pswitch_handle_lod0250846ac
xmodelmesh,p7_zm_der_pswitch_handle_lod063410b3d
xmodelmesh,p7_zm_der_pswitch_handle_lod066495e4b
xmodelmesh,p7_zm_der_pswitch_handle_lod077a229ac
xmodelmesh,p7_zm_der_pswitch_handle_lod09e863e5e
xmodelmesh,p7_zm_der_pswitch_handle_lod0cee74aa4
xmodelmesh,p7_zm_der_pswitch_handle_lod0d4f6da1f
xmodelmesh,p7_zm_der_pswitch_handle_lod0d75f8d9e
xmodelmesh,p7_zm_vending_packapunch_lod0154ac890
xmodelmesh,p7_zm_vending_packapunch_lod053be907d
xmodelmesh,p7_zm_vending_packapunch_lod06728f20b
xmodelmesh,p7_zm_vending_packapunch_lod0695684a2
xmodelmesh,p7_zm_vending_packapunch_lod0a8ad376e
xmodelmesh,p7_zm_vending_packapunch_lod0c57e5236
xmodelmesh,p7_zm_vending_packapunch_lod0e27f6c62
xmodelmesh,p7_zm_vending_packapunch_lod0fe3f6618
xmodelmesh,p7_zm_vending_packapunch_weapon_lod02b8eda8
xmodelmesh,p7_zm_vending_pap_body_col75e90a9
xmodelmesh,t6_skyboxfb7b39d6
material,ei/gfx_gel_drops_full_lite_spec|dup
material,ei/gfx_light_ray_spread_streaks_em
material,ei/gfx_light_ray_spread_streaks_em|dup
material,luts_t7_default
material,mc/bullet_collision_wood
material,mc/invisible
material,mc/mtl_c_zom_der_zombie_body1
material,mc/mtl_c_zom_der_zombie_body1_chest
material,mc/mtl_c_zom_der_zombie_body2
material,mc/mtl_c_zom_der_zombie_body2_skin
material,mc/mtl_c_zom_der_zombie_gear_g43pouch
material,mc/mtl_c_zom_der_zombie_gear_k98pouch
material,mc/mtl_c_zom_der_zombie_gear_knife
material,mc/mtl_c_zom_der_zombie_gear_mp40pouch
material,mc/mtl_c_zom_der_zombie_head1
material,mc/mtl_c_zom_der_zombie_head1u
material,mc/mtl_c_zom_der_zombie_head2
material,mc/mtl_c_zom_der_zombie_head3
material,mc/mtl_c_zom_der_zombie_helmet1
material,mc/mtl_c_zom_zod_zombie_fem_body_1_skin
material,mc/mtl_c_zom_zod_zombie_fem_boots
material,mc/mtl_p6_zm_barricade_board_upgrade
material,mc/mtl_p7_cinder_block
material,mc/mtl_p7_wood_plank_rustic_2x12x96
material,mc/mtl_p7_zm_der_plank_wood_01
material,mc/mtl_p7_zm_der_pswitch_body
material,mc/mtl_p7_zm_der_pswitch_body_brass
material,mc/mtl_p7_zm_der_pswitch_body_plastic
material,mc/mtl_p7_zm_der_pswitch_body_plastic_red
material,mc/mtl_p7_zm_der_pswitch_bulb
material,mc/mtl_p7_zm_der_pswitch_glass
material,mc/mtl_p7_zm_der_pswitch_handle
material,mc/mtl_p7_zm_der_pswitch_handle_blk
material,mc/mtl_p7_zm_der_pswitch_handle_red
material,mc/mtl_p7_zm_der_teleporter_control_gauge
material,mc/mtl_p7_zm_vending_packapunch
material,mc/mtl_p7_zm_vending_packapunch_sign
material,mc/mtl_p7_zm_vending_packapunch_sign_wait
material,mc/mtl_p7_zm_vending_pap_bottom_back
material,mc/mtl_p7_zm_vending_pap_detail
material,mc/mtl_p7_zm_vending_pap_frame_left
material,mc/mtl_p7_zm_vending_pap_frame_right
material,mc/mtl_p7_zm_vending_pap_front_side
material,mc/mtl_p7_zm_vending_pap_leather
material,mc/mtl_p7_zm_vending_pap_leather_scroll
material,mc/mtl_p7_zm_vending_pap_logo
material,mc/mtl_p7_zm_vending_pap_roller
material,mc/mtl_p7_zm_vending_pap_side_inside
material,mc/mtl_p7_zm_vending_pap_top
material,mc/mtl_p7_zm_vending_pap_top_main
material,mc/mtl_skybox_default_black
material,mc/mtl_skybox_default_day
material,wc/$default3d
material,wc/script_floor_ceiling
material,wc/script_wall
material,wc/shadowcaster
material,wc/t7_zm_chalk_buy_krm
techset,mc/emissive_add#e6142445
techset,mc/lit_backlit#e6142445
techset,mc/lit_micro_tile_blend_advanced#e6142445
techset,mc/lit_micro_tiled#e6142445
techset,mc/lit_scroll_rotate#e6142445
techset,mc/sky_hdr#e6142445
techset,mc/sky_latlong_hdr#e6142445
techset,wc/default#882572b8
techset,wc/lit#882572b8
techset,wc/lit_emissive_scroll_transparent#882572b8
techset,wc/shadowcaster#882572b8
image,core_script_floor_ceiling_c
image,core_script_wall_c
image,fxt_light_ray_spread_streaks
image,i_c_gen_reveal_2k_sq_r
image,i_c_zom_der_zombie_body1_ao
image,i_c_zom_der_zombie_body1_c
image,i_c_zom_der_zombie_body1_chest_ao
image,i_c_zom_der_zombie_body1_chest_c
image,i_c_zom_der_zombie_body1_chest_g
image,i_c_zom_der_zombie_body1_chest_n
image,i_c_zom_der_zombie_body1_g
image,i_c_zom_der_zombie_body1_n
image,i_c_zom_der_zombie_body2_ao
image,i_c_zom_der_zombie_body2_c
image,i_c_zom_der_zombie_body2_g
image,i_c_zom_der_zombie_body2_n
image,i_c_zom_der_zombie_body2_s
image,i_c_zom_der_zombie_body2_skin_ao
image,i_c_zom_der_zombie_body2_skin_c
image,i_c_zom_der_zombie_body2_skin_g
image,i_c_zom_der_zombie_body2_skin_n
image,i_c_zom_der_zombie_g43pouch_ao
image,i_c_zom_der_zombie_g43pouch_c
image,i_c_zom_der_zombie_g43pouch_g
image,i_c_zom_der_zombie_g43pouch_n
image,i_c_zom_der_zombie_g43pouch_s
image,i_c_zom_der_zombie_head1_ao
image,i_c_zom_der_zombie_head1_c
image,i_c_zom_der_zombie_head1_g
image,i_c_zom_der_zombie_head1_n
image,i_c_zom_der_zombie_head2_ao
image,i_c_zom_der_zombie_head2_c
image,i_c_zom_der_zombie_head2_g
image,i_c_zom_der_zombie_head2_n
image,i_c_zom_der_zombie_head3_ao
image,i_c_zom_der_zombie_head3_c
image,i_c_zom_der_zombie_head3_g
image,i_c_zom_der_zombie_head3_n
image,i_c_zom_der_zombie_helmet1_c
image,i_c_zom_der_zombie_helmet1_g
image,i_c_zom_der_zombie_helmet1_n
image,i_c_zom_der_zombie_helmet1_o
image,i_c_zom_der_zombie_k98pouch_ao
image,i_c_zom_der_zombie_k98pouch_c
image,i_c_zom_der_zombie_k98pouch_g
image,i_c_zom_der_zombie_k98pouch_n
image,i_c_zom_der_zombie_k98pouch_s
image,i_c_zom_der_zombie_knife_ao
image,i_c_zom_der_zombie_knife_c
image,i_c_zom_der_zombie_knife_g
image,i_c_zom_der_zombie_knife_n
image,i_c_zom_der_zombie_knife_s
image,i_c_zom_der_zombie_mp40pouch_ao
image,i_c_zom_der_zombie_mp40pouch_c
image,i_c_zom_der_zombie_mp40pouch_g
image,i_c_zom_der_zombie_mp40pouch_n
image,i_c_zom_der_zombie_mp40pouch_s
image,i_c_zom_zod_zombie_fem_body_1_skin_c
image,i_c_zom_zod_zombie_fem_body_1_skin_g
image,i_c_zom_zod_zombie_fem_body_1_skin_n
image,i_c_zom_zod_zombie_fem_boots_c
image,i_c_zom_zod_zombie_fem_boots_g
image,i_c_zom_zod_zombie_fem_boots_n
image,i_mtl_p7_cinder_block_c
image,i_mtl_p7_cinder_block_detail_n
image,i_mtl_p7_cinder_block_n
image,i_mtl_p7_wood_plank_rustic_2x12x96_c
image,i_mtl_p7_wood_plank_rustic_2x12x96_n
image,i_mtl_p7_zm_der_plank_wood_01_c
image,i_mtl_p7_zm_der_plank_wood_01_n
image,i_mtl_p7_zm_der_teleporter_control_gauge_c
image,i_mtl_p7_zm_pswitch_bulb_c
image,i_mtl_p7_zm_pswitch_bulb_t
image,i_mtl_p7_zm_pswitch_glass_c
image,i_mtl_p7_zm_pswitch_handle_m
image,i_mtl_p7_zm_pswitch_handle_n
image,i_mtl_p7_zm_pswitch_handle_o
image,i_mtl_p7_zm_pswitch_m
image,i_mtl_p7_zm_pswitch_n
image,i_mtl_p7_zm_pswitch_o
image,i_mtl_p7_zm_vending_packapunch_g
image,i_mtl_p7_zm_vending_packapunch_moving_c
image,i_mtl_p7_zm_vending_packapunch_moving_g
image,i_mtl_p7_zm_vending_packapunch_moving_n
image,i_mtl_p7_zm_vending_packapunch_moving_o
image,i_mtl_p7_zm_vending_packapunch_moving_s
image,i_mtl_p7_zm_vending_packapunch_moving_t
image,i_mtl_p7_zm_vending_packapunch_n
image,i_mtl_p7_zm_vending_packapunch_o
image,i_mtl_p7_zm_vending_packapunch_s
image,i_mtl_p7_zm_vending_packapunch_sign_wait_c
image,i_mtl_p7_zm_vending_packapunch_sign_wait_g
image,i_mtl_p7_zm_vending_packapunch_sign_wait_s
image,i_mtl_p7_zm_vending_pap_bottom_back_c
image,i_mtl_p7_zm_vending_pap_bottom_back_g
image,i_mtl_p7_zm_vending_pap_bottom_back_n
image,i_mtl_p7_zm_vending_pap_bottom_back_o
image,i_mtl_p7_zm_vending_pap_bottom_back_s
image,i_mtl_p7_zm_vending_pap_frame_left_c
image,i_mtl_p7_zm_vending_pap_frame_left_g
image,i_mtl_p7_zm_vending_pap_frame_left_n
image,i_mtl_p7_zm_vending_pap_frame_left_o
image,i_mtl_p7_zm_vending_pap_frame_left_s
image,i_mtl_p7_zm_vending_pap_frame_right_c
image,i_mtl_p7_zm_vending_pap_frame_right_g
image,i_mtl_p7_zm_vending_pap_frame_right_n
image,i_mtl_p7_zm_vending_pap_frame_right_o
image,i_mtl_p7_zm_vending_pap_frame_right_s
image,i_mtl_p7_zm_vending_pap_front_side_c
image,i_mtl_p7_zm_vending_pap_front_side_g
image,i_mtl_p7_zm_vending_pap_front_side_n
image,i_mtl_p7_zm_vending_pap_front_side_o
image,i_mtl_p7_zm_vending_pap_front_side_s
image,i_mtl_p7_zm_vending_pap_leather_c
image,i_mtl_p7_zm_vending_pap_leather_n
image,i_mtl_p7_zm_vending_pap_side_inside_c
image,i_mtl_p7_zm_vending_pap_side_inside_g
image,i_mtl_p7_zm_vending_pap_side_inside_n
image,i_mtl_p7_zm_vending_pap_side_inside_o
image,i_mtl_p7_zm_vending_pap_side_inside_s
image,i_mtl_p7_zm_vending_pap_top_c
image,i_mtl_p7_zm_vending_pap_top_g
image,i_mtl_p7_zm_vending_pap_top_main_c
image,i_mtl_p7_zm_vending_pap_top_main_g
image,i_mtl_p7_zm_vending_pap_top_main_n
image,i_mtl_p7_zm_vending_pap_top_main_o
image,i_mtl_p7_zm_vending_pap_top_main_s
image,i_mtl_p7_zm_vending_pap_top_n
image,i_mtl_p7_zm_vending_pap_top_o
image,i_mtl_p7_zm_vending_pap_top_s
image,i_t7_detail_wood_01
image,i_t7_micro_dusty_01_c
image,i_t7_micro_metal_grunge_pockmarks_01_c
image,i_t7_micro_metal_grunge_pockmarks_01_g
image,i_t7_micro_metal_grunge_pockmarks_01_n
image,i_t7_micro_metal_grunge_pockmarks_01_s
image,i_t7_micro_metal_grunge_scratch_fine_01_c
image,i_t7_micro_metal_grunge_scratch_fine_01_g
image,i_t7_micro_metal_grunge_scratch_fine_01_n
image,i_t7_micro_metal_rust_01_c
image,i_t7_micro_metal_rust_01_n
image,i_t7_zm_chalk_buy_krm_c
image,img_luts_curve_blend
image,p6_zm_barricade_board_upgrade_c
image,p6_zm_barricade_board_upgrade_n
image,shadow
image,skybox_default_black
image,skybox_default_day_ft
image,t7_cp_hud_tacmode_type_amws
image,zm_init_sample_map_BC3_SRGB_combo
image,zm_init_sample_map_BC4_combo
image,zm_init_sample_map_BC7_SRGB_combo
image,zm_init_sample_map_BC7_combo
sound,zm_init_sample_map
col_map,maps/zm/zm_init_sample_map.d3dbsp
com_map,maps/zm/zm_init_sample_map.d3dbsp
game_map,maps/zm/zm_init_sample_map.d3dbsp
map_ents,maps/zm/zm_init_sample_map.d3dbsp
gfx_map,maps/zm/zm_init_sample_map.d3dbsp
weapon,zombie_ai_defaultmelee_zm
fx,blood/fx_blood_gib_arm_sever_burst
fx,blood/fx_blood_gib_leg_sever_burst
fx,blood/fx_blood_impact_exp_body_lg_zmb
fx,blood/fx_blood_sword_trail_emitter_zod_zmb
fx,blood/fx_blood_trail_zmb
fx,zombie/fx_barrier_window_build_zmb
fx,zombie/fx_packapunch_zmb
scriptparsetree,scripts/zm/zm_init_sample_map.csc
scriptparsetree,scripts/zm/zm_init_sample_map.gsc
keyvaluepairs,zm_init_sample_map
surfacesounddef,zombfootstep_crouch_run_zomb
surfacesounddef,zombfootstep_crouch_walk_zomb
surfacesounddef,zombfootstep_ladder_hand_zomb
surfacesounddef,zombfootstep_prone_zomb
surfacesounddef,zombfootstep_run_zomb
surfacesounddef,zombfootstep_sprint_zomb
surfacesounddef,zombfootstep_walk_zomb
footsteptable,zombfootstep
zbarrier,zmcore_basicwoodbarrier
zbarrier,zmcore_packapunch
scriptbundle,c_54i_grunt_fx_table
scriptbundle,c_zom_der_zombie_gib_def
scriptbundle,c_zom_der_zombie_hat_gib_def
animselectortable,zm_genesis_zombie.ai_ast
animmappingtable,zm_genesis_zombie.ai_am
animstatemachine,zm_genesis_zombie.ai_asm
behaviortree,zm_genesis_zombie.ai_bt
lightdescription,gfx_dlight_gen_omni_r25-72942508
texturecombo,zm_init_sample_map
navmesh,maps/zm/zm_init_sample_map_navmesh
