xmodel,vol_decal_cube
xmodelmesh,vol_decal_cubecab7bcec
material,$additive
material,$additive_nodepth
material,$blend
material,$blend_nodepth
material,$line
material,$line_nodepth
material,$point
material,cinematic
material,cinematic_mp4
material,cinematic_mp4_add
material,cinematic_mp4_srgb
material,code_warning_bandwidth
material,code_warning_bandwidthlimited
material,code_warning_file
material,code_warning_fps
material,code_warning_gamestate
material,code_warning_scripterrors
material,color_clear
material,color_clear_stenciled
material,composite_result
material,depth_clear
material,ei/gfx_water_drip_lit
material,feedback_set_alpha
material,feedbackblend
material,feedbackreplace
material,feedbackreplacegamma2
material,filter_symmetric_1
material,filter_symmetric_2
material,filter_symmetric_3
material,filter_symmetric_4
material,filter_symmetric_5
material,filter_symmetric_6
material,filter_symmetric_7
material,filter_symmetric_8
material,generic_filter_randomfade
material,generic_filter_tactical_bootup
material,lensflare
material,lensflare_debug
material,lensflare_query
material,lensflare_query_debug
material,lensflare_query_max
material,lensflare_query_max_debug
material,light_corona
material,mc/depth_only
material,mc/rope
material,motion_vector_debug
material,permute_debug_counts
material,postfx_aberration
material,postfx_blur_gaussian
material,postfx_catseye
material,postfx_chaser
material,postfx_circlemask
material,postfx_cleanse
material,postfx_cleansepulse
material,postfx_codcaster_keyline
material,postfx_darken_screen
material,postfx_dragonstrike
material,postfx_eacpath
material,postfx_edge
material,postfx_electrified
material,postfx_frontend_locked_gun
material,postfx_frontend_token_locked_gun
material,postfx_fsblur
material,postfx_heatpulse
material,postfx_hitzone
material,postfx_hotzone1
material,postfx_keyline
material,postfx_keyline_depth
material,postfx_keyline_frontend
material,postfx_keyline_zombies
material,postfx_keyline_zombies_friendly
material,postfx_motionpulse
material,postfx_radialpulse
material,postfx_radioactive
material,postfx_randomfade
material,postfx_speedblur
material,postfx_tacscan
material,postfx_thermal
material,postfx_thermal_scanlines
material,postfx_transported
material,postfx_uihud
material,postfx_weakpoint
material,postfx_wobble
material,postfx_xray
material,resample_video_r709_f
material,resample_video_r709_l
material,resample_video_srgb_cb
material,resolve_color
material,resolve_depth
material,screenshot
material,shadowoverlay
material,shadowoverlay_cube
material,shellshock
material,shellshock_flashed
material,statmon_warning_tris
material,stenciloverlay
material,uie_aar_segment
material,uie_aberration
material,uie_aberration_blur_only
material,uie_aberration_cheap_blur
material,uie_aberration_no_blur
material,uie_angled_wipe_add
material,uie_angled_wipe_multiply
material,uie_angled_wipe_normal
material,uie_blackhat_waveform
material,uie_bow_launcher_reticle
material,uie_clock_add
material,uie_clock_multiply
material,uie_clock_normal
material,uie_comms_radial_distortion
material,uie_digital_noise
material,uie_ekg
material,uie_elliptical_ring
material,uie_emp
material,uie_expensive_blur
material,uie_feather_add
material,uie_feather_blend
material,uie_feather_edges
material,uie_feather_multiply
material,uie_flipbook
material,uie_flipbook_add
material,uie_flipbook_animated
material,uie_fractal
material,uie_fractal_reveal_grid
material,uie_fractal_string_reveal
material,uie_gaussian
material,uie_gradient
material,uie_mosaic
material,uie_mosaic_scene
material,uie_nineslice_add
material,uie_nineslice_normal
material,uie_pixel_tear
material,uie_rocket_launcher_lockon
material,uie_saturation_normal
material,uie_scanlines
material,uie_scanlines_add
material,uie_scene_blur_pass_1
material,uie_scene_blur_pass_1_nineslice
material,uie_scene_blur_pass_2
material,uie_scene_blur_pass_2_highquality
material,uie_slice
material,uie_smoke
material,uie_tile_scroll
material,uie_tile_scroll_animated
material,uie_tile_scroll_normal
material,uie_wipe
material,uie_wipe_delta
material,uie_wipe_delta_normal
material,uie_wipe_normal
material,volume_fpstool
material,watersheeting_color_distort_blur
material,white
material,white_replace
techset,2d_add#da7372ff
techset,2d_replace#da7372ff
techset,cinematic#da7372ff
techset,cinematic_mp4#da7372ff
techset,cinematic_mp4_add#da7372ff
techset,cinematic_mp4_srgb#da7372ff
techset,color_clear#da7372ff
techset,color_clear_stenciled#da7372ff
techset,composite_fx#da7372ff
techset,composite_result#da7372ff
techset,darken_screen#da7372ff
techset,depth_clear#da7372ff
techset,feedbackreplacegamma2#da7372ff
techset,filter_randomfade#da7372ff
techset,filter_symmetric_1#da7372ff
techset,filter_symmetric_2#da7372ff
techset,filter_symmetric_3#da7372ff
techset,filter_symmetric_4#da7372ff
techset,filter_symmetric_5#da7372ff
techset,filter_symmetric_6#da7372ff
techset,filter_symmetric_7#da7372ff
techset,filter_symmetric_8#da7372ff
techset,lensflare#da7372ff
techset,lensflare_add#da7372ff
techset,lensflare_add_nodepth#da7372ff
techset,lensflare_debug#da7372ff
techset,lensflare_query#da7372ff
techset,lensflare_query_debug#da7372ff
techset,lensflare_query_max#da7372ff
techset,lensflare_query_max_debug#da7372ff
techset,line#da7372ff
techset,line_nodepth#da7372ff
techset,mc/depth_only#e6142445
techset,mc/rope#e6142445
techset,motion_vector_debug#da7372ff
techset,passthru_alpha#da7372ff
techset,passthru_setalpha#da7372ff
techset,passthru_vertalpha#da7372ff
techset,permute_debug_counts#da7372ff
techset,point#da7372ff
techset,postfx_aberration#da7372ff
techset,postfx_blur_gaussian#da7372ff
techset,postfx_catseye#da7372ff
techset,postfx_chaser#da7372ff
techset,postfx_circlemask#da7372ff
techset,postfx_cleanse#da7372ff
techset,postfx_cleansepulse#da7372ff
techset,postfx_codcaster_keyline#da7372ff
techset,postfx_dragonstrike#da7372ff
techset,postfx_eacpath#da7372ff
techset,postfx_edge#da7372ff
techset,postfx_electrified#da7372ff
techset,postfx_fsblur#da7372ff
techset,postfx_heatpulse#da7372ff
techset,postfx_hitzone#da7372ff
techset,postfx_hotzone1#da7372ff
techset,postfx_keyline#da7372ff
techset,postfx_keyline_depth#da7372ff
techset,postfx_keyline_frontend#da7372ff
techset,postfx_keyline_zombies#da7372ff
techset,postfx_keyline_zombies_friendly#da7372ff
techset,postfx_motionpulse#da7372ff
techset,postfx_radialpulse#da7372ff
techset,postfx_radioactive#da7372ff
techset,postfx_randomfade#da7372ff
techset,postfx_speedblur#da7372ff
techset,postfx_tacscan#da7372ff
techset,postfx_thermal#da7372ff
techset,postfx_thermal_scanlines#da7372ff
techset,postfx_transported#da7372ff
techset,postfx_uihud#da7372ff
techset,postfx_weakpoint#da7372ff
techset,postfx_wobble#da7372ff
techset,postfx_xray#da7372ff
techset,resample_video_r709_f#da7372ff
techset,resample_video_r709_l#da7372ff
techset,resample_video_srgb_cb#da7372ff
techset,resolve_color#da7372ff
techset,resolve_depth#da7372ff
techset,screenshot#da7372ff
techset,shadowoverlay#da7372ff
techset,shadowoverlay_cube#da7372ff
techset,shell_shock#da7372ff
techset,shell_shock_flashed#da7372ff
techset,speed_burst#da7372ff
techset,stenciloverlay#da7372ff
techset,tools_blend#da7372ff
techset,uie_aar_segment#da7372ff
techset,uie_aberration#da7372ff
techset,uie_aberration_blur_only#da7372ff
techset,uie_aberration_cheap_blur#da7372ff
techset,uie_aberration_no_blur#da7372ff
techset,uie_angled_wipe_add#da7372ff
techset,uie_angled_wipe_multiply#da7372ff
techset,uie_angled_wipe_normal#da7372ff
techset,uie_blackhat_waveform#da7372ff
techset,uie_bow_launcher_reticle#da7372ff
techset,uie_clock_add#da7372ff
techset,uie_clock_multiply#da7372ff
techset,uie_clock_normal#da7372ff
techset,uie_comms_radial_distortion#da7372ff
techset,uie_digital_noise#da7372ff
techset,uie_ekg#da7372ff
techset,uie_elliptical_ring#da7372ff
techset,uie_emp#da7372ff
techset,uie_expensive_blur#da7372ff
techset,uie_feather_add#da7372ff
techset,uie_feather_blend#da7372ff
techset,uie_feather_edges#da7372ff
techset,uie_feather_multiply#da7372ff
techset,uie_flipbook#da7372ff
techset,uie_flipbook_add#da7372ff
techset,uie_flipbook_animated#da7372ff
techset,uie_fractal#da7372ff
techset,uie_fractal_reveal_grid#da7372ff
techset,uie_fractal_string_reveal#da7372ff
techset,uie_gaussian#da7372ff
techset,uie_gradient#da7372ff
techset,uie_mosaic#da7372ff
techset,uie_mosaic_scene#da7372ff
techset,uie_nineslice_add#da7372ff
techset,uie_nineslice_normal#da7372ff
techset,uie_pixel_tear#da7372ff
techset,uie_rocket_launcher_lockon#da7372ff
techset,uie_saturation_normal#da7372ff
techset,uie_scanlines#da7372ff
techset,uie_scanlines_add#da7372ff
techset,uie_scene_blur_pass_1#da7372ff
techset,uie_scene_blur_pass_1_nineslice#da7372ff
techset,uie_scene_blur_pass_2#da7372ff
techset,uie_slice#da7372ff
techset,uie_smoke#da7372ff
techset,uie_tile_scroll#da7372ff
techset,uie_tile_scroll_animated#da7372ff
techset,uie_tile_scroll_normal#da7372ff
techset,uie_wipe#da7372ff
techset,uie_wipe_delta#da7372ff
techset,uie_wipe_delta_normal#da7372ff
techset,uie_wipe_normal#da7372ff
image,$black
image,$blacktransparent
image,$blank
image,$env_brdf_generic
image,$env_brdf_glass
image,$gray
image,$gray_color
image,$lineargray
image,$whitetransparent
image,black
image,blacktransparent
image,decal_thickrope1_c
image,decal_thickrope1_n
image,frontend_gun_glitch_1
image,frontend_gun_glitch_2
image,frontend_gun_sonar_c
image,fullscreen_fire
image,fxt_water_drip
image,i_blur_mask
image,i_speed_burst_iris_c
image,i_watersheeting_color_distort_blur_normal
image,img_comms_arc
image,img_comms_dashes
image,img_comms_noise
image,img_fullscreen_distort
image,img_fullscreen_electric_shock
image,img_t7_hud_noise_urand
image,img_uie_match_begins_in_outline
image,img_uie_match_begins_in_solid
image,img_volume_fpstool
image,statmon_warning_bandwidth
image,statmon_warning_bandwidthlimit
image,statmon_warning_gamestate
image,statmon_warning_scripterrors
image,statmon_warning_tris
image,sun_flare
image,t7_hud_color_grad
image,t7_hud_cp_ev_noise
image,t7_hud_cp_ev_uv
image,t7_hud_cp_tmode_fuzz
image,t7_hud_cp_tmode_greenzone
image,t7_hud_cp_tmode_grenade
image,t7_hud_cp_tmode_hotzone_a
image,t7_hud_cp_tmode_hotzone_b
image,t7_hud_cp_tmode_hotzone_c
image,t7_hud_cp_tmode_hotzone_d
image,t7_hud_cp_tmode_hotzone_reveal
image,t7_hud_cp_tmode_weakzone
image,t7_hud_dot_mesh
image,t7_zm_sta_dragonstrike_target
image,uie_ekg
image,uie_fractal_dot_tile
image,uie_fractal_noise
image,uie_fractal_trimask
image,warning@file
image,warning@fps
lightdef,light_dynamic
keyvaluepairs,core_gfx
scriptbundle,pstfx_randomfade
scriptbundle,pstfx_tactical_bootup
sanim,default_sanim
